Time,Indoor Temp,Weather Temp,CO2,Relative Humidity,Lighting,Rain,Sun,Wind,Sunlight(West),Sunlight(East),Sunlight(South),Sun Irradiance,Outdoor Temp,Outdoor Relative Humidity
1145,18.1875,0.0,216.56,39.9125,81.665,0.0,623.36,1.42625,9690.24,12604.2,95436.8,758.88,18.115,48.375
1200,18.4633,6.8,219.947,39.9267,81.7413,0.0,623.211,1.592,11022.0,10787.2,95436.8,762.069,18.4147,47.808
1215,18.7673,17.0,219.403,39.772,81.424,0.0,622.656,1.89133,13960.5,9669.63,95398.6,766.251,18.8533,47.432
1230,19.0727,18.0,218.613,39.776,81.5013,0.0,622.571,1.828,18511.2,9648.13,95360.3,766.037,19.2907,47.024
1245,19.3721,20.0,217.714,39.7757,81.4657,0.0,622.4,2.36071,26349.0,9208.32,95354.9,762.743,19.74,45.4743
1300,19.6407,20.0,218.389,39.8107,81.2427,0.0,622.4,2.06333,36511.7,8694.78,95354.9,752.683,20.166,45.5467
1315,19.912,20.0,218.155,39.8613,81.36,0.0,622.4,2.23067,49288.5,8501.25,95354.9,740.949,20.566,44.968
1330,20.164,20.0,216.661,39.824,81.024,0.0,621.803,1.924,62253.7,8687.62,95174.7,721.109,20.8427,45.1813
1345,20.412,20.0,217.461,39.9587,81.104,0.0,620.651,2.51067,71453.4,8888.32,91848.7,699.392,21.204,45.416
1400,20.64,20.0,215.349,39.94,81.1813,0.0,620.309,2.65333,80076.8,9046.02,87217.5,677.675,21.5227,45.0213
1415,20.8453,20.0,213.888,39.9813,61.0693,0.0,619.755,2.82667,86682.3,9182.21,81720.7,648.427,21.756,44.36
1430,21.0333,20.0,215.413,40.3587,51.2373,0.0,619.712,2.49467,88648.4,9347.07,75380.1,615.68,21.984,44.7947
1445,21.2333,20.0,216.021,40.9107,43.3733,0.0,619.328,2.466,91406.3,9712.64,68515.2,582.869,22.108,43.984
1500,21.4293,19.6667,216.256,41.1987,36.2653,0.0,619.243,2.432,90472.4,9963.52,60604.4,544.533,22.1373,44.5467
1515,21.488,19.0,213.173,41.88,34.476,0.0,619.157,1.732,88391.7,9655.3,52794.7,503.744,22.08,44.7813
1530,21.524,18.6667,211.093,43.2213,31.1267,0.0,618.944,1.89133,89134.4,8651.78,44743.3,460.523,21.9373,45.6773
1545,21.584,18.2,211.157,43.3653,21.442,0.0,618.645,1.64267,88462.7,7906.3,36479.0,415.744,21.7067,45.5173
1600,21.612,18.0,209.419,42.744,20.822,0.0,618.56,1.59067,85333.3,7433.22,28270.6,368.917,21.4667,45.2373
1615,21.664,18.0,209.408,42.216,20.8233,0.0,618.56,1.732,84587.9,7175.17,21476.7,320.448,21.1773,45.0747
1630,21.6853,18.0,209.547,41.976,21.2633,0.0,618.517,1.59,78588.6,6831.1,16318.5,271.723,20.9373,45.072
1645,21.788,18.0,212.715,41.52,20.4807,0.0,617.92,1.94733,74555.4,6515.71,12792.5,222.443,20.7107,44.128
1700,21.832,18.7333,212.405,41.3253,20.742,0.0,617.792,1.564,65830.9,5899.26,10106.2,173.835,20.4627,43.2747
1715,21.808,19.0,212.064,40.8667,20.84,0.0,617.109,1.544,40424.4,4243.46,6537.22,101.244,20.2047,43.6107
1730,21.768,18.6667,211.211,40.9813,20.9207,0.0,615.957,1.08867,3024.9,2229.25,2042.88,24.6653,19.976,45.8293
1745,21.7133,18.0,211.051,41.4107,19.4407,0.0,615.36,0.844667,2207.74,1576.96,1512.45,15.57,19.756,47.0693
1800,21.66,18.0,210.763,41.992,11.5887,0.0,614.592,1.442,1017.86,222.208,293.888,5.00933,19.5273,49.5467
1815,21.596,18.0,210.571,43.1973,11.5073,0.0,585.984,0.969333,0.0,0.0,0.0,-2.93933,19.3013,52.2027
1830,21.5307,17.8667,209.92,43.8213,11.5073,0.0,150.851,0.798667,0.0,0.0,0.0,-3.904,19.0413,53.8053
1845,21.4493,17.0,209.792,44.3893,11.5073,0.0,4.60667,0.228,0.0,0.0,0.0,-3.708,18.768,54.928
1900,21.3747,17.0,210.059,44.68,11.4427,0.0,0.782,0.324,0.0,0.0,0.0,-3.64267,18.4967,55.752
1915,21.276,16.2667,210.069,44.64,11.426,0.0,0.65,0.716,0.0,0.0,0.0,-3.708,18.23,56.0213
1930,21.1987,15.6667,209.909,44.8213,11.3113,0.0,0.65,0.110667,0.0,0.0,0.0,-3.904,18.0053,56.584
1945,21.0933,15.6,210.656,44.7493,11.67,0.0,0.65,0.661333,0.0,0.0,0.0,-3.57733,17.7807,57.5387
2000,21.0,15.0,210.667,44.5867,11.524,0.0,0.65,0.615333,0.0,0.0,0.0,-3.64267,17.576,57.9147
2015,20.9053,15.0,209.877,44.3227,11.6053,0.0,0.65,0.458667,0.0,0.0,0.0,-3.64267,17.3707,57.5893
2030,20.816,15.0,210.315,44.4693,11.7847,0.0,0.65,0.132,0.0,0.0,0.0,-3.64267,17.1607,57.1467
2045,20.72,15.0,209.429,44.0507,11.4427,0.0,0.65,0.119333,0.0,0.0,0.0,-3.512,16.9407,57.1653
2100,20.628,15.0,209.216,43.6827,11.5887,0.0,0.65,0.0,0.0,0.0,0.0,-3.38133,16.6853,57.1813
2115,20.5253,14.6,210.539,43.8027,11.524,0.0,0.65,0.0,0.0,0.0,0.0,-3.57733,16.416,57.2453
2130,20.43,14.0667,211.04,43.624,11.5887,0.0,0.694,0.0,0.0,0.0,0.0,-3.38133,16.22,57.3653
2145,20.3147,12.9333,211.317,43.136,11.524,0.0,0.65,0.0,0.0,0.0,0.0,-3.44667,16.0547,57.5253
2200,20.2133,12.0,212.384,43.2,11.6053,0.0,0.65,0.0,0.0,0.0,0.0,-3.512,15.876,57.712
2215,20.114,12.0,213.163,42.8533,11.524,0.0,0.65,0.0,0.0,0.0,0.0,-3.44667,15.7213,57.896
2230,20.0053,11.6,213.472,42.7333,11.7847,0.0,0.65,0.0,0.0,0.0,0.0,-3.44667,15.5673,58.0133
2245,19.9007,10.1333,214.827,42.6853,11.6053,0.0,0.65,0.0,0.0,0.0,0.0,-3.38133,15.4147,57.928
2300,19.7953,10.3333,214.336,42.1973,11.524,0.0,0.65,0.0,0.0,0.0,0.0,-3.512,15.26,58.048
2315,19.6773,11.0,215.136,41.9947,11.524,0.0,0.65,0.0,0.0,0.0,0.0,-3.44667,15.066,58.0107
2330,19.5727,11.0,216.384,41.7573,11.6053,0.0,0.65,0.0,0.0,0.0,0.0,-3.316,14.864,57.864
2345,19.442,10.2667,216.971,41.3467,11.524,0.0,0.65,0.0,0.0,0.0,0.0,-3.18533,14.6387,57.7173
0,19.3327,10.0,217.835,41.432,11.6053,0.0,0.65,0.0,0.0,0.0,0.0,-3.25067,14.4433,57.5627
15,19.238,9.46667,219.115,41.0427,11.6053,0.0,0.65,0.0,0.0,0.0,0.0,-3.316,14.2667,57.472
30,19.0933,9.0,219.2,41.0133,11.524,0.0,0.738,0.0,0.0,0.0,0.0,-3.44667,13.9887,57.7253
45,18.962,9.0,221.493,41.152,11.524,0.0,0.65,0.0,0.0,0.0,0.0,-3.44667,13.7673,58.3413
100,18.8533,9.0,222.229,41.152,11.5073,0.0,0.65,0.0,0.0,0.0,0.0,-3.18533,13.6213,58.496
115,18.7267,9.0,222.155,41.0427,11.6867,0.0,0.65,0.0,0.0,0.0,0.0,-3.18533,13.522,58.1013
130,18.6073,9.0,222.741,40.9627,11.524,0.0,0.65,0.0,0.0,0.0,0.0,-3.18533,13.3787,57.44
145,18.5007,9.0,221.515,40.708,11.7847,0.0,0.65,0.0,0.0,0.0,0.0,-3.38133,13.1973,57.5707
200,18.36,8.86667,222.304,40.6213,11.7033,0.0,0.65,0.0,0.0,0.0,0.0,-3.316,12.9067,57.4293
215,18.2387,8.0,222.411,40.712,11.6867,0.0,0.65,0.0,0.0,0.0,0.0,-3.12,12.6573,57.3867
230,18.09,8.0,222.08,40.6547,11.7847,0.0,0.65,0.0,0.0,0.0,0.0,-3.316,12.5453,57.3787
245,17.9553,8.4,222.432,40.672,11.4427,0.0,0.694,0.0,0.0,0.0,0.0,-3.12,12.398,57.3493
300,17.8333,7.8,221.12,40.676,11.768,0.0,0.65,0.0,0.0,0.0,0.0,-3.18533,12.29,56.8533
315,17.7047,7.0,220.853,40.488,11.524,0.0,0.65,0.168,0.0,0.0,0.0,-3.18533,12.176,56.6053
330,17.5733,7.0,218.784,40.3333,11.7847,0.0,0.65,0.508,0.0,0.0,0.0,-3.10733,12.1367,56.2693
345,17.4713,7.0,216.373,40.4413,11.6053,0.0,0.65,0.0413333,0.0,0.0,0.0,-3.25067,12.072,56.0453
400,17.3667,7.0,216.043,40.4253,11.9473,0.0,0.65,0.0,0.0,0.0,0.0,-3.12,11.9873,55.984
415,17.268,7.0,214.187,40.372,11.622,0.0,0.65,0.230667,0.0,0.0,0.0,-3.18533,11.9167,56.0373
430,17.126,7.0,213.003,40.3133,11.7847,0.0,0.65,0.663333,0.0,0.0,0.0,-3.17267,11.8633,56.0667
445,16.9933,7.0,212.619,40.312,11.6053,0.0,0.65,1.298,0.0,0.0,0.0,-3.25067,11.836,56.1867
500,16.904,6.66667,211.168,40.3413,11.6053,0.0,0.65,0.706,0.0,0.0,0.0,-3.25067,11.7567,56.104
515,16.83,6.0,211.317,40.376,11.622,0.0,0.65,0.0,0.0,0.0,0.0,-3.12,11.6907,56.0907
530,16.7333,6.13333,211.2,40.372,11.866,0.0,0.782,0.0,0.0,0.0,0.0,-3.12,11.5713,56.4747
545,16.61,6.8,210.304,40.4253,11.768,0.0,2.54133,0.0,0.0,0.0,0.0,-3.18533,11.3687,57.0773
600,16.504,7.0,210.571,40.48,11.524,0.0,66.166,0.0,0.0,0.0,0.0,-3.18533,11.2627,56.8853
615,16.3927,6.06667,211.072,40.4373,11.6053,0.0,499.723,0.0,0.0,0.0,0.0,-2.19667,11.1727,56.9093
630,16.282,6.0,211.093,40.448,11.6053,0.0,611.84,0.0,150.528,2042.88,738.304,6.454,11.1,56.9573
645,16.178,6.0,211.467,40.44,20.0447,0.0,612.651,0.0,4107.26,22017.0,7059.8,32.7267,11.03,57.088
700,16.1087,6.0,213.557,40.4507,21.328,0.0,614.507,0.0,7877.63,43632.0,16936.3,72.7547,11.0,56.8347
715,16.0233,6.0,215.221,40.348,21.4893,0.0,616.085,0.127333,9734.14,54998.4,26204.8,116.608,11.09,56.12
730,15.99,6.33333,215.093,40.508,21.5073,0.0,617.408,0.0,11285.8,62906.4,35655.7,164.304,11.2253,55.3573
745,15.96,7.0,215.424,40.556,21.3453,0.0,618.773,0.0,12533.8,69208.7,44455.3,214.869,11.4613,54.4987
800,15.97,7.66667,215.509,40.6867,21.166,0.0,619.413,0.0,13487.4,72149.7,51937.3,264.331,11.778,53.9627
815,15.9967,9.0,215.488,40.7867,21.246,0.0,620.139,0.0,14361.3,74227.7,59392.0,313.227,12.1447,54.224
830,16.038,9.2,215.872,40.868,27.3667,0.0,620.821,0.0,15451.5,75502.9,67114.3,361.685,12.57,55.1733
845,16.1227,9.73333,215.211,40.9867,32.492,0.0,621.547,0.0,17179.3,75882.5,73408.5,406.677,13.0093,56.2373
900,16.246,10.0,216.181,40.9,41.516,0.0,622.357,0.0,18683.9,76455.9,79055.5,449.92,13.4953,56.9333
915,16.4007,11.6,215.413,40.6547,41.4173,0.0,622.656,0.192,17724.8,78654.1,84863.7,495.829,14.0053,56.792
930,16.6693,13.6667,216.811,40.2733,49.7333,0.0,623.083,0.174,15824.9,75707.7,89205.4,533.163,14.52,55.752
945,16.9007,15.0,218.272,40.172,51.9147,0.0,623.211,0.440667,14361.9,72237.1,93743.8,574.272,15.106,55.08
1000,17.1213,15.6667,219.808,40.1813,51.5707,0.0,624.32,0.764667,13043.0,67125.2,95660.7,612.971,15.6,54.1627
1015,17.3767,17.0,221.44,40.22,53.9013,0.0,624.32,0.392,11896.1,58480.0,95649.8,641.6,16.0653,53.416
1030,17.7033,17.6667,225.109,40.3733,81.6827,0.0,624.32,0.909333,11179.3,48507.6,95584.3,667.733,16.586,52.92
1045,18.096,19.0,232.331,40.4653,81.4827,0.0,623.979,1.20267,10685.4,36554.1,95518.7,692.011,17.142,52.8747
1100,18.4513,19.0,238.752,40.832,81.7413,0.0,623.467,1.49733,10157.1,25960.4,95475.0,718.251,17.636,52.696
1115,18.76,19.0,243.904,41.0307,81.6613,0.0,623.04,1.868,9640.96,19033.4,95425.9,741.12,18.03,52.0427
1130,19.122,19.0,267.189,41.836,81.4213,0.0,623.04,1.93467,9411.58,15601.0,95431.3,754.987,18.3747,52.0773
1145,19.546,19.0,283.349,42.432,81.424,0.0,622.656,2.028,9777.15,13444.4,95382.2,763.52,18.6873,52.4213
1200,20.0367,19.0,322.869,43.0747,81.4827,0.0,622.4,1.992,11366.1,11158.2,95354.9,771.627,18.9767,52.688
1215,20.4673,19.7333,357.781,42.1147,81.6613,0.0,622.144,2.25667,14368.8,10135.6,95311.2,776.619,19.248,53.16
1230,20.832,19.4667,396.843,42.1467,81.4427,0.0,622.229,1.81,18976.8,10092.5,95344.0,775.253,19.5893,53.3893
1245,21.216,19.0,445.248,42.4773,81.3227,0.0,622.4,2.034,26528.4,9640.96,95354.9,771.456,19.9793,53.2213
1300,21.6253,19.0,445.803,44.2933,81.2613,0.0,622.101,1.952,37169.8,9017.34,95278.4,762.795,20.274,53.2027
1315,21.8947,19.0,428.928,43.0907,81.3413,0.0,621.76,1.90133,49610.8,8759.3,95300.3,749.952,20.5307,53.112
1330,22.1773,19.1333,436.117,43.2027,80.9227,0.0,621.461,2.008,62794.4,8902.66,95163.7,731.392,20.88,53.008
1345,22.3373,19.7333,401.237,43.0427,81.1013,0.0,620.48,2.08933,72485.5,8967.17,91799.6,712.491,21.2107,52.6907
1400,22.4733,20.0,378.453,42.8373,81.0827,0.0,620.48,1.63933,81002.5,9053.18,86911.7,686.507,21.5027,52.288
1415,22.612,20.0,352.171,43.0427,64.8453,0.0,620.352,1.872,88124.1,9218.05,81589.6,657.472,21.844,51.784
1430,22.7813,20.0,308.576,43.7227,51.416,0.0,619.84,1.82067,91045.9,9447.42,75524.8,627.84,22.196,50.8
1445,22.912,20.0,292.971,43.672,50.6347,0.0,619.84,1.96067,93498.0,9784.32,68381.4,594.283,22.3693,49.4987
1500,22.992,20.0,277.387,43.4987,41.9733,0.0,619.328,1.782,93066.6,9992.19,60907.5,558.443,22.32,48.1893
1515,23.088,20.0,263.808,43.064,38.6867,0.0,619.2,2.03067,91258.9,9612.29,52974.9,518.827,22.136,46.432
1530,23.148,20.0,243.435,42.0827,31.0453,0.0,618.816,1.84467,92160.0,8673.28,44761.1,476.373,21.8853,45.1947
1545,23.164,20.0,232.693,41.124,23.004,0.0,618.603,2.00933,91930.6,7985.15,36319.2,431.253,21.5827,44.3787
1600,23.132,19.8667,224.021,40.4133,20.8053,0.0,618.56,1.56,88861.4,7533.57,27955.2,383.637,21.2467,44.2373
1615,23.128,19.0,219.52,39.9333,20.742,0.0,618.56,1.636,88479.1,7347.2,21349.0,334.421,20.9627,44.0347
1630,23.0627,19.0,216.501,39.2667,20.9027,0.0,618.091,1.498,82580.8,7081.98,16311.6,285.024,20.6947,43.544
1645,22.996,19.0,216.619,38.8173,20.6607,0.0,617.92,1.782,78711.5,6773.76,12907.9,234.805,20.4427,43.4693
1700,22.9333,19.0,213.557,38.384,20.562,0.0,617.323,1.246,70421.2,6207.49,10277.9,184.949,20.1167,43.048
1715,22.8213,19.0,211.445,37.8173,20.822,0.0,616.811,1.578,48251.2,4652.03,7182.34,116.075,19.8167,43.36
1730,22.716,18.8,210.795,37.912,20.9213,0.0,615.573,1.254,2788.35,2386.94,1978.37,24.2627,19.5533,44.864
1745,22.5893,18.2667,209.877,39.0733,20.6607,0.0,614.464,1.41867,2085.89,1734.66,1526.78,15.6347,19.3293,48.3867
1800,22.484,18.0,209.483,40.848,11.328,0.0,613.973,0.780667,1103.87,473.088,451.584,5.62067,19.1287,51.8347
1815,22.3813,18.0,210.315,42.32,11.328,0.0,585.813,0.650667,0.0,0.0,0.0,-2.58867,18.9267,54.5067
1830,22.2627,17.3333,209.984,43.6133,11.622,0.0,111.133,1.11733,0.0,0.0,0.0,-3.64267,18.7113,56.8587
1845,22.156,16.0,210.101,44.5493,11.23,0.0,3.772,0.821333,0.0,0.0,0.0,-3.708,18.4533,58.408
1900,22.044,16.0,210.304,45.2853,11.426,0.0,0.738,0.563333,0.0,0.0,0.0,-3.77333,18.2053,59.5707
1915,21.92,16.0,209.835,45.816,11.6053,0.0,0.65,0.08,0.0,0.0,0.0,-3.77333,17.9927,60.184
1930,21.82,16.0,210.581,46.2747,11.328,0.0,0.65,0.052,0.0,0.0,0.0,-3.512,17.7647,61.1787
1945,21.6973,14.5333,209.835,46.184,11.6867,0.0,0.65,0.564,0.0,0.0,0.0,-3.512,17.5673,62.488
2000,21.5627,14.0,209.728,46.9147,11.3447,0.0,0.65,0.0,0.0,0.0,0.0,-3.708,17.3913,62.7653
2015,21.4453,14.0,210.101,47.2987,11.426,0.0,0.65,0.0,0.0,0.0,0.0,-3.64267,17.2,63.056
2030,21.304,14.0,210.016,47.3067,11.6867,0.0,0.65,0.0,0.0,0.0,0.0,-3.77333,16.996,62.96
2045,21.18,14.0,210.4,45.8533,11.328,0.0,0.65,0.48,0.0,0.0,0.0,-3.57733,16.8393,64.6267
2100,21.04,12.5333,210.507,45.2,11.524,0.0,0.65,0.783333,0.0,0.0,0.0,-3.77333,16.684,65.1147
2115,20.8987,12.0,211.072,44.824,11.6867,0.0,0.65,0.986667,0.0,0.0,0.0,-3.708,16.514,65.7627
2130,20.7747,12.0,211.264,44.8347,11.426,0.0,0.65,0.576,0.0,0.0,0.0,-3.708,16.3467,65.6587
2145,20.652,12.0,212.085,45.8827,11.6867,0.0,0.65,0.218,0.0,0.0,0.0,-3.25067,16.166,65.2187
2200,20.532,12.0,212.384,46.352,11.6053,0.0,0.65,0.0386667,0.0,0.0,0.0,-3.316,16.0053,65.2773
2215,20.4067,12.0,211.733,46.5333,11.426,0.0,0.65,0.0,0.0,0.0,0.0,-3.57733,15.8253,65.1707
2230,20.264,12.0,212.235,45.9653,11.6053,0.0,0.65,0.0,0.0,0.0,0.0,-3.57733,15.6493,65.072
2245,20.136,11.4667,212.064,45.736,11.426,0.0,0.65,0.0,0.0,0.0,0.0,-3.57733,15.4293,64.3813
2300,20.0227,11.0,212.32,44.936,11.524,0.0,0.65,0.0,0.0,0.0,0.0,-3.512,15.0953,63.3573
2315,19.866,10.0667,212.651,44.2427,11.6867,0.0,0.65,0.0,0.0,0.0,0.0,-3.18533,14.9067,64.584
2330,19.7607,9.66667,212.96,43.3253,11.6053,0.0,0.65,0.0,0.0,0.0,0.0,-3.38133,14.7893,64.9653
2345,19.8147,9.0,213.205,41.4853,11.7033,0.0,0.65,0.0,0.0,0.0,0.0,-3.25067,14.66,64.7307
0,19.8147,9.0,212.683,41.104,11.4427,0.0,0.65,0.0,0.0,0.0,0.0,-3.38133,14.4187,64.304
15,19.7553,9.0,212.907,40.976,11.4427,0.0,0.65,0.0,0.0,0.0,0.0,-3.38133,14.208,63.7627
30,19.6867,9.0,213.845,40.896,11.6867,0.0,0.65,0.0,0.0,0.0,0.0,-3.316,13.9453,63.152
45,19.5833,9.0,214.667,40.816,11.6053,0.0,0.65,0.036,0.0,0.0,0.0,-3.38133,13.6507,62.3547
100,19.482,8.66667,215.915,40.7413,11.524,0.0,0.65,0.426,0.0,0.0,0.0,-3.25067,13.3473,61.8907
115,19.3353,8.0,216.821,40.7107,11.7033,0.0,0.65,1.09733,0.0,0.0,0.0,-3.25067,13.1267,61.864
130,19.2267,8.0,216.715,40.66,11.6053,0.0,1.354,0.420667,0.0,0.0,0.0,-3.25067,12.918,65.3653
145,19.1367,8.53333,215.851,40.596,11.7033,0.0,1.926,0.326,0.0,0.0,0.0,-3.042,12.76,68.5467
200,19.05,9.0,214.56,40.5893,11.524,0.0,1.926,0.036,0.0,0.0,0.0,-3.12,12.668,69.3893
215,18.9727,8.06667,213.312,40.5733,11.524,0.0,1.794,0.0,0.0,0.0,0.0,-3.12,12.6267,69.824
230,18.8867,8.0,212.075,40.592,11.524,0.0,1.618,0.0386667,0.0,0.0,0.0,-3.25067,12.6133,69.8427
245,18.8027,7.86667,212.224,40.64,11.6867,0.0,1.618,0.529333,0.0,0.0,0.0,-3.18533,12.6033,70.5147
300,18.7287,7.33333,211.701,40.656,11.7847,0.0,1.838,0.106,0.0,0.0,0.0,-3.18533,12.5907,70.3573
315,18.6713,8.0,211.659,40.68,11.6053,0.0,1.838,0.0,0.0,0.0,0.0,-3.18533,12.5907,70.4267
330,18.6047,7.6,210.923,40.712,11.6867,0.0,1.662,0.182,0.0,0.0,0.0,-3.25067,12.5933,70.8453
345,18.5513,6.0,210.987,40.748,11.7847,0.0,1.442,0.163333,0.0,0.0,0.0,-3.38133,12.59,70.4533
400,18.5067,6.06667,211.968,40.848,11.4427,0.0,1.31,0.108667,0.0,0.0,0.0,-3.38133,12.5873,70.7333
415,18.4533,6.8,212.064,40.92,11.6867,0.0,1.31,0.0,0.0,0.0,0.0,-3.18533,12.5967,70.4453
430,18.4007,6.53333,212.576,41.0053,11.6867,0.0,1.31,0.0,0.0,0.0,0.0,-3.18533,12.6067,70.712
445,18.3567,6.0,212.245,41.048,11.768,0.0,1.31,0.0,0.0,0.0,0.0,-3.25067,12.6367,70.5333
500,18.33,5.46667,211.904,41.1387,11.6867,0.0,1.354,0.209333,0.0,0.0,0.0,-3.18533,12.668,70.8507
515,18.2827,5.0,211.883,41.2027,11.72,0.0,1.31,0.226,0.0,0.0,0.0,-3.38133,12.638,71.7493
530,18.2267,5.53333,211.008,41.232,11.5887,0.0,1.178,0.0,0.0,0.0,0.0,-3.12,12.522,71.92
545,18.1393,6.0,211.211,41.288,11.7033,0.0,2.49733,0.222,0.0,0.0,0.0,-3.316,12.3907,71.6027
600,18.068,5.66667,211.584,41.392,11.4427,0.0,81.974,0.0,0.0,0.0,0.0,-3.12,12.2227,71.28
615,18.0233,5.0,211.584,41.408,11.622,0.0,521.365,0.0,0.0,0.0,0.0,-2.6,12.0147,70.9653
630,17.956,5.0,212.149,41.4213,11.524,0.0,611.2,0.0,250.88,2100.22,852.992,6.12933,11.7967,70.4773
645,17.8847,4.86667,211.936,41.4347,21.0847,0.0,612.395,0.0,4609.02,27496.1,8249.34,41.1607,11.5727,70.1413
700,17.83,4.0,213.707,41.4213,20.9853,0.0,613.888,0.036,8350.72,46123.7,17544.5,83.4,11.4327,69.5067
715,17.7513,4.0,216.117,41.4053,21.3927,0.0,615.552,0.135333,10099.4,57300.3,26880.7,129.36,11.3953,69.0933
730,17.7287,4.0,217.141,41.4933,21.2467,0.0,617.067,0.044,11739.1,66830.3,37765.1,176.256,11.4167,68.5787
745,17.7133,5.46667,217.813,41.5413,21.5067,0.0,618.005,0.134667,12785.0,69779.5,44739.2,224.896,11.508,68.2907
800,17.7133,6.0,218.72,41.528,21.1487,0.0,618.645,0.202667,13839.7,73542.3,52985.9,270.869,11.6473,68.1093
815,17.708,6.53333,218.763,41.6453,22.548,0.0,619.072,0.274667,14814.5,76114.6,60964.9,324.117,11.7813,67.4933
830,17.596,7.0,218.4,42.0,31.208,0.0,619.413,0.736667,15773.7,76567.9,67777.9,374.293,11.93,66.8533
845,17.5847,8.33333,218.624,42.088,38.248,0.0,619.499,1.09467,17444.9,76895.6,73719.8,421.973,12.142,65.648
900,17.622,9.4,218.347,42.2347,41.3373,0.0,620.053,0.828,18720.1,76996.6,78736.0,465.877,12.3787,65.1947
915,17.704,12.0,218.528,42.3227,46.144,0.0,620.565,0.918667,17802.6,78946.3,84314.8,509.952,12.644,64.7307
930,17.82,12.0,218.987,42.3813,50.7707,0.0,621.12,0.663333,16547.8,74918.6,85955.9,545.472,12.988,63.672
945,17.918,12.0,218.197,42.3973,50.952,0.0,621.035,1.51933,15938.9,69296.1,85090.3,560.405,13.3487,63.792
1000,18.0507,12.5333,217.301,42.5067,56.6067,0.0,620.224,1.15467,16104.8,55211.3,71426.0,553.493,13.6793,64.4
1015,18.222,13.0,217.408,42.5867,75.1173,0.0,621.675,1.27067,15063.7,59460.3,89893.5,642.645,14.006,64.264
1030,18.3893,13.5333,216.555,42.4907,81.4827,0.0,622.357,1.62067,13868.4,50675.7,95360.3,670.485,14.3727,64.024
1045,18.58,14.0,215.989,42.464,81.3227,0.0,622.144,1.35267,13251.2,39370.8,95316.7,700.224,14.7233,63.7493
1100,18.7587,14.0,215.093,42.416,81.76,0.0,622.4,1.58267,12836.2,29567.7,95354.9,734.891,15.002,63.4907
1115,18.962,14.9333,214.827,42.456,81.2427,0.0,622.443,1.31133,12305.1,22515.7,95344.0,755.2,15.326,63.16
1130,19.164,15.0,214.261,42.48,81.4053,0.0,622.357,1.60533,12133.0,18776.7,95354.9,765.781,15.6967,62.84
1145,19.378,15.0,214.261,42.472,81.3413,0.0,622.315,1.682,12597.9,16126.6,95354.9,758.997,16.0347,62.488
1200,19.59,15.5333,215.019,42.4933,94.9867,0.0,622.101,1.63133,14499.2,13667.0,95344.0,776.789,16.4073,62.128
1215,19.7993,16.0,214.731,42.4773,97.3973,0.0,622.315,1.81733,17859.2,12455.3,95289.3,790.059,16.7633,61.8933
1230,19.9867,16.0,214.837,42.5067,83.2453,0.0,621.376,1.88467,20833.6,11122.3,94726.8,727.467,17.0687,61.6107
1245,20.1427,16.0,215.275,42.6213,81.1627,0.0,621.461,2.14067,28001.6,10742.4,95191.0,758.784,17.32,61.2667
1300,20.324,16.3333,214.88,42.7093,81.5013,0.0,621.376,2.348,39126.4,10372.1,95185.6,780.288,17.632,60.752
1315,20.5067,17.0,214.709,42.8053,81.184,0.0,621.376,2.004,52251.3,10020.9,95191.0,771.371,17.9767,60.0293
1330,20.6693,17.0,215.008,42.9707,81.0027,0.0,621.205,2.19867,64563.9,9970.69,94399.1,741.504,18.2567,59.336
1345,20.836,17.0,214.933,43.1547,80.96,0.0,620.053,1.92667,71335.9,9683.97,87668.1,695.36,18.5607,58.936
1400,20.972,17.0,214.539,43.4373,81.264,0.0,619.669,2.75067,80011.3,9856.0,83678.5,680.917,18.848,58.5147
1415,21.0907,17.0,214.293,43.832,58.5307,0.0,619.243,2.52467,85371.6,9934.85,77398.0,649.451,19.0727,58.0613
1430,21.232,17.0,212.576,44.224,49.4,0.0,618.987,2.56867,82528.9,9698.3,66794.8,585.749,19.2747,58.0507
1445,21.3573,17.0,212.277,44.7093,46.5987,0.0,618.603,2.466,83918.8,9970.35,60536.1,558.997,19.34,58.32
1500,21.44,16.4667,211.893,45.1173,36.768,0.0,618.219,2.74533,74973.2,9275.39,49109.7,481.195,19.2907,58.6
1515,21.508,16.0,210.4,45.64,33.9387,0.0,617.92,2.25333,76346.7,9425.92,44496.2,472.363,19.1147,58.9253
1530,21.5493,16.0,208.885,45.9973,29.7427,0.0,617.792,2.498,77968.7,9232.38,38858.8,450.752,18.9587,59.2533
1545,21.5587,16.0,208.181,46.184,31.224,0.0,617.835,1.97133,87831.9,9683.97,35452.2,457.259,18.764,59.5787
1600,21.584,16.0,207.104,46.3813,22.2067,0.0,617.92,2.032,85641.9,9318.4,28164.1,406.293,18.6033,59.9013
1615,21.5627,15.2667,206.901,46.4987,20.8227,0.0,617.92,1.89933,86603.1,8924.16,22265.2,355.52,18.4393,60.2
1630,21.544,15.0,205.621,46.5173,20.4807,0.0,617.707,1.94733,80074.1,8257.54,16871.4,298.368,18.2627,60.304
1645,21.508,15.0,205.493,46.568,20.9213,0.0,617.28,1.382,76382.2,7684.1,13208.2,245.109,18.098,60.4747
1700,21.436,15.0,205.781,46.6747,20.6433,0.0,616.981,1.56467,67827.0,6773.76,10328.7,189.035,17.9173,60.8907
1715,21.3613,15.0,205.92,46.8347,20.7413,0.0,616.427,1.77333,50734.4,5153.79,7626.75,125.161,17.6773,61.608
1730,21.2613,15.0,205.835,47.0907,20.8227,0.0,614.955,1.622,2895.87,2652.16,2164.74,27.412,17.472,62.4133
1745,21.164,15.0,204.544,47.3227,19.6207,0.0,614.016,0.963333,1806.34,1397.76,1175.55,16.5447,17.2827,62.8773
1800,21.0627,15.0,206.037,47.6053,11.524,0.0,613.76,0.844,71.68,0.0,0.0,4.24067,17.1053,63.6533
1815,20.9653,14.2667,205.195,47.9627,11.5073,0.0,570.837,0.931333,0.0,0.0,0.0,-2.74267,16.9207,64.456
1830,20.844,14.0,206.091,48.2773,11.328,0.0,118.075,0.908667,0.0,0.0,0.0,-3.57733,16.7213,65.064
1845,20.7307,14.0,206.229,48.56,11.524,0.0,3.86,0.358,0.0,0.0,0.0,-3.512,16.4993,65.5947
1900,20.62,13.4667,205.92,48.728,11.328,0.0,0.782,0.114667,0.0,0.0,0.0,-3.38133,16.318,66.0533
1915,20.512,13.0,207.061,48.912,11.6053,0.0,0.65,0.106667,0.0,0.0,0.0,-3.57733,16.138,66.6827
1930,20.3933,13.0,205.813,49.1013,11.426,0.0,0.65,0.036,0.0,0.0,0.0,-3.57733,15.9873,66.9307
1945,20.278,13.0,207.115,49.1893,11.524,0.0,0.65,0.0,0.0,0.0,0.0,-3.44667,15.8333,67.1573
2000,20.172,13.0,206.848,49.1973,11.6867,0.0,0.65,0.036,0.0,0.0,0.0,-3.38133,15.6733,67.52
2015,20.0567,13.0,206.805,49.232,11.5407,0.0,0.694,0.124,0.0,0.0,0.0,-3.57733,15.54,68.0933
2030,19.9253,13.0,207.232,48.9893,11.6053,0.0,0.65,0.277333,0.0,0.0,0.0,-3.38133,15.404,68.9067
2045,19.812,13.0,206.624,48.9707,11.524,0.0,0.65,0.196667,0.0,0.0,0.0,-3.38133,15.272,69.2613
2100,19.692,12.8667,206.944,48.984,11.5407,0.0,0.65,0.0,0.0,0.0,0.0,-3.57733,15.1407,69.4133
2115,19.5873,12.4,207.147,48.9733,11.524,0.0,0.65,0.0773333,0.0,0.0,0.0,-3.512,15.0093,69.4987
2130,19.46,12.0,206.784,48.6373,11.6053,0.0,0.65,0.127333,0.0,0.0,0.0,-3.57733,14.8713,69.504
2145,19.342,12.0,207.339,48.3307,11.524,0.0,0.65,0.0746667,0.0,0.0,0.0,-3.38133,14.75,69.24
2200,19.2353,11.3333,207.851,48.1013,11.524,0.0,0.65,0.0726667,0.0,0.0,0.0,-3.316,14.5993,69.008
2215,19.1,10.0,208.149,47.92,11.7847,0.0,0.65,0.052,0.0,0.0,0.0,-3.316,14.4087,68.7973
2230,18.9687,9.73333,210.069,47.344,11.6053,0.0,0.65,0.044,0.0,0.0,0.0,-3.18533,14.234,68.8453
2245,18.8733,9.0,210.432,47.6373,11.4427,0.0,0.65,0.0,0.0,0.0,0.0,-3.25067,14.0847,68.7707
2300,18.7487,8.93333,210.656,47.6213,11.524,0.0,0.65,0.0,0.0,0.0,0.0,-3.316,13.9373,68.7387
2315,18.6267,8.06667,210.72,46.968,11.6867,0.0,0.65,0.233333,0.0,0.0,0.0,-3.25067,13.77,68.896
2330,18.5293,8.0,210.603,47.0987,11.6053,0.0,0.65,0.0,0.0,0.0,0.0,-3.25067,13.63,68.4053
2345,18.4027,8.0,210.848,46.7173,11.524,0.0,0.65,0.0,0.0,0.0,0.0,-3.38133,13.4147,68.0667
0,18.2813,8.0,211.104,46.272,11.5887,0.0,0.65,0.0,0.0,0.0,0.0,-3.18533,13.212,67.68
15,18.1533,8.0,211.211,46.168,11.866,0.0,0.65,0.0,0.0,0.0,0.0,-3.12,13.0447,67.6347
30,18.0213,8.0,212.181,46.3547,11.524,0.0,0.694,0.0,0.0,0.0,0.0,-3.36867,12.864,68.024
45,17.8933,8.0,212.0,46.104,11.4427,0.0,0.65,0.0,0.0,0.0,0.0,-3.44667,12.74,67.768
100,17.7953,8.0,211.947,46.0133,11.426,0.0,0.65,0.0,0.0,0.0,0.0,-3.18533,12.6067,67.4987
115,17.67,8.0,213.024,45.912,11.6867,0.0,0.65,0.0,0.0,0.0,0.0,-3.12,12.4273,67.216
130,17.5487,8.0,212.587,45.768,11.6053,0.0,0.65,0.0,0.0,0.0,0.0,-3.25067,12.294,66.544
145,17.4327,7.06667,212.651,45.464,11.7847,0.0,0.65,0.113333,0.0,0.0,0.0,-3.25067,12.1653,65.6107
200,17.3387,7.0,211.659,45.2187,11.5073,0.0,0.65,0.0,0.0,0.0,0.0,-3.18533,12.0033,65.032
215,17.1967,7.0,210.379,45.2693,11.964,0.0,0.65,0.0,0.0,0.0,0.0,-3.18533,11.836,64.5467
230,17.072,6.26667,210.165,45.128,11.524,0.0,0.65,0.0,0.0,0.0,0.0,-3.25067,11.6933,64.2693
245,16.9487,6.0,209.621,44.968,11.6867,0.0,0.65,0.0,0.0,0.0,0.0,-3.18533,11.5667,63.6053
300,16.8467,6.0,208.885,44.9173,11.6053,0.0,0.65,0.0,0.0,0.0,0.0,-3.18533,11.4373,62.8187
315,16.726,6.0,208.747,44.7147,11.622,0.0,0.65,0.0,0.0,0.0,0.0,-3.18533,11.2773,62.4693
330,16.5987,6.0,207.456,44.6827,11.6867,0.0,0.65,0.0,0.0,0.0,0.0,-3.18533,11.0967,62.2507
345,16.4673,6.0,207.008,44.5253,11.7033,0.0,0.65,0.0,0.0,0.0,0.0,-3.18533,10.97,61.8213
400,16.3527,6.0,207.573,44.4773,11.524,0.0,0.65,0.0,0.0,0.0,0.0,-3.12,10.876,61.5733
415,16.214,6.0,206.347,44.4373,11.768,0.0,0.65,0.0933333,0.0,0.0,0.0,-3.12,10.696,61.4933
430,16.1107,5.46667,206.091,44.3653,11.622,0.0,0.65,0.0,0.0,0.0,0.0,-3.12,10.58,61.3627
445,16.0,5.0,206.325,44.3253,11.6867,0.0,0.65,0.0,0.0,0.0,0.0,-3.12,10.4827,61.1493
500,15.862,5.73333,205.653,44.3147,11.7033,0.0,0.65,0.0,0.0,0.0,0.0,-3.18533,10.4233,60.824
515,15.756,6.0,205.803,44.288,11.6867,0.0,0.65,0.0,0.0,0.0,0.0,-3.12,10.3267,60.8773
530,15.6367,6.0,205.643,44.28,11.622,0.0,0.826,0.0,0.0,0.0,0.0,-3.12,10.16,61.0667
545,15.5093,6.0,206.347,44.2827,11.7033,0.0,4.65067,0.0,0.0,0.0,0.0,-3.12,9.98333,61.2773
600,15.392,6.0,207.392,44.28,11.5073,0.0,111.833,0.228,0.0,0.0,0.0,-3.12,9.94,61.248
615,15.294,5.46667,207.445,44.2827,11.7847,0.0,558.379,0.0,0.0,344.064,0.0,-1.02667,9.90933,61.192
630,15.19,5.0,207.531,44.2853,12.808,0.0,611.243,0.0,322.56,2881.54,1261.57,9.37133,9.834,61.2347
645,15.0973,5.0,207.808,44.2827,21.148,0.0,612.309,0.0,3834.88,20702.9,6967.3,37.7533,9.79667,61.3147
700,15.0,5.0,207.403,44.272,21.264,0.0,613.717,0.0493333,7175.17,38000.0,15050.8,74.9173,9.82,61.5253
715,14.916,5.0,207.947,44.2267,21.2473,0.0,615.189,0.189333,9024.51,49269.4,23553.4,117.205,9.91467,61.6267
730,14.8547,5.4,208.309,44.2427,20.9853,0.0,616.341,0.282,10771.5,58141.4,32763.9,166.331,10.028,61.568
745,14.8233,5.73333,208.672,44.3253,21.3267,0.0,617.835,0.0,12291.4,66125.8,42344.4,219.573,10.19,61.096
800,14.83,6.66667,209.013,44.424,21.4913,0.0,619.072,0.0413333,13566.6,71060.1,50820.4,271.499,10.4513,60.4453
815,14.8587,8.0,208.821,44.4693,21.148,0.0,620.139,0.0,14584.5,73632.4,58447.2,319.851,10.8173,60.2133
830,14.9367,8.73333,208.544,44.488,31.224,0.0,621.035,0.254,15487.0,74874.9,65697.1,368.811,11.1913,60.4853
845,15.0327,9.0,208.971,44.456,37.8893,0.0,621.163,0.350667,17021.6,74809.3,71565.3,415.936,11.604,60.9333
900,15.1393,9.0,208.928,44.3947,41.516,0.0,621.205,0.372,18054.5,75462.0,76584.3,460.885,12.0213,61.392
915,15.2927,10.0667,209.493,44.36,47.432,0.0,621.547,0.467333,16906.9,76748.1,81854.5,503.765,12.458,61.8773
930,15.464,11.2667,209.397,44.1733,51.736,0.0,621.973,0.160667,15509.5,74375.2,86829.7,543.552,12.9287,62.0853
945,15.6707,12.6,209.845,44.0053,51.6693,0.0,622.4,0.484667,14390.6,71142.1,91111.4,579.541,13.398,61.856
1000,15.9227,13.3333,209.781,43.832,60.416,0.0,622.741,1.05733,13344.1,65792.7,94934.4,615.36,13.8253,61.7013
1015,16.1753,14.0,209.781,43.7387,81.7413,0.0,623.04,0.958667,12420.4,57445.0,95442.3,645.909,14.2833,61.672
1030,16.424,14.5333,209.952,43.7333,81.4827,0.0,622.997,1.47733,11680.4,47625.6,95436.8,676.736,14.73,61.1787
1045,16.724,15.0,210.453,43.752,81.7413,0.0,622.699,1.452,10971.8,36177.2,95387.6,707.541,15.1693,60.432
1100,16.9613,15.0,210.859,43.7707,81.6427,0.0,622.443,2.028,10485.4,26393.3,95354.9,733.995,15.5953,60.2453
1115,17.2313,15.0,210.965,43.816,81.6613,0.0,622.4,2.02,10243.1,19923.6,95354.9,746.667,15.944,60.0373
1130,17.484,15.0,211.733,43.92,81.6613,0.0,622.187,2.04867,10250.2,16734.2,95344.0,756.736,16.312,60.2213
1145,17.7447,15.0,212.203,43.9893,81.6827,0.0,621.845,2.406,10614.8,14511.4,95223.8,771.797,16.6567,60.512
1200,18.0153,15.0,212.384,44.1227,88.0853,0.0,621.76,2.156,12204.7,12176.0,95191.0,774.784,16.974,60.7653
1215,18.292,15.0,212.384,44.176,90.3387,0.0,621.419,2.64067,15214.6,10979.3,95191.0,779.136,17.2327,61.144
1230,18.546,15.0,211.925,44.2853,81.5013,0.0,621.632,2.10133,19602.1,10714.5,95191.0,773.589,17.5573,60.7253
1245,18.7927,15.0,211.957,44.376,81.5813,0.0,621.76,1.922,26659.5,10049.5,95191.0,771.584,17.8987,60.464
1300,18.9967,15.0,211.84,44.3093,81.1627,0.0,621.717,2.272,36664.7,9275.39,95191.0,761.685,18.2307,59.7813
1315,19.23,15.0,211.307,44.3813,81.3413,0.0,621.163,2.64,48483.0,9017.34,94792.4,746.624,18.5387,58.832
1330,19.4493,15.0,210.464,44.6533,81.184,0.0,620.352,2.50533,61065.9,9275.39,90920.3,732.331,18.8593,58.4213
1345,19.6587,15.0,210.667,44.784,81.1813,0.0,619.84,2.738,70180.9,9354.24,85803.0,708.949,19.236,58.56
1400,19.8467,15.0,210.251,45.088,81.2427,0.0,619.669,2.68733,78105.3,9397.25,81109.0,682.752,19.5153,58.3947
1415,20.0373,15.0,209.664,45.4507,63.3147,0.0,619.285,2.524,84929.2,9519.1,76073.6,654.336,19.8027,57.88
1430,20.2107,15.0,209.067,45.856,50.9813,0.0,619.2,2.21467,85614.6,9519.1,68523.3,606.165,20.034,57.288
1445,20.3667,15.0,208.629,46.1733,50.4427,0.0,619.029,2.59067,88566.4,9712.64,62559.6,585.493,20.17,56.1573
1500,20.5007,15.0,209.355,46.496,41.256,0.0,618.688,3.09733,88528.2,9719.81,55672.8,548.971,20.1833,54.7787
1515,20.612,15.0,208.501,46.6933,40.1507,0.0,618.347,2.55467,86594.9,9232.38,48048.8,510.656,20.034,53.4827
1530,20.7027,15.0,206.912,46.4853,31.224,0.0,617.963,2.976,85950.5,8372.22,39987.9,464.32,19.8593,52.4267
1545,20.7467,15.0,206.763,45.9813,22.842,0.0,617.92,2.336,85551.8,7805.95,32101.7,419.371,19.6267,52.544
1600,20.7973,15.0,205.771,45.6027,20.742,0.0,617.92,2.448,82998.6,7476.22,25023.8,375.488,19.4107,52.7947
1615,20.804,15.0,206.059,45.3867,20.984,0.0,617.664,2.234,81259.2,7160.83,19092.8,322.187,19.1507,52.4
1630,20.808,15.0,204.117,45.064,20.5793,0.0,617.28,2.252,72562.0,6680.58,14419.3,264.043,18.8853,52.9867
1645,20.7547,15.0,203.403,45.0853,20.904,0.0,617.109,2.33333,67646.8,6336.51,11481.1,215.595,18.6693,53.6533
1700,20.7147,15.0,203.221,45.3173,20.7407,0.0,616.64,2.186,60416.0,5827.58,9368.58,173.125,18.4633,54.2827
1715,20.6627,15.0,202.56,45.5573,20.6607,0.0,616.341,2.188,46484.5,4594.69,7189.5,119.069,18.2353,55.1893
1730,20.5747,15.0,202.283,45.768,20.922,0.0,615.147,1.60667,3856.38,2300.93,2329.6,31.1627,18.008,55.5547
1745,20.5133,15.0,202.976,45.976,20.1407,0.0,614.4,1.02733,2487.3,1290.24,1483.78,18.6933,17.8093,56.3173
1800,20.43,15.0,203.189,46.352,11.426,0.0,613.931,1.38733,250.88,0.0,0.0,4.45,17.6353,57.8533
1815,20.3293,15.0,202.645,46.9973,11.866,0.0,538.005,1.17333,0.0,0.0,0.0,-2.31267,17.4607,60.28
1830,20.2373,15.0,202.784,47.552,11.4427,0.0,149.411,0.287333,0.0,0.0,0.0,-3.44667,17.304,61.3787
1845,20.166,15.0,203.317,48.128,11.524,0.0,5.22067,0.41,0.0,0.0,0.0,-3.64267,17.1513,62.1067
1900,20.0807,15.0,203.296,48.5227,11.622,0.0,0.782,0.0,0.0,0.0,0.0,-3.512,16.98,62.6507
1915,19.9993,15.0,203.168,48.7547,11.5887,0.0,0.65,0.0,0.0,0.0,0.0,-3.512,16.8487,62.912
1930,19.9007,15.0,203.915,48.968,11.6053,0.0,0.694,0.0933333,0.0,0.0,0.0,-3.44667,16.6807,62.8693
1945,19.8167,15.0,203.968,49.0773,11.4427,0.0,0.65,0.0,0.0,0.0,0.0,-3.44667,16.532,62.7893
2000,19.732,15.0,203.776,49.2347,11.5073,0.0,0.694,0.0,0.0,0.0,0.0,-3.44667,16.3867,62.9733
2015,19.6387,15.0,205.632,49.3653,11.7033,0.0,0.65,0.116,0.0,0.0,0.0,-3.708,16.2753,63.0373
2030,19.554,15.0,205.237,49.088,11.524,0.0,0.65,0.904667,0.0,0.0,0.0,-3.38133,16.144,62.8747
2045,19.4633,15.0,204.512,48.6773,11.524,0.0,0.65,1.21533,0.0,0.0,0.0,-3.57733,15.9653,60.936
2100,19.35,15.0,205.397,48.3333,11.524,0.0,0.65,0.609333,0.0,0.0,0.0,-3.38133,15.746,60.1547
2115,19.2593,15.0,206.464,48.1173,11.7033,0.0,0.65,0.158,0.0,0.0,0.0,-3.38133,15.546,60.2187
2130,19.162,15.0,206.699,48.0,11.6867,0.0,0.65,0.0,0.0,0.0,0.0,-3.44667,15.364,60.336
2145,19.046,15.0,206.517,47.8933,11.622,0.0,0.65,0.0986667,0.0,0.0,0.0,-3.38133,15.1487,60.6667
2200,18.954,15.0,207.467,47.8213,11.6053,0.0,0.65,0.168667,0.0,0.0,0.0,-3.38133,14.9427,61.0987
2215,18.8467,15.0,207.808,47.9173,11.7847,0.0,0.65,0.108667,0.0,0.0,0.0,-3.25067,14.7953,61.4773
2230,18.7407,15.0,207.744,47.9253,11.4427,0.0,0.65,0.0,0.0,0.0,0.0,-3.38133,14.696,61.6667
2245,18.6447,15.0,208.107,47.5653,11.6053,0.0,0.65,0.139333,0.0,0.0,0.0,-3.25067,14.5747,61.7653
2300,18.5533,15.0,207.84,47.2747,11.6867,0.0,0.65,0.308667,0.0,0.0,0.0,-3.316,14.468,61.912
2315,18.4487,15.0,208.256,47.512,11.6053,0.0,0.65,0.0746667,0.0,0.0,0.0,-3.316,14.322,61.84
2330,18.336,15.0,208.907,47.5413,11.524,0.0,0.65,0.0,0.0,0.0,0.0,-3.512,14.184,62.2853
2345,18.2307,15.0,208.523,47.5227,11.7847,0.0,0.65,0.0906667,0.0,0.0,0.0,-3.25067,14.046,62.664
0,18.1367,15.0,208.107,47.6267,11.6053,0.0,0.65,0.0,0.0,0.0,0.0,-3.44667,13.9547,62.8453
15,18.0273,15.0,208.181,47.3493,11.524,0.0,0.65,0.0,0.0,0.0,0.0,-3.316,13.8393,62.9493
30,17.912,15.0,207.797,47.2507,11.6053,0.0,0.65,0.0,0.0,0.0,0.0,-3.316,13.6747,63.3387
45,17.8267,15.0,207.541,47.0373,11.524,0.0,0.65,0.0,0.0,0.0,0.0,-3.25067,13.536,63.512
100,17.73,15.0,208.032,47.28,11.866,0.0,0.65,0.259333,0.0,0.0,0.0,-3.12,13.412,63.9253
115,17.6147,15.0,208.309,47.1307,11.5073,0.0,0.65,0.0,0.0,0.0,0.0,-3.316,13.25,64.3147
130,17.522,15.0,208.416,47.0053,11.524,0.0,0.65,0.0,0.0,0.0,0.0,-3.18533,13.0887,64.6
145,17.4207,15.0,209.76,46.8293,11.6053,0.0,0.65,0.0746667,0.0,0.0,0.0,-3.12,12.914,64.744
200,17.3353,15.0,209.867,46.9333,11.6867,0.0,0.65,0.0,0.0,0.0,0.0,-3.12,12.7713,64.928
215,17.2207,15.0,210.432,46.9733,11.3447,0.0,0.65,0.0493333,0.0,0.0,0.0,-3.18533,12.6493,65.0453
230,17.1087,15.0,210.741,46.368,11.622,0.0,0.65,0.325333,0.0,0.0,0.0,-3.12,12.56,64.88
245,17.0033,15.0,211.104,46.5947,11.768,0.0,0.65,0.0,0.0,0.0,0.0,-3.25067,12.3647,65.1867
300,16.9047,15.0,210.709,46.68,11.7847,0.0,0.65,0.332,0.0,0.0,0.0,-3.18533,12.1907,65.528
315,16.8193,15.0,211.893,46.68,11.4427,0.0,0.65,0.129333,0.0,0.0,0.0,-3.12,12.07,65.6533
330,16.7153,15.0,211.179,46.8613,11.6867,0.0,0.65,0.861333,0.0,0.0,0.0,-3.18533,11.9433,65.8667
345,16.5953,15.0,210.069,46.9227,11.524,0.0,0.65,0.524,0.0,0.0,0.0,-3.18533,11.846,66.088
400,16.4847,15.0,209.557,46.8827,11.6053,0.0,0.65,0.655333,0.0,0.0,0.0,-3.25067,11.7327,66.3627
415,16.3653,15.0,209.077,46.5227,11.6053,0.0,0.65,0.290667,0.0,0.0,0.0,-3.042,11.6447,66.088
430,16.2653,15.0,208.085,46.2027,11.7033,0.0,0.65,0.268667,0.0,0.0,0.0,-3.12,11.61,65.9893
445,16.1733,15.0,206.837,46.3147,11.5073,0.0,0.65,0.119333,0.0,0.0,0.0,-3.18533,11.55,65.952
500,16.0647,15.0,207.019,46.072,11.7033,0.0,0.65,0.036,0.0,0.0,0.0,-3.12,11.478,66.072
515,15.962,15.0,206.229,45.464,11.7033,0.0,0.65,0.83,0.0,0.0,0.0,-3.12,11.4633,66.736
530,15.8787,15.0,205.792,46.0533,11.768,0.0,0.914,0.0,0.0,0.0,0.0,-3.25067,11.4407,65.8907
545,15.78,15.0,205.984,46.048,11.524,0.0,5.00133,0.106667,0.0,0.0,0.0,-3.12,11.35,66.1333
600,15.6987,15.0,205.739,45.9467,11.6053,0.0,145.669,0.0,0.0,0.0,0.0,-3.10733,11.2587,66.2373
615,15.6027,15.0,206.187,45.7573,11.6867,0.0,589.803,0.0,0.0,329.728,0.0,-0.922667,11.168,66.2667
630,15.5007,15.0,205.963,45.7893,14.2713,0.0,611.883,0.0,802.816,3333.12,1290.24,10.5553,11.0673,66.3413
645,15.43,15.0,207.243,45.9573,20.8233,0.0,613.333,0.0,6114.3,36126.7,10328.4,49.5333,10.9833,66.24
700,15.3713,15.0,207.499,46.0907,21.066,0.0,615.424,0.0,9031.68,50727.6,18883.9,89.1253,10.9873,65.768
715,15.3433,15.0,207.477,46.2613,20.9853,0.0,616.981,0.0,10256.7,58613.8,27145.6,132.357,11.114,65.2347
730,15.3007,15.0,207.595,46.3653,21.166,0.0,617.963,0.148,11531.6,64501.1,35601.1,183.205,11.2873,64.2427
745,15.2947,15.0,207.712,46.6747,21.1487,0.0,618.901,0.452,12619.8,69585.6,43997.9,234.069,11.5767,63.3787
800,15.3207,15.0,208.053,46.7973,21.3447,0.0,619.243,1.41067,13581.7,71887.5,51093.5,281.493,11.94,63.0133
815,15.3673,15.0,208.363,46.656,22.6293,0.0,619.669,1.40667,14482.8,73490.4,58190.5,331.712,12.3293,62.9787
830,15.4533,15.0,207.349,46.6747,31.3053,0.0,620.181,1.52333,15351.1,74653.7,65140.1,381.845,12.7533,63.0533
845,15.5667,15.0,207.712,46.744,40.1347,0.0,620.651,1.534,16871.4,74869.4,71224.0,429.867,13.218,62.912
900,15.7193,15.0,207.381,46.4907,41.6773,0.0,621.248,1.78467,17723.4,76363.1,77015.7,477.205,13.7633,62.672
915,15.912,15.0,207.072,46.0,50.8747,0.0,621.803,1.64733,16398.3,77310.6,82474.3,521.323,14.3407,62.0533
930,16.1507,15.0,206.923,45.7627,51.6533,0.0,622.272,1.91667,14963.4,74528.1,87212.0,561.003,14.9293,61.2187
945,16.404,15.0,206.453,45.6293,51.6533,0.0,622.571,1.74533,13774.8,71071.1,91373.6,596.779,15.5713,60.4507
1000,16.7087,15.0,206.229,45.5253,62.5813,0.0,622.613,2.32267,12656.0,64741.4,94475.6,625.728,16.246,59.28
1015,17.0047,15.0,205.589,45.48,81.5627,0.0,623.637,2.17733,11623.8,56890.7,95518.7,662.464,16.936,57.7653
1030,17.3027,15.0,205.355,45.432,81.9413,0.0,623.893,1.88533,10893.3,46981.1,95518.7,693.973,17.5153,57.1387
1045,17.6147,15.0,204.821,45.488,81.7227,0.0,624.192,2.11267,10314.8,35005.8,95529.6,716.501,18.14,55.9973
1100,17.9253,15.0,204.533,45.4133,81.664,0.0,624.235,2.174,9899.01,25017.0,95518.7,738.389,18.73,54.912
1115,18.2773,15.0,203.477,45.2747,81.2613,0.0,624.235,2.01667,9633.79,18791.8,95518.7,761.344,19.308,54.1093
1130,18.634,15.0,203.339,45.144,81.504,0.0,624.021,1.95867,9504.77,15587.3,95529.6,764.416,19.8513,52.68
1145,18.9313,15.0,203.627,45.0,81.5813,0.0,624.533,1.82667,10177.9,13637.6,95627.9,773.973,20.4247,51.5893
1200,19.278,15.0,203.595,44.8667,81.1627,0.0,624.491,2.14333,11767.8,11474.3,95606.1,777.216,21.008,50.472
1215,19.6307,15.0,203.275,44.624,81.424,0.0,624.32,1.888,14411.8,10350.6,95529.6,772.053,21.5,49.6027
1230,19.9507,15.0,203.115,44.4587,81.4213,0.0,624.277,2.61267,19128.3,10479.3,95573.3,778.965,22.0267,48.104
1245,20.2887,15.0,203.104,44.192,81.3413,0.0,623.979,2.526,26449.2,9784.32,95513.3,777.984,22.48,46.8907
1300,20.5953,15.0,203.104,43.728,81.0027,0.0,623.637,3.25067,36855.8,9160.7,95518.7,768.853,22.8667,46.2933
1315,20.8707,15.0,202.987,43.2667,81.1013,0.0,622.912,2.578,48818.9,8960.0,93940.4,751.744,23.2827,45.048
1330,21.1547,15.0,203.317,43.3387,80.9227,0.0,622.528,2.63733,62029.8,9210.88,89784.3,739.499,23.764,44.2
1345,21.4453,15.0,203.488,42.96,80.7813,0.0,622.229,3.47333,71346.9,9282.56,84839.1,715.051,24.1453,43.6
1400,21.7227,15.0,203.125,42.176,77.0987,0.0,621.803,3.378,79467.9,9325.57,80188.8,689.237,24.584,42.5733
1415,21.984,15.0,203.115,41.7627,51.064,0.0,621.76,3.32133,86286.3,9411.58,75052.4,660.715,24.9333,42.2987
1430,22.2307,15.0,202.752,41.2307,51.1733,0.0,621.333,3.186,88675.7,9511.94,68760.9,627.392,25.288,41.3987
1445,22.44,15.0,203.531,41.028,45.0413,0.0,621.077,3.138,82946.7,9060.35,57428.7,551.125,25.532,40.8213
1500,22.6267,15.0,202.805,40.648,41.516,0.0,620.992,2.464,88495.4,9741.31,54351.2,551.211,25.712,40.4613
1515,22.8093,15.0,205.152,41.6613,39.9387,0.0,620.48,3.866,86851.6,9361.41,47084.9,511.573,25.7133,39.7267
1530,22.96,15.0,206.699,41.964,31.1267,0.0,619.541,4.32533,86087.0,8494.08,38775.5,466.24,25.4933,39.8867
1545,23.088,15.0,205.12,41.4907,24.9253,0.0,619.2,3.69667,85677.4,7942.14,31154.2,421.141,25.232,39.6107
1600,23.168,15.0,204.363,42.064,20.822,0.0,619.2,3.942,83006.8,7669.76,24307.0,377.131,24.9213,39.4973
1615,23.2293,15.0,204.16,41.6293,20.8233,0.0,618.731,3.72133,82690.0,7454.72,18914.0,327.36,24.612,39.1707
1630,23.2533,15.0,203.413,41.064,20.904,0.0,618.603,2.726,76671.7,7146.5,14899.9,277.056,24.3627,39.292
1645,23.292,15.0,203.403,40.972,20.742,0.0,618.56,3.29,70320.1,6616.06,11874.3,220.512,24.092,39.868
1700,23.2853,15.0,203.008,40.8467,21.002,0.0,618.219,2.31933,63217.7,6293.5,10306.6,180.037,23.8507,40.2107
1715,23.2373,15.0,202.827,40.9213,20.6427,0.0,618.005,2.818,41916.4,4666.37,7418.88,113.149,23.6573,36.5533
1730,23.232,15.0,202.283,40.4413,20.8233,0.0,617.323,2.176,5074.94,2580.48,3211.26,35.044,23.5613,34.8293
1745,23.2107,15.0,202.421,40.064,20.8233,0.0,616.896,2.26,4379.65,2630.66,2953.22,28.7947,23.4107,33.4947
1800,23.168,15.0,201.824,39.6947,14.416,0.0,616.64,1.93,2508.8,1419.26,1584.13,13.6667,23.244,33.444
1815,23.124,15.0,201.707,39.4147,11.6053,0.0,616.469,1.706,430.08,0.0,0.0,-0.949333,23.0533,33.3893
1830,23.0693,15.0,201.867,39.1667,11.426,0.0,261.873,1.34267,0.0,0.0,0.0,-3.96933,22.84,33.5227
1845,23.008,15.0,202.389,38.9827,11.2133,0.0,6.80333,0.994,0.0,0.0,0.0,-3.96933,22.588,33.4773
1900,22.9413,15.0,202.443,38.88,11.622,0.0,0.958,0.717333,0.0,0.0,0.0,-3.83867,22.272,33.5253
1915,22.88,15.0,202.176,38.7787,11.1653,0.0,0.65,0.67,0.0,0.0,0.0,-3.96933,21.976,33.684
1930,22.8147,15.0,202.453,38.848,11.2947,0.0,0.65,0.166,0.0,0.0,0.0,-3.904,21.7293,33.9613
1945,22.7533,15.0,202.677,38.96,11.5073,0.0,0.65,0.659333,0.0,0.0,0.0,-3.96933,21.4427,35.9227
2000,22.6707,15.0,203.616,39.6453,11.2467,0.0,0.65,1.32067,0.0,0.0,0.0,-4.03467,20.9693,43.7
2015,22.5813,15.0,203.157,40.972,11.524,0.0,0.65,1.39533,0.0,0.0,0.0,-3.83867,20.5407,47.6267
2030,22.5013,15.0,203.189,42.0267,11.8013,0.0,0.65,1.462,0.0,0.0,0.0,-3.77333,20.156,49.864
2045,22.4107,15.0,205.077,42.8187,11.4427,0.0,0.65,1.21333,0.0,0.0,0.0,-3.77333,19.7633,51.464
2100,22.296,15.0,204.512,43.344,11.6867,0.0,0.65,0.26,0.0,0.0,0.0,-3.904,19.4187,52.4693
2115,22.2107,15.0,204.405,43.6853,11.1653,0.0,0.65,0.0,0.0,0.0,0.0,-3.64267,19.0547,53.5707
2130,22.1053,15.0,205.355,43.9707,11.5073,0.0,0.65,0.246,0.0,0.0,0.0,-3.44667,18.76,54.4773
2145,22.0293,15.0,205.205,44.216,11.5887,0.0,0.65,0.427333,0.0,0.0,0.0,-3.708,18.55,55.2747
2200,21.916,15.0,204.075,44.512,11.426,0.0,0.65,0.134,0.0,0.0,0.0,-3.83867,18.362,55.952
2215,21.828,15.0,205.707,44.712,11.328,0.0,0.65,0.153333,0.0,0.0,0.0,-3.57733,18.048,56.48
2230,21.7053,15.0,205.856,44.8507,11.5887,0.0,0.65,0.0,0.0,0.0,0.0,-3.38133,17.628,57.7733
2245,21.5867,15.0,205.195,44.984,11.23,0.0,0.65,0.204667,0.0,0.0,0.0,-3.64267,17.4033,58.2107
2300,21.468,15.0,206.379,45.224,11.5887,0.0,0.65,0.153333,0.0,0.0,0.0,-3.57733,17.2867,58.5467
2315,21.3507,15.0,206.965,45.216,11.3447,0.0,0.65,0.542667,0.0,0.0,0.0,-3.44667,17.1013,58.3573
2330,21.232,15.0,206.475,45.2853,11.524,0.0,0.65,0.0673333,0.0,0.0,0.0,-3.64267,16.856,59.3493
2345,21.1067,15.0,207.744,45.2133,11.7847,0.0,0.65,0.0726667,0.0,0.0,0.0,-3.64267,16.7,58.624
0,20.996,15.0,207.979,44.9787,11.426,0.0,0.65,0.324,0.0,0.0,0.0,-3.25067,16.6827,53.952
15,20.8947,15.0,207.083,44.3707,11.426,0.0,0.65,0.394667,0.0,0.0,0.0,-3.44667,16.59,52.3653
30,20.776,15.0,207.328,43.9573,11.7033,0.0,0.65,1.25267,0.0,0.0,0.0,-3.38133,16.668,50.4773
45,20.6987,15.0,206.357,43.5093,11.6867,0.0,0.65,1.03867,0.0,0.0,0.0,-3.77333,16.7033,49.7733
100,20.592,15.0,204.811,43.0133,11.6867,0.0,0.65,1.44667,0.0,0.0,0.0,-3.44667,16.6967,49.176
115,20.5147,15.0,204.629,42.4933,11.2633,0.0,0.65,1.14267,0.0,0.0,0.0,-3.512,16.7,48.528
130,20.4233,15.0,203.296,42.208,11.5887,0.0,0.65,1.12,0.0,0.0,0.0,-3.44667,16.6967,48.1867
145,20.3433,15.0,202.656,41.9733,11.6053,0.0,0.694,1.2,0.0,0.0,0.0,-3.44667,16.644,47.76
200,20.2673,15.0,202.549,41.936,11.4427,0.0,0.65,0.966667,0.0,0.0,0.0,-3.38133,16.5807,47.4693
215,20.1793,15.0,202.315,41.76,11.524,0.0,0.65,0.878,0.0,0.0,0.0,-3.512,16.5007,47.2507
230,20.096,15.0,201.035,41.6933,11.7847,0.0,0.65,1.16867,0.0,0.0,0.0,-3.38133,16.3933,47.2347
245,20.0233,15.0,200.267,41.664,11.524,0.0,0.65,1.334,0.0,0.0,0.0,-3.44667,16.304,47.1653
300,19.9293,15.0,200.96,41.5813,11.6053,0.0,0.65,1.088,0.0,0.0,0.0,-3.512,16.2067,47.2827
315,19.852,15.0,200.587,41.6373,11.622,0.0,0.65,1.05667,0.0,0.0,0.0,-3.316,16.0947,47.4107
330,19.7693,15.0,199.712,41.912,11.4427,0.0,0.65,1.24867,0.0,0.0,0.0,-3.38133,15.892,48.0827
345,19.6713,15.0,199.872,41.8427,11.524,0.0,0.65,1.696,0.0,0.0,0.0,-3.44667,15.618,48.7387
400,19.5687,15.0,199.371,41.8507,11.6867,0.0,0.65,1.26867,0.0,0.0,0.0,-3.512,15.3787,49.24
415,19.4567,15.0,198.88,41.7307,11.524,0.0,0.65,1.01133,0.0,0.0,0.0,-3.512,15.1833,49.6053
430,19.3667,15.0,198.539,41.696,11.6867,0.0,0.65,1.36733,0.0,0.0,0.0,-3.316,15.0233,49.9493
445,19.2673,15.0,199.424,41.7733,11.3447,0.0,0.65,1.19133,0.0,0.0,0.0,-3.25067,14.8673,50.32
500,19.1653,15.0,198.699,41.9787,11.8827,0.0,0.65,1.028,0.0,0.0,0.0,-3.25067,14.7167,50.6933
515,19.0533,15.0,198.645,42.056,11.524,0.0,0.65,0.924667,0.0,0.0,0.0,-3.38133,14.5533,51.0587
530,18.9553,15.0,198.581,42.096,11.5887,0.0,0.87,0.42,0.0,0.0,0.0,-3.18533,14.3933,51.6187
545,18.87,15.0,198.816,42.216,11.622,0.0,5.88067,0.0386667,0.0,0.0,0.0,-3.316,14.2087,52.032
600,18.77,15.0,197.952,42.2427,11.6053,0.0,137.773,0.168,0.0,0.0,0.0,-3.38133,14.046,52.3493
615,18.664,15.0,198.4,42.296,11.6867,0.0,603.691,0.233333,0.0,939.008,71.68,0.0653333,13.9133,52.6667
630,18.566,15.0,198.315,42.3147,15.3127,0.0,612.651,0.0,1584.13,6972.76,2343.94,13.264,13.7887,53.0347
645,18.4827,15.0,197.888,42.392,21.1647,0.0,614.293,0.509333,7067.65,42087.8,11789.0,56.1853,13.718,53.4773
700,18.3767,15.0,198.571,42.3867,20.8227,0.0,616.043,0.677333,9332.74,53663.1,19823.3,95.1067,13.744,53.4213
715,18.322,15.0,198.549,42.4133,21.1013,0.0,616.939,1.476,10736.0,62343.9,28685.7,142.859,13.8533,53.488
730,18.278,15.0,198.677,42.4027,21.0847,0.0,618.005,0.903333,11989.0,68498.8,37666.8,195.605,14.0593,52.3547
745,18.2513,15.0,198.453,42.4213,20.9847,0.0,619.157,1.71,13200.7,73796.3,46604.3,252.203,14.4153,50.7413
800,18.282,15.0,198.891,42.4053,21.1487,0.0,619.883,1.248,14275.9,76480.5,54416.7,302.933,14.8213,50.1093
815,18.3193,15.0,199.285,42.3867,25.2673,0.0,620.48,2.332,15086.3,77679.3,61601.1,353.109,15.2467,49.7253
830,18.3867,15.0,198.795,42.2933,31.9067,0.0,620.395,2.72267,15860.4,78118.9,68089.2,402.603,15.676,49.496
845,18.518,15.0,200.032,42.1413,41.4347,0.0,620.779,2.12533,17421.7,77996.0,74244.1,452.032,16.072,49.1067
900,18.6427,15.0,200.16,42.0,43.8613,0.0,621.248,2.57,17831.9,79178.4,79566.2,497.109,16.448,48.7413
915,18.8013,15.0,200.341,41.96,51.2267,0.0,621.504,2.04667,16341.0,78785.2,84148.2,536.832,16.856,48.1813
930,18.9927,15.0,200.213,41.848,51.5707,0.0,622.016,1.90467,15243.3,75983.5,89036.1,578.475,17.258,47.9867
945,19.196,15.0,200.917,41.976,43.7707,0.0,622.187,2.24933,12419.8,64118.1,81674.9,525.424,17.6527,46.944
1000,19.4273,15.0,200.768,41.784,67.1427,0.0,622.869,2.31067,11761.0,61042.7,87905.6,597.589,17.966,46.0267
1015,19.668,15.0,201.739,41.6613,80.3627,0.0,623.637,1.666,11580.1,58004.8,95475.0,682.752,18.3547,45.2693
1030,19.9133,15.0,201.557,41.4293,81.344,0.0,623.68,2.67933,10835.3,46900.6,95491.4,710.528,18.7387,43.9413
1045,20.1853,15.0,202.005,40.8373,81.264,0.0,623.723,1.53733,10235.9,34757.3,95475.0,735.403,19.1587,43.1787
1100,20.4393,15.0,202.219,40.4667,81.1813,0.0,624.32,1.45267,9741.31,24802.6,95540.6,758.741,19.5507,42.552
1115,20.7053,15.0,201.92,40.0387,81.1627,0.0,624.192,1.85467,9218.05,18419.0,95518.7,774.699,19.9687,41.9173
1130,20.968,15.0,202.133,39.8027,81.3413,0.0,624.149,2.16667,9003.01,15330.0,95518.7,790.699,20.3593,41.2373
1145,21.2427,15.0,202.325,39.6493,86.192,0.0,623.723,2.09333,9382.91,13101.7,95496.9,801.877,20.7573,40.456
1200,21.5107,15.0,203.157,39.6307,110.693,0.0,623.68,2.54,11093.7,10750.6,95496.9,809.813,21.116,39.7693
1215,21.8027,15.0,202.837,38.1187,85.768,0.0,623.637,2.268,14261.6,9848.83,95458.6,810.496,21.4987,38.628
1230,22.04,15.0,202.901,38.3253,80.8427,0.0,623.68,2.12,19314.7,9977.86,95507.8,807.509,21.8747,37.824
1245,22.284,15.0,202.645,37.3253,81.1627,0.0,623.339,3.20133,27338.1,9483.26,95453.2,804.821,22.236,36.632
1300,22.5053,15.0,202.933,37.5293,80.9413,0.0,623.211,2.682,38150.1,8916.99,95458.6,793.685,22.5973,35.7333
1315,22.7253,15.0,203.083,37.2253,80.9227,0.0,622.955,3.39867,51486.7,8888.32,95174.7,786.176,22.9813,33.0253
1330,22.952,15.0,203.509,36.604,80.7627,0.0,621.931,3.214,64555.7,9103.36,91253.4,764.075,23.3493,33.816
1345,23.1547,15.0,203.595,35.4707,80.7813,0.0,621.76,3.14133,74809.3,9139.2,86813.4,743.723,23.7213,32.5293
1400,23.3453,15.0,203.189,34.8893,81.0027,0.0,621.589,3.66733,83263.5,9225.22,81827.2,716.715,24.1267,31.788
1415,23.4933,15.0,203.435,34.6267,56.656,0.0,620.949,4.556,89970.0,9339.9,76371.3,686.421,24.4333,29.9693
1430,23.6413,15.0,204.213,34.124,51.144,0.0,620.48,4.748,92422.1,9540.61,69823.1,652.8,24.4307,27.304
1445,23.788,15.0,203.211,31.7,51.0613,0.0,620.437,4.75333,94213.5,9791.49,63012.9,619.584,24.5187,26.5627
1500,23.9027,15.0,202.752,30.7213,41.3187,0.0,620.437,3.842,93880.3,9698.3,55424.3,579.264,24.6267,28.112
1515,24.016,15.0,203.413,30.748,41.436,0.0,620.011,4.54133,91428.2,9081.86,47216.0,535.189,24.7013,26.4293
1530,24.0733,15.0,203.84,30.268,31.0453,0.0,619.669,3.42133,91302.6,8329.22,38722.2,490.155,24.4933,24.1
1545,24.128,15.0,202.528,29.9387,24.0453,0.0,619.541,4.74733,90827.4,7870.46,30692.7,442.283,24.2827,23.0013
1600,24.192,15.0,203.499,30.1653,20.6607,0.0,619.2,4.818,87457.8,7533.57,23509.7,393.045,23.9573,22.728
1615,24.192,15.0,202.528,28.5853,20.904,0.0,619.157,4.378,87435.9,7397.38,18162.3,342.037,23.7067,22.776
1630,24.184,15.0,202.507,28.224,20.742,0.0,618.603,4.27867,81305.6,7132.16,14241.1,291.84,23.468,23.3413
1645,24.128,15.0,202.283,27.9373,20.9853,0.0,618.56,4.096,78173.5,6831.1,11495.1,242.315,23.256,23.9147
1700,24.076,15.0,201.771,27.7613,20.7413,0.0,618.048,3.78267,69727.6,6243.33,9454.59,192.832,23.0467,23.488
1715,24.008,15.0,202.539,27.5773,20.922,0.0,617.877,3.444,59258.2,5139.46,7834.62,140.587,22.7973,23.3107
1730,23.9293,15.0,202.261,27.3973,21.002,0.0,616.811,3.84067,3189.76,2551.81,2150.4,28.104,22.5693,23.5013
1745,23.8427,15.0,202.08,27.3707,20.5613,0.0,616.085,3.52133,2336.77,1885.18,1662.98,18.3287,22.3187,23.7227
1800,23.7573,15.0,202.08,27.344,12.3513,0.0,615.957,3.11267,1519.62,766.976,731.136,8.186,22.0693,23.7413
1815,23.6547,15.0,202.507,27.3253,11.426,0.0,615.381,3.37533,0.0,0.0,0.0,-1.392,21.8053,23.8293
1830,23.548,15.0,202.293,27.084,11.5073,0.0,218.165,2.95067,0.0,0.0,0.0,-3.96933,21.548,24.0973
1845,23.444,15.0,202.165,27.2373,11.2467,0.0,9.56933,2.258,0.0,0.0,0.0,-4.03467,21.2853,24.2387
1900,23.3667,15.0,202.507,27.2987,11.23,0.0,0.958,2.232,0.0,0.0,0.0,-3.64267,21.0133,24.3547
1915,23.284,15.0,202.528,27.7253,11.328,0.0,0.65,1.60133,0.0,0.0,0.0,-3.96933,20.7853,24.6893
1930,23.1987,15.0,201.973,27.8693,11.4093,0.0,0.87,1.57067,0.0,0.0,0.0,-3.96933,20.5533,24.7373
1945,23.0933,15.0,202.336,27.4587,11.1653,0.0,0.65,1.12067,0.0,0.0,0.0,-3.96933,20.324,24.7093
2000,22.992,15.0,202.197,27.5667,11.3113,0.0,0.65,1.47133,0.0,0.0,0.0,-3.70733,20.0947,26.3573
2015,22.9067,15.0,202.016,28.58,11.1653,0.0,0.65,0.760667,0.0,0.0,0.0,-3.77333,19.8867,31.7573
2030,22.8147,15.0,202.432,29.7667,11.7033,0.0,0.65,0.510667,0.0,0.0,0.0,-3.708,19.692,34.496
2045,22.7213,15.0,202.549,30.7547,11.524,0.0,0.65,0.096,0.0,0.0,0.0,-3.708,19.4847,35.7227
2100,22.6093,15.0,202.059,31.6293,11.328,0.0,0.65,0.308667,0.0,0.0,0.0,-3.83867,19.2573,36.9253
2115,22.508,15.0,202.048,32.2467,11.3447,0.0,0.65,0.311333,0.0,0.0,0.0,-3.96933,19.062,37.5907
2130,22.4013,15.0,202.581,32.8147,11.6053,0.0,0.826,0.072,0.0,0.0,0.0,-3.904,18.876,38.044
2145,22.2853,15.0,201.76,33.788,11.524,0.0,0.738,0.82,0.0,0.0,0.0,-3.83867,18.7247,39.14
2200,22.1987,15.0,202.4,34.0467,11.4093,0.0,0.65,0.531333,0.0,0.0,0.0,-3.83867,18.5247,39.0107
2215,22.0827,15.0,202.229,34.2947,11.23,0.0,0.65,1.02333,0.0,0.0,0.0,-3.77333,18.274,37.572
2230,21.976,15.0,201.984,33.7,11.2467,0.0,0.65,0.0,0.0,0.0,0.0,-3.64267,18.0367,35.4787
2245,21.8653,15.0,202.741,33.1973,11.5073,0.0,0.65,0.0,0.0,0.0,0.0,-3.77333,17.7913,34.168
2300,21.7493,15.0,202.709,33.0093,11.426,0.0,0.65,0.321333,0.0,0.0,0.0,-3.77333,17.5287,32.4027
2315,21.6267,15.0,201.909,33.0547,11.524,0.0,0.65,0.724667,0.0,0.0,0.0,-3.44667,17.3107,30.0493
2330,21.4827,15.0,202.272,32.3093,11.768,0.0,0.65,0.598667,0.0,0.0,0.0,-3.57733,17.106,29.0813
2345,21.3667,15.0,202.005,32.4173,11.524,0.0,0.65,0.672667,0.0,0.0,0.0,-3.64267,16.906,27.948
0,21.24,15.0,201.355,31.936,11.524,0.0,0.65,0.578,0.0,0.0,0.0,-3.64267,16.7027,27.6733
15,21.0907,15.0,201.152,31.624,11.426,0.0,0.65,0.534667,0.0,0.0,0.0,-3.25067,16.5213,27.5413
30,20.968,15.0,200.128,31.2933,11.328,0.0,0.65,0.176,0.0,0.0,0.0,-3.57733,16.318,27.86
45,20.836,15.0,200.725,30.7173,11.622,0.0,0.65,0.0413333,0.0,0.0,0.0,-3.512,16.1273,28.0867
100,20.72,15.0,200.363,31.0107,11.6053,0.0,0.65,0.0,0.0,0.0,0.0,-3.38133,15.966,28.0707
115,20.6053,15.0,200.267,31.4453,11.524,0.0,0.65,0.170667,0.0,0.0,0.0,-3.44667,15.7953,27.9787
130,20.4853,15.0,200.683,30.8453,11.6053,0.0,0.65,0.08,0.0,0.0,0.0,-3.44667,15.646,27.9867
145,20.356,15.0,199.861,31.3987,11.5073,0.0,0.65,0.394667,0.0,0.0,0.0,-3.512,15.478,27.9333
200,20.228,15.0,199.797,33.268,11.524,0.0,0.65,1.10533,0.0,0.0,0.0,-3.64267,15.3293,27.476
215,20.104,15.0,199.84,31.9867,11.622,0.0,0.65,0.466667,0.0,0.0,0.0,-3.18533,15.1447,27.7413
230,19.9833,15.0,200.565,31.1507,11.6053,0.0,0.65,0.096,0.0,0.0,0.0,-3.316,14.9567,28.0253
245,19.8527,15.0,199.819,31.8213,11.524,0.0,0.65,0.036,0.0,0.0,0.0,-3.316,14.784,28.268
300,19.7167,15.0,199.893,31.912,11.524,0.0,0.65,0.0853333,0.0,0.0,0.0,-3.25067,14.6453,28.3133
315,19.5907,15.0,199.712,32.112,11.768,0.0,0.65,0.109333,0.0,0.0,0.0,-3.38133,14.4833,28.4693
330,19.456,15.0,198.752,32.3413,11.524,0.0,0.65,0.384,0.0,0.0,0.0,-3.316,14.3047,28.564
345,19.3327,15.0,199.627,32.0093,11.6867,0.0,0.65,0.096,0.0,0.0,0.0,-3.25067,14.152,28.712
400,19.2033,15.0,199.851,31.8333,11.5887,0.0,0.65,0.230667,0.0,0.0,0.0,-3.316,13.9987,28.796
415,19.0613,15.0,199.221,31.988,11.622,0.0,0.65,0.036,0.0,0.0,0.0,-3.57733,13.8247,28.996
430,18.9253,15.0,199.2,32.46,11.524,0.0,0.65,0.0773333,0.0,0.0,0.0,-3.18533,13.6627,29.1547
445,18.8093,15.0,198.816,32.3147,11.5887,0.0,0.65,0.212667,0.0,0.0,0.0,-3.18533,13.504,29.284
500,18.6687,15.0,199.307,33.092,11.6867,0.0,0.65,0.036,0.0,0.0,0.0,-3.25067,13.2247,30.3013
515,18.5507,15.0,199.68,32.508,11.6867,0.0,0.65,0.0,0.0,0.0,0.0,-3.25067,13.028,30.3373
530,18.4133,15.0,200.149,33.3027,11.7033,0.0,1.046,0.0,0.0,0.0,0.0,-3.18533,12.8633,30.972
545,18.2613,15.0,200.224,33.7827,11.6053,0.0,8.384,0.0,0.0,0.0,0.0,-3.18533,12.5387,32.5093
600,18.1113,15.0,201.099,33.9067,11.5887,0.0,189.812,0.112,0.0,0.0,0.0,-3.25067,12.276,33.0027
615,17.9547,15.0,201.312,34.0427,11.6053,0.0,601.408,0.189333,0.0,164.864,0.0,0.754,12.1333,33.288
630,17.8193,15.0,201.131,33.5013,14.1267,0.0,611.925,0.088,881.664,5941.25,1799.17,14.6713,12.0307,33.1227
645,17.694,15.0,201.451,33.4293,21.3447,0.0,612.48,0.0,1949.7,5884.59,3275.78,28.0253,11.9333,33.1173
700,17.5847,15.0,201.355,33.0987,21.408,0.0,613.483,0.0,7704.58,33593.0,15637.5,100.493,11.866,33.1867
715,17.4973,15.0,201.195,32.98,21.0853,0.0,616.085,0.0,9166.17,37663.4,19277.8,140.757,11.9033,33.1973
730,17.428,15.0,201.291,32.9253,21.3267,0.0,617.237,0.0,12986.4,55920.6,31650.5,214.747,12.098,33.128
745,17.378,15.0,201.131,33.26,20.8233,0.0,617.408,0.052,10328.4,41647.4,26918.6,194.971,12.354,33.048
800,17.3533,15.0,200.576,33.396,21.0033,0.0,616.896,0.0546667,6672.73,25066.8,18180.4,146.224,12.5693,32.9013
815,17.3233,15.0,200.672,33.208,23.6213,0.0,617.536,0.0,9977.17,44370.6,35644.8,232.352,12.754,32.668
830,17.3433,15.0,200.8,32.996,30.3913,0.0,618.859,0.103333,14419.6,60866.6,52874.6,347.419,13.0087,32.3773
845,17.3807,15.0,201.067,33.0453,33.626,0.0,620.779,0.712667,15093.1,58624.0,57167.2,364.512,13.352,32.168
900,17.4253,15.0,200.853,33.0573,27.1373,0.0,618.901,0.911333,9968.64,33716.9,34628.9,244.059,13.718,32.0
915,17.4513,15.0,200.128,33.2467,21.004,0.0,616.597,0.89,5540.86,15265.1,17674.2,139.413,13.9233,32.14
930,17.476,15.0,200.928,33.412,26.534,0.0,616.555,0.912667,9267.2,26809.0,32939.3,253.739,14.0247,32.412
945,17.5593,15.0,201.077,32.9533,55.2867,0.0,620.267,0.816,17465.3,58428.1,70018.4,567.221,14.2693,32.284
1000,17.6953,15.0,201.877,32.752,62.3467,0.0,621.248,0.644,17966.4,56404.7,70260.1,638.4,14.736,31.96
1015,17.894,15.0,201.835,33.3547,85.5893,0.0,624.96,0.558,21091.0,70666.9,94063.3,863.232,15.2233,31.5613
1030,18.138,15.0,201.824,33.5787,72.3093,0.0,623.083,1.31867,19203.4,43667.5,72922.5,706.88,15.7213,31.152
1045,18.37,15.0,201.963,33.9867,103.264,0.0,623.467,2.66267,21440.5,44152.1,93956.8,897.92,16.216,30.8693
1100,18.628,15.0,201.76,34.0093,107.936,0.0,622.784,2.80933,18736.5,33381.0,95409.5,889.088,16.6167,32.0027
1115,18.8673,15.0,202.048,34.1347,87.8107,0.0,622.187,2.76533,12949.5,22183.9,95300.3,815.701,16.9427,33.0627
1130,19.0773,15.0,202.432,34.172,74.0813,0.0,621.035,2.722,10270.4,16863.9,75081.0,636.853,17.1147,33.624
1145,19.2573,15.0,202.475,34.3493,89.8453,0.0,620.011,2.8,13036.2,16577.2,85955.9,721.024,17.22,34.5707
1200,19.46,15.0,202.741,34.424,87.768,0.0,620.309,3.15533,15932.1,16203.8,82785.6,719.125,17.336,34.9547
1215,19.674,15.0,203.125,34.42,107.173,0.0,621.248,3.62133,24071.5,16726.7,94344.5,923.307,17.432,36.2973
1230,19.8773,15.0,203.467,34.456,92.8,0.0,621.291,3.284,26263.6,17079.6,87689.9,800.811,17.7253,36.7747
1245,20.0227,15.0,203.371,34.508,60.9733,0.0,619.371,3.12733,22725.3,14892.4,68493.3,567.211,17.9847,37.2213
1300,20.1547,15.0,203.52,34.636,86.0933,0.0,619.755,2.638,35768.3,13623.3,83323.6,709.525,18.1293,38.032
1315,20.3027,15.0,203.648,34.7,107.72,0.0,620.523,3.41067,55210.0,13867.7,93432.5,844.544,18.2333,38.5853
1330,20.47,15.0,203.787,34.8613,81.2427,0.0,620.779,3.48467,65800.9,14691.7,94792.4,804.139,18.5287,37.7413
1345,20.612,15.0,203.264,35.0,81.1013,0.0,619.627,2.988,74530.8,12879.2,89052.5,759.253,18.7153,37.748
1400,20.752,15.0,203.989,35.0293,81.1813,0.0,619.157,3.42533,82346.0,12082.5,83181.6,727.552,18.9033,38.2747
1415,20.8893,15.0,204.0,35.268,80.2213,0.0,618.859,3.76133,88866.8,12189.7,78102.5,698.667,19.1187,38.7213
1430,21.0227,15.0,204.075,35.408,54.872,0.0,618.859,2.864,92252.8,13430.1,73343.0,680.533,19.3047,38.544
1445,21.144,15.0,204.917,35.66,50.456,0.0,619.115,2.828,91433.6,13344.8,64897.0,634.539,19.474,38.3493
1500,21.2653,15.0,203.947,35.6053,49.596,0.0,619.157,3.38733,91215.2,13458.1,60822.9,610.965,19.4947,38.756
1515,21.3613,15.0,204.864,35.3067,49.6453,0.0,619.2,3.13467,94240.8,14656.2,61106.9,643.691,19.3533,39.632
1530,21.428,15.0,205.248,35.976,26.7467,0.0,618.005,3.08267,54468.6,10629.8,33263.6,386.677,19.2653,39.792
1545,21.4253,15.0,204.544,35.1373,22.3853,0.0,616.469,2.52267,42644.8,8020.99,20941.5,274.933,18.846,40.78
1600,21.4013,15.0,203.349,35.3747,25.6253,0.0,616.896,2.72467,78101.2,8959.66,24537.8,394.016,18.3973,42.2267
1615,21.3987,15.0,203.115,35.276,20.84,0.0,616.811,2.524,86024.2,8537.09,22265.9,360.128,18.1473,43.5467
1630,21.3773,15.0,203.157,35.592,20.8067,0.0,616.981,2.806,79118.3,8522.75,17610.1,311.467,17.91,44.3253
1645,21.328,15.0,202.549,35.7253,20.9047,0.0,616.64,2.46733,73465.9,8042.5,13544.8,253.899,17.7107,44.8133
1700,21.232,15.0,202.549,35.944,20.7407,0.0,616.085,1.90333,62328.1,6630.4,9804.8,188.163,17.478,45.4107
1715,21.1373,15.0,202.965,36.1467,20.7413,0.0,614.891,1.57067,4107.26,1756.16,2128.9,37.8333,17.2947,45.8053
1730,21.0493,15.0,202.315,36.304,20.9213,0.0,613.845,0.961333,2523.14,1369.09,1555.46,28.0513,17.1387,46.016
1745,20.9453,15.0,202.208,36.4827,17.2953,0.0,613.76,0.791333,551.936,143.36,372.736,13.1867,16.9727,46.536
1800,20.8373,15.0,202.987,36.6387,11.3613,0.0,613.675,0.71,0.0,0.0,0.0,4.21467,16.8093,46.3813
1815,20.7253,15.0,203.051,36.804,11.6053,0.0,472.864,0.407333,0.0,0.0,0.0,-1.61067,16.6647,47.008
1830,20.624,15.0,202.507,36.996,11.6867,0.0,117.937,0.674667,0.0,0.0,0.0,-3.316,16.5107,47.52
1845,20.5253,15.0,202.912,36.9027,11.524,0.0,7.9,1.20067,0.0,0.0,0.0,-3.57733,16.2873,45.9387
1900,20.41,15.0,202.144,36.552,11.524,0.0,0.914,1.374,0.0,0.0,0.0,-3.64267,16.0387,44.704
1915,20.2747,15.0,202.805,36.2773,11.7033,0.0,0.65,0.86,0.0,0.0,0.0,-3.44667,15.828,44.5867
1930,20.162,15.0,201.888,36.0987,11.524,0.0,1.13333,0.709333,0.0,0.0,0.0,-3.77333,15.628,44.584
1945,20.05,15.0,202.677,35.9427,11.6867,0.0,0.65,0.695333,0.0,0.0,0.0,-3.38133,15.4227,44.6987
2000,19.9227,15.0,202.923,35.8867,11.3447,0.0,0.65,1.016,0.0,0.0,0.0,-3.77333,15.2547,44.8907
2015,19.8027,15.0,202.357,35.86,11.4427,0.0,0.65,1.302,0.0,0.0,0.0,-3.38133,15.0887,45.1733
2030,19.6587,15.0,202.837,35.7947,11.7033,0.0,0.65,1.218,0.0,0.0,0.0,-3.25067,14.8947,45.7573
2045,19.5333,15.0,202.688,35.8,11.524,0.0,0.65,1.51067,0.0,0.0,0.0,-3.38133,14.6867,46.4267
2100,19.3947,15.0,202.496,35.776,11.6053,0.0,0.65,1.394,0.0,0.0,0.0,-3.25067,14.4473,47.04
2115,19.2573,15.0,202.944,35.776,11.6867,0.0,0.65,1.13,0.0,0.0,0.0,-3.316,14.2233,47.3547
2130,19.1207,15.0,202.795,35.784,11.524,0.0,0.65,0.632,0.0,0.0,0.0,-3.38133,14.0553,47.408
2145,18.9867,15.0,203.029,35.7653,11.524,0.0,0.738,0.732667,0.0,0.0,0.0,-3.25067,13.924,47.52
2200,18.8833,15.0,203.157,35.7427,11.622,0.0,0.65,0.55,0.0,0.0,0.0,-3.38133,13.7947,47.6293
2215,18.7667,15.0,203.029,35.712,11.6867,0.0,1.968,0.962667,0.0,0.0,0.0,-3.25067,13.6853,48.0133
2230,18.634,15.0,203.243,35.7253,11.6053,0.0,0.65,0.840667,0.0,0.0,0.0,-3.316,13.592,48.2133
2245,18.526,15.0,202.016,35.6373,11.524,0.0,0.65,0.647333,0.0,0.0,0.0,-3.18533,13.5033,48.512
2300,18.3987,15.0,203.157,35.6213,11.6053,0.0,0.65,0.642,0.0,0.0,0.0,-3.316,13.4127,48.8187
2315,18.29,15.0,202.965,35.6373,11.7033,0.0,0.826,0.757333,0.0,0.0,0.0,-3.316,13.3067,48.9147
2330,18.17,15.0,203.179,35.612,11.67,0.0,1.31,0.64,0.0,0.0,0.0,-3.25067,13.2267,49.08
2345,18.0567,15.0,203.979,35.6547,11.524,0.0,1.398,0.578667,0.0,0.0,0.0,-3.18533,13.1633,49.1093
0,17.934,15.0,203.413,35.5707,11.7847,0.0,1.31,0.932,0.0,0.0,0.0,-3.18533,13.12,49.0293
15,17.8433,15.0,203.083,35.3733,11.7033,0.0,1.266,1.348,0.0,0.0,0.0,-3.38133,13.09,49.0507
30,17.7447,15.0,203.84,35.492,11.6053,0.0,1.31,0.896667,0.0,0.0,0.0,-3.18533,13.0633,49.376
45,17.6347,15.0,202.997,35.2707,11.6867,0.0,1.31,1.366,0.0,0.0,0.0,-3.25067,13.0933,51.472
100,17.5373,15.0,202.731,35.5347,11.7847,0.0,1.31,1.17133,0.0,0.0,0.0,-3.18533,13.128,51.9253
115,17.4453,15.0,203.019,35.204,11.866,0.8,1.266,1.70133,0.0,0.0,0.0,-3.25067,13.1713,54.0427
130,17.3727,15.0,202.219,35.2907,11.6053,1.0,1.31,1.638,0.0,0.0,0.0,-3.38133,13.2133,57.4267
145,17.286,15.0,201.365,35.4587,11.524,1.0,1.31,1.52267,0.0,0.0,0.0,-3.38133,13.186,58.512
200,17.1733,15.0,201.675,35.4053,11.8013,1.0,1.31,1.90067,0.0,0.0,0.0,-3.316,13.0967,59.7013
215,17.0687,15.0,201.312,35.3933,11.6053,0.933333,1.266,1.43,0.0,0.0,0.0,-3.18533,13.022,59.5947
230,16.9553,15.0,201.003,35.236,11.8493,0.8,1.31,2.146,0.0,0.0,0.0,-3.25067,12.9233,59.9707
245,16.8433,15.0,201.28,35.3453,11.6053,1.0,1.266,3.024,0.0,0.0,0.0,-3.18533,12.8353,60.9413
300,16.748,15.0,201.088,35.3173,11.6867,1.0,1.222,2.25333,0.0,0.0,0.0,-3.25067,12.7113,62.9147
315,16.646,15.0,200.693,35.456,11.7847,1.0,1.266,1.61533,0.0,0.0,0.0,-3.18533,12.584,63.464
330,16.53,15.0,200.651,35.3493,11.67,1.0,1.31,1.44733,0.0,0.0,0.0,-3.18533,12.4753,64.136
345,16.4313,15.0,201.077,35.1627,11.6053,1.0,1.31,1.392,0.0,0.0,0.0,-3.18533,12.3727,64.952
400,16.3187,15.0,200.949,35.0787,11.8827,1.0,1.222,1.164,0.0,0.0,0.0,-3.12,12.234,65.48
415,16.2093,15.0,200.693,34.932,11.6867,1.0,1.09,1.24067,0.0,0.0,0.0,-3.25067,12.0127,66.672
430,16.1147,15.0,201.301,34.8987,11.6867,1.0,0.958,1.10133,0.0,0.0,0.0,-3.18533,11.828,67.048
445,16.0107,15.0,201.301,34.9293,11.6053,1.0,1.002,0.77,0.0,0.0,0.0,-3.12,11.6573,67.2347
500,15.908,15.0,200.8,34.828,11.6867,1.0,1.002,1.328,0.0,0.0,0.0,-3.17267,11.464,67.9973
515,15.7487,15.0,200.875,34.596,11.7847,1.0,0.65,2.478,0.0,0.0,0.0,-3.042,11.3153,68.2133
530,15.6333,15.0,200.565,34.6347,11.6053,1.0,1.046,1.77333,0.0,0.0,0.0,-3.18533,11.2207,68.2267
545,15.5013,15.0,201.067,34.632,11.7033,1.0,1.442,1.79667,0.0,0.0,0.0,-3.18533,11.098,68.2693
600,15.3813,15.0,200.96,34.6787,11.622,1.0,14.356,2.77667,0.0,0.0,0.0,-3.042,10.9453,69.1387
615,15.256,15.0,200.885,34.6653,11.6867,1.0,140.471,2.636,0.0,0.0,0.0,-2.3,10.7567,70.8613
630,15.0933,15.0,200.779,34.6907,11.6867,1.0,558.4,3.738,0.0,0.0,0.0,1.20867,10.6333,70.6773
645,14.9493,15.0,200.651,34.684,11.524,0.266667,611.2,3.60133,0.0,0.0,0.0,5.68533,10.5313,69.888
700,14.7967,15.0,200.693,34.6947,11.7033,1.0,611.2,3.67,0.0,0.0,0.0,8.53733,10.4567,68.8187
715,14.7393,15.0,199.733,34.78,11.6053,1.0,611.285,2.91667,0.0,0.0,0.0,8.53733,10.4333,69.6
730,14.6693,15.0,199.861,34.8067,11.426,1.0,611.328,2.598,0.0,0.0,0.0,11.246,10.4233,70.3493
745,14.56,15.0,200.139,34.8293,16.354,1.0,611.371,3.056,465.92,1211.39,838.656,19.4353,10.42,70.3227
800,14.4907,15.0,199.872,34.952,21.148,1.0,611.755,3.296,1333.25,1705.98,1512.45,26.204,10.4233,69.3173
815,14.398,15.0,199.744,35.0693,21.4267,1.0,611.797,2.65667,1483.78,1885.18,1648.64,30.1853,10.4367,69.3173
830,14.3407,15.0,199.701,35.1827,21.3273,1.0,611.84,2.44067,1670.14,2035.71,1598.46,32.6533,10.4813,68.2107
845,14.2793,15.0,199.808,35.2733,17.9953,1.0,611.84,1.674,723.968,1025.02,652.288,20.2687,10.5733,67.552
900,14.26,15.0,200.747,35.6093,21.23,1.0,611.883,1.17733,1275.9,1555.46,1354.75,24.3327,10.6033,67.8533
915,14.2107,15.0,199.947,35.6507,21.23,1.0,612.011,1.56267,1369.09,1569.79,1361.92,26.4893,10.6807,67.56
930,14.1667,15.0,199.84,35.696,21.0667,0.533333,612.395,1.95467,1899.52,2200.58,1921.02,36.3107,10.744,66.632
945,14.1293,15.0,199.84,35.7693,21.1653,0.733333,612.48,2.324,2996.22,3333.12,3039.23,57.6053,10.8427,65.7147
1000,14.102,15.0,199.904,35.6827,21.3273,1.0,612.48,2.53333,3411.97,4236.29,3928.06,68.0587,10.9853,65.0667
1015,14.0833,15.0,199.68,35.7227,21.166,1.0,612.565,3.31133,5268.48,6236.16,5626.88,105.912,11.1527,65.6827
1030,14.026,15.0,199.584,35.6013,21.4087,1.0,613.077,2.89733,7540.74,8085.5,7268.35,145.067,11.352,67.504
1045,13.9967,15.0,200.117,35.6147,21.3107,1.0,612.651,3.424,4573.18,5182.46,4365.31,88.2933,11.4947,66.8
1100,13.98,15.0,201.035,35.6733,21.4267,1.0,612.48,3.404,2996.22,3010.56,2745.34,57.02,11.5733,67.664
1115,13.9767,11.6667,200.661,35.8853,21.1487,1.0,612.053,3.28733,1541.12,1655.81,1526.78,34.5667,11.6133,69.0747
1130,13.97,10.0,200.843,36.0307,21.5887,1.0,611.883,1.858,1297.41,1505.28,1318.91,32.4653,11.5933,71.8507
1145,13.9433,10.8,201.131,36.1547,21.3113,1.0,611.84,2.574,1899.52,2250.75,2286.59,45.9947,11.5567,72.512
1200,13.8313,10.0,201.088,36.152,21.2293,1.0,612.011,3.71,3777.54,4293.63,4365.31,84.8347,11.4967,74.8933
1215,13.8233,10.0,200.875,36.184,21.4907,1.0,612.395,3.322,4207.62,4695.04,4350.98,83.7493,11.5193,74.368
1230,13.8167,10.0,200.597,36.1267,21.5727,1.0,612.48,3.912,4300.8,4816.9,4186.11,84.3947,11.614,71.8987
1245,13.8,9.26667,200.597,36.2107,21.328,1.0,612.48,3.42533,2680.83,3046.4,2451.46,55.2373,11.7267,71.8347
1300,13.76,9.0,200.352,36.2427,21.49,1.0,612.437,3.814,1827.84,1849.34,1598.46,38.5467,11.7467,72.2987
1315,13.7493,9.93333,200.704,36.428,21.1827,1.0,611.883,2.55933,709.632,1125.38,960.512,24.9133,11.7333,73.2613
1330,13.7633,10.7333,200.853,36.5253,21.23,1.0,611.968,2.62333,1612.8,1849.34,1835.01,39.8627,11.7193,75.4587
1345,13.718,10.4667,200.448,36.5173,21.392,1.0,611.84,3.034,2558.98,2852.86,2716.67,56.2013,11.604,74.1307
1400,13.722,10.0,200.064,36.7187,21.4087,1.0,611.84,2.086,2243.58,2594.82,2537.47,47.9733,11.4713,75.9147
1415,13.6713,10.0,200.277,36.832,21.3107,1.0,611.883,1.75,3168.26,3720.19,3691.52,69.36,11.3953,76.3627
1430,13.6567,10.0,200.629,36.9253,21.4733,1.0,612.011,2.19133,3920.9,4150.27,4164.61,80.2107,11.422,76.4293
1445,13.64,9.26667,200.629,36.8773,21.4913,1.0,612.395,2.66467,4680.7,4766.72,4609.02,89.9573,11.3927,76.632
1500,13.6067,9.0,200.597,37.0547,21.472,1.0,612.053,2.82667,2551.81,3347.46,3254.27,58.6827,11.3293,78.0693
1515,13.5827,9.0,200.331,37.0147,21.3447,1.0,611.84,2.58867,1956.86,2157.57,2050.05,38.328,11.2527,77.6827
1530,13.558,9.0,200.0,37.296,21.1487,1.0,611.84,1.66267,2193.41,2508.8,2437.12,45.0013,11.1667,78.1227
1545,13.554,9.0,200.096,37.9613,20.026,1.0,611.84,1.61067,982.016,1519.62,1505.28,26.62,11.1467,77.7547
1600,13.4973,9.0,199.904,37.4853,19.7033,1.0,611.84,1.786,752.64,1512.45,1397.76,25.0193,11.1567,77.336
1615,13.4433,9.0,199.936,37.5013,13.93,1.0,611.84,2.654,308.224,752.64,372.736,17.1953,11.0967,76.4693
1630,13.4033,9.0,199.872,37.652,17.9793,1.0,611.84,2.16067,673.792,1168.38,1254.4,21.3073,11.066,75.6053
1645,13.4,9.0,199.84,37.8293,12.3687,1.0,611.84,1.66133,143.36,623.616,308.224,16.1693,11.0653,76.2133
1700,13.3553,9.0,199.744,37.832,11.622,1.0,611.84,1.58,0.0,150.528,71.68,10.1267,11.054,76.488
1715,13.2973,9.0,200.032,37.88,11.328,1.0,611.797,2.866,0.0,0.0,0.0,3.004,11.042,75.8293
1730,13.2633,9.0,200.523,37.9067,11.6053,1.0,601.088,2.322,0.0,0.0,0.0,3.94067,11.0107,76.9227
1745,13.2193,9.0,200.427,37.9507,11.524,1.0,463.488,2.40667,0.0,0.0,0.0,0.0,11.0,76.8533
1800,13.1607,9.0,200.363,37.908,11.524,1.0,204.085,3.01867,0.0,0.0,0.0,-1.558,10.9933,76.7573
1815,13.104,9.0,199.968,37.944,11.7033,1.0,69.808,3.72133,0.0,0.0,0.0,-2.63933,10.892,77.456
1830,13.02,9.0,200.331,37.8707,11.4427,1.0,18.0453,3.70733,0.0,0.0,0.0,-3.18533,10.8,76.936
1845,12.9473,9.0,200.235,37.972,11.5073,1.0,1.926,4.14667,0.0,0.0,0.0,-3.12,10.73,76.672
1900,12.892,9.0,199.765,38.0093,11.5407,1.0,1.31,3.95733,0.0,0.0,0.0,-3.12,10.63,77.296
1915,12.822,9.0,199.136,38.1933,11.524,1.0,1.31,3.74133,0.0,0.0,0.0,-3.042,10.5267,78.7387
1930,12.7767,9.0,200.288,38.3653,11.6053,1.0,1.31,3.85533,0.0,0.0,0.0,-3.18533,10.3927,80.184
1945,12.7533,9.0,200.0,38.472,11.426,1.0,1.31,3.938,0.0,0.0,0.0,-3.12,10.332,79.8347
2000,12.6993,9.0,200.075,38.3453,11.622,1.0,1.31,3.41267,0.0,0.0,0.0,-3.12,10.244,79.648
2015,12.6,9.0,199.349,38.5213,11.7847,1.0,1.266,4.56,0.0,0.0,0.0,-3.18533,10.188,78.408
2030,12.54,9.0,198.869,38.7413,11.4427,1.0,1.31,4.85867,0.0,0.0,0.0,-3.042,10.1667,78.7733
2045,12.4807,9.0,198.784,38.856,11.6867,1.0,1.266,4.52333,0.0,0.0,0.0,-3.02933,10.0647,80.064
2100,12.45,9.0,199.275,39.024,11.524,0.866667,1.31,4.064,0.0,0.0,0.0,-3.12,10.0987,77.448
2115,12.43,9.0,199.317,39.148,11.4427,1.0,1.266,4.55267,0.0,0.0,0.0,-3.12,10.144,77.968
2130,12.39,9.0,199.328,39.264,11.5887,1.0,1.178,3.52133,0.0,0.0,0.0,-3.042,10.1827,78.216
2145,12.3793,9.0,199.509,39.1587,11.28,1.0,1.222,3.014,0.0,0.0,0.0,-3.042,10.2513,77.2587
2200,12.348,9.0,199.296,39.1427,11.5073,1.0,1.09,3.316,0.0,0.0,0.0,-3.12,10.2767,78.7147
2215,12.3013,9.0,199.125,39.252,11.4427,1.0,1.002,3.61133,0.0,0.0,0.0,-3.12,10.2833,78.3547
2230,12.242,9.0,198.709,39.568,11.524,1.0,1.178,4.922,0.0,0.0,0.0,-3.12,10.2833,81.0613
2245,12.206,9.0,197.685,39.7227,11.6053,1.0,1.31,4.44,0.0,0.0,0.0,-3.042,10.2187,83.1413
2300,12.1533,9.0,197.824,39.8267,11.5887,1.0,1.31,4.73267,0.0,0.0,0.0,-3.042,10.2367,83.8053
2315,12.0867,9.0,197.664,40.0653,11.524,1.0,1.222,6.32133,0.0,0.0,0.0,-3.042,10.258,83.7813
2330,12.08,9.0,197.792,40.3427,11.8827,1.0,1.222,5.96733,0.0,0.0,0.0,-3.12,10.2867,83.2827
2345,12.07,9.0,201.259,40.2333,11.524,1.0,1.222,4.73333,0.0,0.0,0.0,-3.02933,10.2767,81.872
0,12.0427,9.0,201.685,40.484,11.524,1.0,1.178,4.366,0.0,0.0,0.0,-3.12,10.2807,82.08
15,12.0387,9.0,202.229,40.4227,11.622,1.0,1.09,4.41533,0.0,0.0,0.0,-3.12,10.332,81.7467
30,12.0287,9.0,201.963,40.48,11.6053,0.933333,0.782,3.606,0.0,0.0,0.0,-2.964,10.3213,83.4027
45,12.024,9.0,201.867,40.74,11.3447,0.0,1.266,4.19933,0.0,0.0,0.0,-3.25067,10.3073,83.4347
100,12.012,9.0,201.984,40.5827,11.4427,0.0,1.31,3.88067,0.0,0.0,0.0,-3.12,10.3927,83.5893
115,12.02,9.0,202.027,41.0107,11.622,0.0,0.958,3.50467,0.0,0.0,0.0,-3.042,10.5267,80.4667
130,12.028,9.0,202.261,40.78,11.7033,0.0,0.782,2.44933,0.0,0.0,0.0,-3.18533,10.62,80.616
145,12.0567,9.0,201.152,41.152,11.6053,0.0,0.826,1.55467,0.0,0.0,0.0,-3.12,10.6707,81.2427
200,12.0667,9.0,201.696,41.1453,11.524,0.0,0.694,2.274,0.0,0.0,0.0,-3.18533,10.77,80.4107
215,12.0767,9.6,201.931,42.0133,11.5073,0.0,0.65,1.40133,0.0,0.0,0.0,-3.18533,10.8433,80.9973
230,12.09,9.46667,202.059,43.3173,11.6867,0.0,0.738,0.948,0.0,0.0,0.0,-3.12,10.894,80.592
245,12.1033,9.0,202.592,44.1493,11.6867,0.0,0.694,0.684,0.0,0.0,0.0,-3.238,10.9167,80.6427
300,12.1233,9.0,202.752,45.824,11.5073,0.0,0.694,0.202667,0.0,0.0,0.0,-3.25067,10.9133,81.5707
315,12.1333,9.0,202.827,45.3813,11.6053,0.0,0.65,0.223333,0.0,0.0,0.0,-3.10733,10.8627,82.192
330,12.1167,9.0,202.88,46.4533,11.6867,0.0,0.826,0.036,0.0,0.0,0.0,-3.12,10.7767,82.544
345,12.0933,9.0,202.88,46.872,11.6053,0.0,0.958,0.222667,0.0,0.0,0.0,-3.18533,10.7933,82.3627
400,12.09,8.8,202.816,46.8853,11.6053,0.0,0.87,0.813333,0.0,0.0,0.0,-3.042,10.844,81.9253
415,12.08,8.0,203.445,48.3333,11.524,0.0,0.826,0.458667,0.0,0.0,0.0,-3.042,10.9053,81.8187
430,12.08,8.0,202.944,48.4933,11.6867,0.0,0.826,0.111333,0.0,0.0,0.0,-3.18533,10.93,81.5867
445,12.0833,8.0,203.232,49.8027,11.426,0.0,0.738,0.0386667,0.0,0.0,0.0,-3.12,10.9633,82.3307
500,12.0767,8.0,203.765,49.4827,11.7033,0.0,0.65,0.267333,0.0,0.0,0.0,-3.042,10.94,82.4587
515,12.0767,8.0,203.691,48.8187,11.6867,0.0,0.65,0.809333,0.0,0.0,0.0,-3.18533,10.836,82.3573
530,12.0567,8.0,203.84,48.056,11.6053,0.0,0.826,0.0,0.0,0.0,0.0,-3.042,10.668,82.24
545,12.0353,8.0,204.064,47.7147,11.524,0.0,7.856,0.174,0.0,0.0,0.0,-3.12,10.5867,82.8747
600,12.032,7.86667,204.864,47.3413,11.622,0.0,132.396,0.392667,0.0,0.0,0.0,-3.042,10.5767,83.6213
615,12.024,7.0,205.557,49.064,11.768,0.0,471.253,0.036,0.0,0.0,0.0,-0.129333,10.5313,83.04
630,12.0,7.0,205.205,48.5547,11.2633,0.0,611.84,0.0,0.0,616.448,265.216,10.96,10.4533,83.4347
645,11.9767,7.0,205.92,47.9307,14.5493,0.0,611.968,0.0,831.488,1727.49,1569.79,25.02,10.3227,83.5253
700,11.97,6.8,205.92,49.0827,20.726,0.0,612.309,0.0386667,1842.18,1856.51,2014.21,33.0253,10.2433,83.3813
715,11.954,6.06667,206.592,48.744,19.524,0.0,612.352,0.254,1763.33,1727.49,1691.65,30.6553,10.2093,83.328
730,11.9333,6.0,207.616,49.7467,21.67,0.0,612.395,0.474,2179.07,2566.14,2659.33,42.4893,10.152,83.1787
745,11.922,6.6,209.077,48.304,21.3273,0.0,612.437,0.422667,2429.95,3211.26,2688.0,41.66,10.1493,82.4853
800,11.9247,6.8,209.781,49.48,21.5887,0.0,612.48,1.07333,3526.66,4178.94,3820.54,64.2187,10.136,82.208
815,11.9087,7.0,210.592,48.9413,21.2293,0.0,612.48,1.80933,5626.88,5433.34,5555.2,95.192,10.128,81.536
830,11.902,7.0,211.04,50.6693,21.166,0.0,612.651,1.38,5605.38,6056.96,6487.04,109.664,10.1493,80.8693
845,11.922,7.0,212.0,50.576,21.3287,0.0,612.864,1.184,5347.33,6408.19,6766.59,114.112,10.1567,80.2427
900,11.922,7.73333,211.883,50.3413,24.0927,0.0,614.08,0.707333,8744.62,27065.3,24494.8,251.573,10.246,80.1493
915,11.986,8.0,211.285,50.464,40.406,0.0,617.963,0.458667,18397.2,62214.1,60619.4,511.499,10.4933,78.2347
930,12.066,8.0,211.541,49.6133,28.0173,0.0,618.261,1.424,10062.8,32341.3,32171.3,319.563,10.9173,76.688
945,12.146,8.53333,212.064,49.032,23.2487,0.0,617.024,0.590667,16153.3,23283.0,25968.6,359.819,11.268,75.6533
1000,12.286,9.0,211.808,47.9573,27.136,0.0,618.005,0.256667,18583.6,26787.8,28966.9,387.456,11.6253,75.1787
1015,12.4233,9.66667,212.128,47.2507,34.6853,0.0,618.432,0.158,19287.4,28013.9,33723.7,430.709,11.9887,74.7333
1030,12.5867,11.1333,212.203,47.0213,45.4947,0.0,619.968,0.329333,19810.3,36453.0,50475.0,552.405,12.3453,74.1493
1045,12.79,12.0,212.48,46.7573,60.1013,0.0,620.48,0.918667,14513.2,34712.2,66054.8,605.717,12.732,73.384
1100,13.0267,12.5333,211.957,46.4907,91.9053,0.0,621.675,1.39533,14284.8,31023.8,80871.4,779.264,13.098,72.912
1115,13.314,13.0,212.384,46.2853,100.944,0.0,622.357,1.82333,13709.3,27904.7,92353.9,861.803,13.5493,72.3653
1130,13.6167,13.0,212.032,46.52,99.9627,0.0,622.272,2.72267,13903.9,22730.8,86152.5,828.587,14.066,72.1013
1145,13.918,13.0,212.192,46.6133,94.0573,0.0,622.144,1.50667,14320.6,20094.0,81258.5,818.933,14.5387,71.1413
1200,14.2473,13.0,214.272,47.888,105.139,0.0,621.845,2.13267,15988.7,13796.4,92310.2,869.632,14.9273,70.3333
1215,14.528,13.0,216.736,46.8187,86.0987,0.0,621.12,2.276,19476.1,10148.2,85400.9,808.363,15.2093,70.4907
1230,14.7947,13.0,220.011,46.1573,83.8267,0.0,621.248,2.43267,25777.5,10837.0,95180.1,860.672,15.542,70.216
1245,15.0667,13.7333,224.235,46.0027,81.8027,0.0,620.864,3.17733,27796.8,9081.86,95163.7,817.28,15.8073,69.8773
1300,15.3207,14.0,229.92,45.7547,81.9813,0.0,619.925,2.458,36798.5,8279.04,93601.8,799.36,16.0647,69.336
1315,15.5487,14.0,235.52,45.6507,81.8213,0.0,619.627,2.98467,48696.0,8121.34,89735.2,785.579,16.3113,68.9173
1330,15.7993,14.0,237.632,45.7787,81.584,0.0,619.328,2.57667,61497.3,8314.88,85243.2,767.317,16.566,68.72
1345,16.0227,14.0,238.581,45.6747,81.7413,0.0,619.2,2.838,72439.1,8429.57,80713.0,746.624,16.8107,68.2933
1400,16.2587,13.8667,237.685,46.016,67.3973,0.0,619.115,2.878,80633.9,8572.93,76111.9,723.285,17.122,67.9787
1415,16.4933,13.0,235.968,46.8693,49.552,0.0,618.816,2.37533,84742.1,8580.1,69909.2,673.771,17.4013,67.368
1430,16.7307,13.0,233.877,48.1147,55.472,0.0,618.987,1.984,93503.5,9569.28,69528.2,688.128,17.5967,66.7573
1445,16.912,13.0,231.787,48.8827,51.6667,0.0,619.499,2.326,94978.0,10106.9,64536.6,661.653,17.7133,66.2027
1500,17.086,13.0,226.656,52.0507,44.1253,0.0,618.731,2.45467,93225.0,9533.44,52407.0,595.605,17.792,65.8987
1515,17.2727,13.7333,227.968,53.1413,41.516,0.0,618.347,2.026,91761.3,9354.24,45681.3,561.301,17.7367,65.248
1530,17.4527,14.0,237.824,55.728,37.1893,0.0,618.219,2.00267,85927.3,8694.78,36102.8,509.547,17.6733,65.2533
1545,17.5873,13.2667,245.216,55.848,31.2893,0.0,617.877,1.89533,92225.5,8250.37,28599.6,459.968,17.586,65.4427
1600,17.6767,13.2,240.48,56.712,27.2693,0.0,617.664,2.19467,86048.8,7576.58,21907.1,404.245,17.416,65.656
1615,17.604,13.0,222.891,58.5307,20.9847,0.0,617.195,2.06067,74290.5,6651.9,14806.4,317.285,17.184,66.264
1630,17.5533,13.3333,215.424,58.7227,21.0673,0.0,616.853,1.84,59438.8,5526.53,10213.0,228.333,16.9753,66.6373
1645,17.4967,14.0,213.163,58.6453,21.1653,0.0,616.128,1.83333,51586.4,5218.3,8249.0,191.803,16.728,66.9493
1700,17.442,14.0,211.691,58.7307,21.084,0.0,615.829,1.566,42681.3,4401.15,6300.67,142.091,16.518,67.1253
1715,17.3613,14.0,212.821,58.2373,21.2467,0.0,614.528,1.18467,3892.22,1419.26,1842.18,38.3507,16.3367,67.048
1730,17.2713,14.0,212.747,58.592,21.1487,0.0,613.845,1.12333,3060.74,1175.55,1404.93,29.7427,16.1513,67.368
1745,17.1667,14.0,211.797,58.712,21.3273,0.0,613.76,0.0,1784.83,0.0,1146.88,18.4067,15.9613,67.536
1800,17.0987,14.0,209.493,58.6907,12.8247,0.0,613.76,0.0,344.064,0.0,0.0,8.34267,15.796,67.6907
1815,17.0,13.0667,210.24,58.872,11.6053,0.0,610.56,0.124667,0.0,0.0,0.0,-0.117333,15.6313,68.008
1830,16.9347,13.0,211.691,58.9973,11.7033,0.0,237.661,0.344667,0.0,0.0,0.0,-3.512,15.4573,68.7307
1845,16.86,13.0,211.435,58.6133,11.6053,0.0,17.9573,0.625333,0.0,0.0,0.0,-3.44667,15.3333,69.2827
1900,16.778,13.0,212.789,59.2213,11.524,0.0,1.31,0.599333,0.0,0.0,0.0,-3.316,15.1667,70.0293
1915,16.67,13.0,213.195,60.28,11.622,0.0,0.65,0.191333,0.0,0.0,0.0,-3.25067,15.0233,70.3147
1930,16.5313,13.0,213.963,60.9573,11.6867,0.0,0.65,0.0,0.0,0.0,0.0,-3.44667,14.878,70.2453
1945,16.4187,13.0,214.965,60.952,11.6053,0.0,0.65,0.072,0.0,0.0,0.0,-3.57733,14.748,70.464
2000,16.2967,13.0,215.157,60.6987,11.6053,0.0,0.65,0.124,0.0,0.0,0.0,-3.316,14.604,70.536
2015,16.2027,12.8667,214.603,59.9173,11.524,0.0,0.65,0.542667,0.0,0.0,0.0,-3.25067,14.462,70.808
2030,16.0707,12.0,216.576,59.808,11.7033,0.0,0.65,0.474667,0.0,0.0,0.0,-3.316,14.2833,71.0907
2045,15.904,11.4667,216.203,59.9333,11.7033,0.0,0.65,0.191333,0.0,0.0,0.0,-3.316,14.0853,71.1547
2100,15.7933,10.4667,216.171,59.1147,11.524,0.0,0.65,0.088,0.0,0.0,0.0,-3.316,13.92,70.9173
2115,15.68,10.0,215.488,59.7093,11.524,0.0,0.65,0.124667,0.0,0.0,0.0,-3.18533,13.792,71.1067
2130,15.572,10.0,215.093,60.1227,11.6053,0.0,0.65,0.0,0.0,0.0,0.0,-3.12,13.6633,71.3653
2145,15.4493,10.0,215.915,59.8587,11.7847,0.0,0.65,0.072,0.0,0.0,0.0,-3.316,13.5367,71.2267
2200,15.3173,10.0,214.827,57.9893,11.5407,0.0,0.65,0.0953333,0.0,0.0,0.0,-3.25067,13.368,70.1733
2215,15.1853,10.0,213.045,55.336,11.6867,0.0,0.65,0.0413333,0.0,0.0,0.0,-3.18533,13.152,68.5253
2230,15.016,9.86667,212.064,54.496,11.7847,0.0,0.65,0.0493333,0.0,0.0,0.0,-3.25067,12.9273,67.68
2245,14.83,9.33333,212.384,54.3093,11.524,0.0,0.65,0.106667,0.0,0.0,0.0,-3.12,12.696,67.1653
2300,14.7013,9.0,211.819,53.712,11.524,0.0,0.65,0.351333,0.0,0.0,0.0,-3.25067,12.4913,66.9973
2315,14.56,9.0,211.659,53.1627,11.5407,0.0,0.65,0.71,0.0,0.0,0.0,-3.12,12.3153,67.016
2330,14.4327,8.66667,210.176,52.1947,11.524,0.0,0.65,0.731333,0.0,0.0,0.0,-3.316,12.1487,66.4853
2345,14.3,8.0,209.664,51.8667,11.5073,0.0,0.65,0.536,0.0,0.0,0.0,-3.18533,12.0067,66.2267
0,14.1747,8.0,208.864,51.208,11.622,0.0,0.65,0.684,0.0,0.0,0.0,-3.25067,11.8573,65.8187
15,14.088,8.0,207.392,50.8853,11.4427,0.0,0.65,1.07,0.0,0.0,0.0,-3.12,11.7293,65.4987
30,13.968,8.0,207.115,50.648,11.6053,0.0,0.65,0.966,0.0,0.0,0.0,-3.18533,11.6067,65.2667
45,13.8427,7.06667,206.357,50.4907,11.6053,0.0,0.65,1.18467,0.0,0.0,0.0,-3.18533,11.516,64.9093
100,13.7387,7.0,206.667,50.3467,11.524,0.0,0.65,0.774,0.0,0.0,0.0,-3.25067,11.4167,64.712
115,13.6367,7.0,206.72,50.304,11.8827,0.0,0.65,0.916667,0.0,0.0,0.0,-3.10733,11.3233,64.7627
130,13.5313,7.13333,205.835,50.272,11.426,0.0,0.65,0.370667,0.0,0.0,0.0,-3.12,11.252,64.7253
145,13.41,7.86667,206.005,50.1707,11.6053,0.0,0.65,0.503333,0.0,0.0,0.0,-3.042,11.138,64.072
200,13.3213,7.8,205.813,50.056,11.524,0.0,0.65,0.392,0.0,0.0,0.0,-3.12,11.0227,63.9387
215,13.2293,7.0,205.365,50.016,11.524,0.0,0.65,0.153333,0.0,0.0,0.0,-3.12,10.9367,63.6
230,13.0987,7.0,205.216,50.0667,11.6053,0.0,0.65,0.864667,0.0,0.0,0.0,-3.18533,10.8247,63.488
245,12.9807,7.0,205.493,50.0933,11.524,0.0,0.65,0.835333,0.0,0.0,0.0,-3.042,10.714,63.4267
300,12.8913,7.0,205.067,50.064,11.4427,0.0,0.65,1.10733,0.0,0.0,0.0,-3.12,10.6267,63.528
315,12.7967,7.0,205.621,50.0907,11.6867,0.0,0.65,0.872,0.0,0.0,0.0,-3.18533,10.548,63.6773
330,12.6987,7.0,205.269,50.056,11.524,0.0,0.65,0.682,0.0,0.0,0.0,-3.042,10.4533,63.5627
345,12.5933,7.0,205.184,50.0747,11.328,0.0,0.65,0.687333,0.0,0.0,0.0,-3.042,10.3627,63.5547
400,12.4707,7.0,204.736,50.1147,11.524,0.0,0.65,0.184,0.0,0.0,0.0,-3.12,10.2433,63.352
415,12.346,5.66667,205.323,50.288,11.524,0.0,0.65,0.546667,0.0,0.0,0.0,-3.18533,10.1113,63.5227
430,12.226,5.0,205.387,50.3147,11.5073,0.0,0.65,0.46,0.0,0.0,0.0,-3.12,10.0053,63.7573
445,12.1113,5.0,204.853,50.2533,11.6053,0.0,0.65,1.08333,0.0,0.0,0.0,-3.18533,9.9,63.768
500,12.0313,5.0,205.707,50.44,11.3613,0.0,0.65,0.233333,0.0,0.0,0.0,-3.12,9.82,63.8853
515,11.9387,5.0,204.875,50.272,11.6053,0.0,0.65,0.406667,0.0,0.0,0.0,-3.042,9.72267,63.9227
530,11.8413,5.0,205.067,50.3787,11.622,0.0,1.178,0.248667,0.0,0.0,0.0,-3.042,9.626,63.96
545,11.7133,5.0,205.899,50.3467,11.5073,0.0,21.952,0.681333,0.0,0.0,0.0,-3.042,9.49333,64.064
600,11.5907,5.0,205.717,50.3627,11.4427,0.0,325.707,0.614667,0.0,0.0,0.0,-3.02933,9.38667,64.0933
615,11.5253,5.0,205.696,50.424,11.6867,0.0,611.2,0.524,0.0,845.824,143.36,2.746,9.30667,63.9813
630,11.4367,5.0,206.197,50.312,18.6613,0.0,611.712,0.48,3956.74,19908.6,4544.51,26.6073,9.24267,64.0133
645,11.3867,5.0,206.048,50.5253,21.148,0.0,613.803,0.376667,8314.88,50473.6,12907.2,72.96,9.22333,64.208
700,11.352,5.33333,206.133,50.04,21.3107,0.0,615.445,0.324,10163.9,60153.9,20272.5,118.917,9.27333,64.1813
715,11.3553,6.0,206.091,49.8773,21.2467,0.0,616.555,0.454,11401.9,66505.4,28532.7,168.251,9.37667,63.8107
730,11.39,6.13333,206.325,49.7867,21.1473,0.0,617.408,0.910667,12419.1,71434.2,37079.7,220.661,9.53,63.5387
745,11.4333,7.0,206.965,49.6693,21.23,0.0,618.048,0.947333,13444.4,75270.8,45305.9,273.152,9.74333,62.9573
800,11.536,7.0,206.219,49.664,21.4093,0.0,618.773,1.016,14627.5,77466.3,53054.1,323.989,9.99467,62.4107
815,11.6187,7.73333,206.485,49.6533,29.8893,0.0,619.2,1.33267,15358.0,78637.7,60263.1,374.613,10.314,61.952
830,11.784,8.0,206.272,49.5813,33.3067,0.0,619.712,1.71867,16104.1,79691.8,66898.6,423.701,10.6873,61.488
845,11.986,9.46667,206.485,49.464,41.5787,0.0,620.096,2.08933,17401.2,79861.1,73067.2,474.155,11.106,61.0347
900,12.2573,10.0,207.232,49.3947,44.16,0.0,620.48,2.37067,17063.9,82001.9,78929.9,520.491,11.4973,60.6907
915,12.492,10.0,207.851,49.352,51.816,0.0,620.608,1.94467,15546.4,81881.8,83886.1,564.267,11.9467,60.3893
930,12.7267,11.0667,207.712,49.2453,51.7387,0.0,621.419,1.15733,14168.1,78749.7,88435.4,601.408,12.466,60.2347
945,12.9873,12.0,208.181,49.0293,51.9973,0.0,621.845,1.25,12957.7,74926.8,93148.5,639.915,12.974,59.9653
1000,13.272,12.4,208.245,48.88,77.5627,0.0,623.125,1.41867,12060.7,68750.0,95436.8,679.552,13.498,59.2053
1015,13.5747,15.0,208.459,48.784,81.7413,0.0,623.595,1.91933,10914.5,59471.2,95436.8,712.661,14.0307,58.3707
1030,13.9113,15.0,208.587,48.632,81.904,0.0,623.509,1.794,10121.2,47777.1,95447.7,740.48,14.542,57.4693
1045,14.224,15.0,208.469,48.408,81.7627,0.0,623.68,1.30267,9540.61,34930.7,95475.0,763.861,15.0487,56.3653
1100,14.556,15.3333,208.779,48.1413,81.7253,0.0,623.979,0.979333,9010.18,24479.1,95518.7,782.592,15.4927,55.6133
1115,14.8713,16.0,208.757,47.9093,82.0027,0.0,624.235,0.817333,8537.09,18253.1,95518.7,799.744,15.9693,54.824
1130,15.2013,16.0,209.365,47.944,81.5627,0.0,623.467,1.96733,8343.55,14979.1,95475.0,800.939,16.3547,55.0293
1145,15.4987,16.0,210.421,48.1013,82.024,0.0,622.144,2.18067,8709.12,12757.0,95354.9,817.493,16.5893,55.384
1200,15.824,16.3333,211.541,48.096,83.2107,0.0,621.76,2.36533,10263.2,10471.1,95234.7,825.472,16.8667,55.2133
1215,16.1253,17.0,212.619,48.1547,81.504,0.0,621.76,2.51733,13344.1,9425.92,95191.0,828.544,17.124,55.24
1230,16.514,17.0,227.52,47.7147,81.6427,0.0,621.632,2.40533,18311.9,9562.11,95191.0,825.045,17.686,53.2427
1245,16.8833,17.1333,249.227,47.2613,81.8427,0.0,621.248,2.20067,25724.2,8938.5,95207.4,816.0,17.7473,53.5867
1300,17.1273,18.0,237.291,47.1547,81.664,0.0,620.437,2.71867,36110.3,8386.56,93055.7,802.859,17.9833,54.008
1315,17.3587,18.0,229.803,46.776,81.6827,0.0,620.48,2.59133,48231.8,8279.04,89079.8,785.195,18.2267,53.768
1330,17.532,18.0,222.763,47.016,81.5013,0.0,620.139,2.60333,61472.8,8429.57,84757.2,768.256,18.4747,52.768
1345,17.7387,17.4667,217.099,45.5147,81.424,0.0,619.84,2.44,72182.4,8508.42,80420.9,749.141,18.7253,52.264
1400,17.9513,16.6667,214.539,45.472,73.4027,0.0,619.499,3.05933,80085.0,8494.08,75328.2,723.797,18.9593,51.6373
1415,18.118,16.0,214.336,46.3253,51.8187,0.0,619.2,2.91667,87463.3,8572.93,69577.4,694.741,19.1147,51.4213
1430,18.2747,16.0,212.309,45.968,51.3093,0.0,619.243,2.53867,90385.1,8680.45,63354.2,658.731,19.3,50.68
1445,18.4247,16.0,212.139,45.272,51.3387,0.0,619.115,2.43533,91701.2,8823.81,56647.7,622.485,19.444,49.464
1500,18.5727,16.0,210.581,43.7413,41.516,0.0,618.987,2.28933,91876.0,8694.78,49375.9,584.939,19.4587,48.3067
1515,18.668,16.0,211.328,43.7093,41.276,0.0,618.603,2.82933,89030.7,8193.02,41563.5,543.296,19.4053,46.856
1530,18.7747,16.0,214.4,43.2933,35.9227,0.0,618.219,2.80733,88484.5,7655.42,33475.2,499.328,19.2973,45.912
1545,18.8367,16.0,216.096,41.7653,27.2047,0.0,617.92,2.324,90101.1,7361.54,26148.9,453.205,19.144,45.1467
1600,18.8973,16.0,232.096,41.8013,20.9853,0.0,617.877,2.88067,87930.2,7139.33,19993.9,405.163,19.3073,41.2667
1615,18.924,16.0,241.344,43.632,21.1827,0.0,617.451,2.558,87689.9,6995.97,15587.3,357.995,19.034,47.448
1630,18.9353,16.0,239.307,46.3947,21.3447,0.0,617.28,2.76933,81442.1,6845.44,12505.1,305.856,18.6013,50.832
1645,18.9233,16.0,235.659,46.7653,20.904,0.0,616.64,2.73533,74582.7,6601.73,10156.4,257.728,18.2233,49.9627
1700,18.9033,15.2667,230.592,45.688,21.2473,0.0,616.512,2.358,68845.6,6207.49,8601.6,205.984,17.8393,47.9307
1715,18.83,15.0,224.704,45.4773,21.066,0.0,616.0,2.408,61475.5,5440.51,7390.21,153.856,17.5413,50.6347
1730,18.782,15.0,222.581,46.584,20.986,0.0,615.552,1.79133,19902.5,3204.1,3627.01,62.112,17.38,52.9227
1745,18.7113,15.0,220.0,47.5733,21.0193,0.0,614.272,1.608,2351.1,1913.86,1705.98,22.74,17.2087,54.8853
1800,18.658,15.0,216.928,48.4133,15.8313,0.0,613.803,1.11933,1662.98,1068.03,939.008,12.2233,17.0447,55.9013
1815,18.59,15.0,215.723,49.136,11.6053,0.0,613.76,0.929333,293.888,0.0,0.0,1.92533,16.8767,56.8613
1830,18.5233,14.6667,214.965,49.8427,11.6867,0.0,309.501,1.10333,0.0,0.0,0.0,-3.512,16.688,57.952
1845,18.438,14.0,213.323,50.488,11.622,0.0,14.0473,0.889333,0.0,0.0,0.0,-3.38133,16.4927,58.6133
1900,18.3633,14.0,213.419,51.1067,11.524,0.0,1.002,0.362,0.0,0.0,0.0,-3.44667,16.28,59.6907
1915,18.2787,14.0,214.059,51.5627,11.866,0.0,0.65,0.228667,0.0,0.0,0.0,-3.44667,16.1027,60.1413
1930,18.19,14.0,213.333,51.8613,11.28,0.0,0.65,0.454,0.0,0.0,0.0,-3.57733,15.95,60.584
1945,18.1127,13.4667,213.323,52.0667,11.7033,0.0,0.694,0.52,0.0,0.0,0.0,-3.64267,15.7533,61.2827
2000,18.0147,13.0,213.728,52.1147,11.524,0.0,0.65,0.778667,0.0,0.0,0.0,-3.44667,15.58,61.0187
2015,17.9193,13.0,213.611,51.76,11.524,0.0,0.65,0.378667,0.0,0.0,0.0,-3.316,15.3973,59.744
2030,17.8267,13.0,214.496,51.5253,11.6867,0.0,0.65,0.430667,0.0,0.0,0.0,-3.44667,15.2293,59.4507
2045,17.7527,13.0,215.072,51.1467,11.622,0.0,0.65,0.612,0.0,0.0,0.0,-3.512,15.0167,59.08
2100,17.65,12.8667,215.915,50.8373,11.4427,0.0,0.65,0.518,0.0,0.0,0.0,-3.316,14.8367,58.632
2115,17.54,12.2,215.36,50.4373,11.7847,0.0,0.65,0.122,0.0,0.0,0.0,-3.316,14.6527,58.0107
2130,17.4687,12.0,215.605,50.1707,11.3447,0.0,0.65,0.148,0.0,0.0,0.0,-3.18533,14.4827,57.9173
2145,17.3727,11.0667,215.787,49.8213,11.7847,0.0,0.65,0.516667,0.0,0.0,0.0,-3.316,14.312,57.8587
2200,17.272,11.0,215.68,49.4373,11.6053,0.0,0.65,0.866667,0.0,0.0,0.0,-3.38133,14.1233,57.688
2215,17.16,11.0,216.341,49.224,11.6867,0.0,0.65,0.866667,0.0,0.0,0.0,-3.316,13.942,57.7973
2230,17.0427,10.4667,216.907,49.296,11.524,0.0,0.65,0.368667,0.0,0.0,0.0,-3.25067,13.7627,58.6347
2245,16.9413,10.0,215.872,49.3867,11.866,0.0,0.65,0.170667,0.0,0.0,0.0,-3.38133,13.618,59.5467
2300,16.8607,9.86667,216.267,49.6693,11.67,0.0,0.65,0.142,0.0,0.0,0.0,-2.964,13.476,60.3253
2315,16.77,9.0,216.523,49.912,11.866,0.0,0.65,0.096,0.0,0.0,0.0,-3.18533,13.34,60.7547
2330,16.666,9.0,215.563,50.032,11.5407,0.0,0.65,0.248667,0.0,0.0,0.0,-3.25067,13.2133,61.3707
2345,16.556,9.0,215.552,50.112,11.6053,0.0,0.65,0.275333,0.0,0.0,0.0,-3.316,13.0907,62.3227
0,16.4493,9.0,215.477,49.9467,11.4427,0.0,0.65,0.287333,0.0,0.0,0.0,-3.18533,12.9607,62.72
15,16.3387,9.0,215.499,49.8187,11.6053,0.0,0.65,0.334,0.0,0.0,0.0,-3.316,12.8107,63.0827
30,16.2393,8.66667,215.125,50.048,11.6867,0.0,0.65,0.08,0.0,0.0,0.0,-3.25067,12.69,62.6267
45,16.1327,8.2,215.157,49.8133,11.622,0.0,0.65,0.245333,0.0,0.0,0.0,-3.10733,12.5407,62.6187
100,16.028,8.0,214.955,49.4587,11.6867,0.0,0.65,0.419333,0.0,0.0,0.0,-3.12,12.3867,62.6853
115,15.9193,8.0,213.941,49.3707,11.6867,0.0,0.65,0.3,0.0,0.0,0.0,-3.18533,12.2447,62.352
130,15.8133,8.0,213.387,49.704,11.524,0.0,0.65,0.0546667,0.0,0.0,0.0,-3.18533,12.1133,62.0053
145,15.7193,8.0,213.237,49.472,11.6053,0.0,0.65,0.0933333,0.0,0.0,0.0,-3.18533,11.9807,61.96
200,15.61,8.0,212.192,49.4373,11.6053,0.0,0.65,0.0,0.0,0.0,0.0,-3.17267,11.8607,61.936
215,15.5127,8.0,211.189,49.2853,11.524,0.0,0.65,0.104,0.0,0.0,0.0,-3.25067,11.718,61.904
230,15.4147,7.66667,212.075,49.3333,11.524,0.0,0.65,0.0493333,0.0,0.0,0.0,-3.10733,11.59,62.032
245,15.318,7.0,210.827,49.2267,11.7033,0.0,0.65,0.0,0.0,0.0,0.0,-3.18533,11.4713,62.0613
300,15.218,7.0,210.112,49.2133,11.6053,0.0,0.65,0.0,0.0,0.0,0.0,-3.25067,11.3627,62.1653
315,15.1233,7.0,210.528,49.3093,11.6867,0.0,0.65,0.0,0.0,0.0,0.0,-3.18533,11.2193,62.4693
330,15.0247,7.0,210.571,49.3067,11.426,0.0,0.65,0.0773333,0.0,0.0,0.0,-3.12,11.106,62.4773
345,14.9093,7.0,210.165,49.0507,11.524,0.0,0.65,0.273333,0.0,0.0,0.0,-3.12,11.016,62.7467
400,14.8033,6.53333,210.741,48.5387,11.7033,0.0,0.65,0.474,0.0,0.0,0.0,-3.12,10.9633,63.3573
415,14.7087,6.0,209.632,48.6507,11.6867,0.0,0.65,0.632,0.0,0.0,0.0,-3.18533,10.886,63.272
430,14.6333,6.0,209.504,49.0533,11.6053,0.0,0.65,0.118667,0.0,0.0,0.0,-3.10733,10.8067,62.8827
445,14.5307,6.0,209.632,48.8347,11.622,0.0,0.65,0.29,0.0,0.0,0.0,-2.964,10.6967,63.5653
500,14.4327,6.0,208.96,48.864,11.6053,0.0,0.65,0.246667,0.0,0.0,0.0,-3.17267,10.6067,63.6187
515,14.334,6.0,208.683,48.5147,11.5887,0.0,0.65,0.585333,0.0,0.0,0.0,-3.042,10.5633,63.832
530,14.2293,6.0,209.216,48.9707,11.622,0.0,1.75,0.246,0.0,0.0,0.0,-3.12,10.4827,63.896
545,14.154,6.0,208.661,49.1013,11.6053,0.0,38.8153,0.194,0.0,0.0,0.0,-3.12,10.4133,63.6347
600,14.0913,6.0,208.533,49.0667,11.622,0.0,415.125,0.072,0.0,0.0,0.0,-2.67733,10.348,63.9547
615,14.0033,6.0,208.597,49.2187,11.524,0.0,611.456,0.0726667,0.0,1182.72,236.544,3.90333,10.2773,63.9333
630,13.916,6.13333,209.045,48.5013,19.946,0.0,612.309,0.659333,4085.76,21963.8,4967.42,31.5687,10.238,64.6213
645,13.8427,7.0,208.555,49.456,21.3907,0.0,613.888,0.284667,7598.08,44078.4,11746.0,73.056,10.216,64.3973
700,13.81,6.46667,208.853,49.4853,21.0507,0.0,615.637,0.0386667,10027.3,55645.5,19127.0,122.208,10.254,64.1813
715,13.7767,6.0,209.429,49.744,20.9047,0.0,616.853,0.0,11545.3,63701.0,27516.9,183.92,10.354,63.848
730,13.77,6.0,209.547,49.8693,21.1653,0.0,617.707,0.0833333,11315.5,62200.5,31568.6,209.947,10.5533,63.0
745,13.7867,7.46667,209.707,49.9333,21.1647,0.0,618.091,0.036,12455.6,66767.5,39150.9,259.776,10.786,61.9093
800,13.8347,8.0,209.877,49.9493,21.3107,0.0,619.285,0.0,13452.6,68769.1,45629.4,299.477,11.0813,61.1627
815,13.8993,8.73333,209.973,49.8,27.952,0.0,620.352,0.0,15307.4,74014.7,55844.9,365.461,11.4247,60.7573
830,13.996,9.06667,210.08,49.7733,35.956,0.0,621.504,0.0,17444.9,78361.9,65912.8,444.267,11.8167,60.5893
845,14.118,9.86667,211.68,49.6667,27.77,0.0,621.205,0.0646667,12026.5,50390.4,46237.0,339.275,12.2353,60.5333
900,14.218,12.2,211.701,49.6747,31.6453,0.0,620.267,0.036,12362.4,56597.2,52345.5,377.483,12.5967,60.6027
915,14.3913,13.0,211.829,49.2453,51.736,0.0,622.101,0.0413333,16419.5,83877.9,82780.2,571.392,12.9733,60.688
930,14.62,13.0,211.968,48.7387,51.56,0.0,622.869,0.395333,14613.2,79866.5,86944.4,598.677,13.422,60.9813
945,14.8507,13.0,212.608,48.184,51.8987,0.0,623.04,0.461333,13387.8,75085.1,91772.2,635.883,13.9173,60.7813
1000,15.126,14.0667,212.245,47.8213,59.8187,0.0,623.168,0.948667,12520.1,67089.7,94426.5,664.661,14.436,60.792
1015,15.4033,15.0,212.395,47.88,78.6853,0.0,623.168,0.822667,11429.9,57363.1,94639.4,693.077,14.96,60.5093
1030,15.7153,15.0,214.347,47.8827,81.664,0.0,623.552,1.13067,11014.5,47185.9,95311.2,724.949,15.4513,59.712
1045,16.0,15.9333,217.237,47.96,81.9227,0.0,622.827,1.61533,10577.2,35467.3,95005.4,746.624,15.8667,58.9787
1100,16.2833,16.0,217.611,47.68,81.824,0.0,622.272,1.43133,10006.5,25710.6,94786.9,755.584,16.2513,58.512
1115,16.5633,16.0,218.933,47.6693,81.8213,0.0,622.4,2.05133,9870.34,19701.8,95354.9,791.637,16.6393,58.24
1130,16.8567,16.0,219.723,47.6853,81.4027,0.0,622.528,1.76333,9999.36,16319.1,95376.7,809.685,17.006,57.7467
1145,17.114,16.0,220.469,47.76,84.2493,0.0,621.973,2.354,10442.1,13968.0,88511.8,792.256,17.328,57.2613
1200,17.388,16.0,221.28,47.8827,89.1147,0.0,621.205,1.97133,11316.9,12154.2,90843.8,781.845,17.6527,56.9227
1215,17.6527,16.0,221.333,47.8933,85.168,0.0,621.803,2.17467,15172.9,10756.8,95202.0,825.6,18.0187,56.624
1230,17.9053,16.0,221.472,47.9653,81.264,0.0,621.547,2.56867,21505.4,10857.1,94519.3,821.717,18.398,56.5307
1245,18.1547,16.7333,220.907,48.0907,81.4827,0.0,620.565,2.64333,30068.7,10979.0,85579.1,783.317,18.768,56.5893
1300,18.3787,17.7333,221.472,48.2693,65.432,0.0,620.053,2.81,33423.4,11890.0,72370.9,683.136,19.0667,57.088
1315,18.576,17.6667,221.397,48.5173,70.7307,0.0,619.84,2.17667,44008.8,11759.6,76622.5,709.739,19.186,57.2533
1330,18.7733,17.0,220.683,48.6827,75.4027,0.0,619.925,2.86467,62113.1,12461.4,81750.7,767.125,19.378,57.4533
1345,18.9967,17.0,220.576,48.816,77.0987,0.0,619.84,2.70067,72837.8,12799.3,77862.2,757.547,19.642,57.208
1400,19.178,17.0,220.501,49.0773,51.9387,0.0,619.413,2.53467,63856.6,12118.4,60166.1,600.469,19.938,56.7973
1415,19.3607,17.0,219.648,49.4453,59.0693,0.0,619.2,2.76267,81657.9,14333.3,67979.9,697.301,20.0167,56.6693
1430,19.544,16.6667,219.413,49.752,50.5387,0.0,619.2,2.27467,77286.1,14512.1,56901.6,632.64,20.154,57.08
1445,19.7073,16.0,218.944,50.0293,50.376,0.0,619.2,2.584,83296.3,15014.6,54659.8,630.016,20.3333,56.936
1500,19.87,16.0,219.445,50.3067,43.8,0.0,619.115,2.64067,81748.0,13473.1,46598.8,579.605,20.3873,56.848
1515,19.9947,16.0,217.664,50.8213,36.1213,0.0,618.432,2.35333,72592.0,11287.2,36902.2,478.784,20.3113,57.0827
1530,20.0873,16.0,216.299,51.08,30.2933,0.0,618.219,2.72733,68579.3,9489.41,29711.0,417.461,20.186,57.4373
1545,20.1553,16.0,214.581,51.3653,22.3213,0.0,617.536,2.346,61745.8,8558.59,23050.9,362.048,19.9567,58.104
1600,20.2033,16.0,213.12,51.512,22.824,0.0,617.408,1.86933,58096.3,8716.29,19067.6,325.781,19.7467,58.8267
1615,20.2367,16.0,211.701,51.7867,21.0033,0.0,616.768,1.986,32154.3,7354.37,11904.3,206.539,19.4633,59.6
1630,20.24,15.8667,210.293,52.1493,20.9027,0.0,616.683,1.91133,47031.6,10370.7,14777.0,281.12,19.2573,60.568
1645,20.2367,15.0667,210.475,52.5387,20.742,0.0,616.64,1.93067,35448.1,8551.42,10485.1,193.579,19.042,61.3573
1700,20.21,15.0,210.677,52.9013,20.742,0.0,615.872,1.77867,11009.7,4974.59,5992.45,91.9733,18.8587,61.6987
1715,20.1587,15.0,209.803,53.168,20.6593,0.0,614.912,1.52933,4852.74,3390.46,3777.54,52.8693,18.62,62.8427
1730,20.1027,15.0,209.696,53.7013,21.0027,0.0,614.4,1.46733,5289.98,2609.15,3118.08,44.312,18.3827,64.3387
1745,20.0467,15.0,208.885,54.3147,19.6207,0.0,614.4,1.49333,2480.13,1777.66,2042.88,27.9493,18.166,65.4107
1800,19.964,14.2667,208.885,54.6267,11.4427,0.0,613.973,0.939333,903.168,401.408,573.44,11.7927,17.98,65.8347
1815,19.89,14.0,209.792,54.832,11.6867,0.0,480.651,0.891333,0.0,0.0,0.0,-0.416,17.8167,66.2533
1830,19.8253,14.0,209.504,54.92,11.6053,0.0,87.0187,0.688,0.0,0.0,0.0,-3.64267,17.6247,65.9333
1845,19.734,14.0,209.109,54.984,11.5073,0.0,6.97933,0.575333,0.0,0.0,0.0,-3.512,17.3913,65.5493
1900,19.656,14.0,209.739,55.0453,11.6867,0.0,1.09,0.562667,0.0,0.0,0.0,-3.64267,17.2113,65.9093
1915,19.5793,14.0,210.283,55.1947,11.7847,0.0,0.782,0.300667,0.0,0.0,0.0,-3.64267,17.018,66.704
1930,19.5,14.0,210.357,55.3173,11.524,0.0,0.694,0.0386667,0.0,0.0,0.0,-3.512,16.8673,67.36
1945,19.4047,14.0,210.4,55.4827,11.6053,0.0,0.65,0.391333,0.0,0.0,0.0,-3.64267,16.7107,68.2693
2000,19.3147,13.2667,210.101,55.568,11.524,0.0,0.65,0.262,0.0,0.0,0.0,-3.708,16.5567,68.7227
2015,19.248,13.0,210.72,55.6693,11.524,0.0,0.65,0.374667,0.0,0.0,0.0,-3.708,16.3973,68.9413
2030,19.148,13.0,210.656,55.7893,11.7033,0.0,0.65,0.308667,0.0,0.0,0.0,-3.708,16.242,69.264
2045,19.06,13.0,210.997,55.8213,11.6867,0.0,0.65,0.0573333,0.0,0.0,0.0,-3.25067,16.108,69.4853
2100,18.9693,13.0,211.435,55.832,11.6053,0.0,0.694,0.181333,0.0,0.0,0.0,-3.57733,16.0,69.7573
2115,18.8967,13.0,211.371,55.8,11.622,0.0,0.65,0.298,0.0,0.0,0.0,-3.64267,15.8847,70.3253
2130,18.8167,13.0,210.944,55.44,11.622,0.0,0.65,0.412667,0.0,0.0,0.0,-3.512,15.7813,70.632
2145,18.7327,13.0,211.061,55.0693,11.6053,0.0,0.65,0.264,0.0,0.0,0.0,-3.44667,15.6747,70.592
2200,18.6413,13.0,211.509,54.9947,11.6053,0.0,0.65,0.344667,0.0,0.0,0.0,-3.44667,15.5433,70.5147
2215,18.566,13.0,211.84,54.32,11.4427,0.0,0.65,0.451333,0.0,0.0,0.0,-3.38133,15.4007,70.288
2230,18.4787,13.0,211.328,54.704,11.866,0.0,0.65,0.207333,0.0,0.0,0.0,-3.25067,15.2513,69.1333
2245,18.3727,12.2667,211.488,54.168,11.6867,0.0,0.65,0.388,0.0,0.0,0.0,-3.25067,15.07,68.864
2300,18.2853,12.0,212.757,53.8267,11.426,0.0,0.65,0.576667,0.0,0.0,0.0,-3.316,14.9207,69.2747
2315,18.1933,12.0,212.277,53.5173,11.7033,0.0,0.65,0.272,0.0,0.0,0.0,-3.36867,14.7887,69.1253
2330,18.1013,11.4667,212.608,53.5787,11.6053,0.0,0.65,0.0,0.0,0.0,0.0,-3.44667,14.6607,68.592
2345,17.99,11.0,213.323,53.7227,11.5073,0.0,0.65,0.0493333,0.0,0.0,0.0,-3.38133,14.4713,68.296
0,17.894,10.4667,213.931,53.4507,11.524,0.0,0.65,0.0,0.0,0.0,0.0,-3.18533,14.3293,68.7893
15,17.8093,10.0,213.44,53.0187,11.622,0.0,0.65,0.0,0.0,0.0,0.0,-3.38133,14.2067,69.5627
30,17.7213,10.0,214.571,53.0133,11.768,0.0,0.65,0.0646667,0.0,0.0,0.0,-3.316,14.108,69.664
45,17.636,10.0,214.795,52.9333,11.6053,0.0,0.65,0.0,0.0,0.0,0.0,-3.316,13.9953,69.824
100,17.5547,10.0,214.101,52.872,11.6053,0.0,0.65,0.0,0.0,0.0,0.0,-3.238,13.8813,69.9307
115,17.474,10.0,214.368,52.632,11.8013,0.0,0.65,0.0,0.0,0.0,0.0,-3.25067,13.7087,70.0693
130,17.38,10.0,214.923,52.4133,11.6053,0.0,0.65,0.0,0.0,0.0,0.0,-3.38133,13.5353,69.8533
145,17.2993,9.33333,215.488,52.4293,11.6867,0.0,0.65,0.0,0.0,0.0,0.0,-3.25067,13.3427,69.9973
200,17.182,9.0,215.541,52.576,11.6053,0.0,0.65,0.0773333,0.0,0.0,0.0,-3.25067,13.2053,70.0827
215,17.0873,9.0,216.459,52.152,11.524,0.0,0.65,0.106,0.0,0.0,0.0,-3.25067,13.07,69.896
230,16.98,8.6,216.0,51.5333,11.7847,0.0,0.65,0.434,0.0,0.0,0.0,-3.25067,12.952,69.44
245,16.8893,8.0,214.827,51.5147,11.7847,0.0,0.65,0.423333,0.0,0.0,0.0,-3.316,12.836,69.2293
300,16.8133,8.33333,214.784,50.9173,11.6053,0.0,0.65,0.950667,0.0,0.0,0.0,-3.12,12.712,69.4027
315,16.704,9.0,213.376,51.5573,11.524,0.0,0.65,0.346667,0.0,0.0,0.0,-3.38133,12.584,69.1707
330,16.5987,8.86667,211.968,51.688,11.6053,0.0,0.65,0.388667,0.0,0.0,0.0,-3.25067,12.4647,68.7733
345,16.5,8.0,211.552,51.4427,11.866,0.0,0.65,0.0,0.0,0.0,0.0,-3.18533,12.34,68.7867
400,16.3947,8.0,211.893,51.4773,11.7033,0.0,0.65,0.0,0.0,0.0,0.0,-3.12,12.1733,68.992
415,16.292,8.0,211.403,51.2053,11.5887,0.0,0.65,0.0773333,0.0,0.0,0.0,-3.25067,12.0573,69.2667
430,16.1953,8.0,211.04,50.9387,11.7847,0.0,0.65,0.268667,0.0,0.0,0.0,-3.12,11.97,69.6133
445,16.1013,8.0,211.467,50.8347,11.524,0.0,0.65,0.256,0.0,0.0,0.0,-3.18533,11.8767,69.6853
500,16.0067,8.0,210.827,50.8507,11.524,0.0,0.65,0.242667,0.0,0.0,0.0,-3.18533,11.76,69.5467
515,15.8973,8.0,210.101,50.7333,11.7033,0.0,0.65,0.668,0.0,0.0,0.0,-3.12,11.6507,68.592
530,15.7893,7.6,210.347,50.8667,11.5073,0.0,1.838,0.188,0.0,0.0,0.0,-3.12,11.524,68.1893
545,15.698,7.0,210.091,50.784,11.6053,0.0,45.9287,0.657333,0.0,0.0,0.0,-3.18533,11.4447,68.5173
600,15.5993,7.0,208.96,50.7227,11.622,0.0,418.277,0.278,0.0,71.68,0.0,-2.45667,11.3547,68.5893
615,15.5013,7.0,209.067,50.992,11.6053,0.0,611.84,0.0493333,222.208,2566.14,688.128,6.324,11.27,68.3653
630,15.4193,7.0,209.472,51.016,20.1407,0.0,612.309,0.0,3290.11,16454.0,4523.01,31.1633,11.19,68.2853
645,15.3373,7.0,208.309,50.9627,20.9213,0.0,613.717,0.0,6537.22,35722.6,10570.4,70.8187,11.1233,68.44
700,15.292,7.0,208.245,50.9173,21.264,0.0,615.509,0.119333,8709.12,47461.7,17072.8,113.205,11.1167,68.5013
715,15.244,7.0,208.416,51.0107,21.1647,0.0,616.512,0.0,10126.7,54744.4,24314.5,158.779,11.1833,68.2987
730,15.232,7.0,207.552,51.0107,20.742,0.0,617.664,0.0,11358.2,61008.6,31957.0,206.155,11.3327,68.0907
745,15.2127,7.0,207.925,51.168,21.02,0.0,618.603,0.0,12462.8,65426.8,39344.8,253.184,11.5187,67.0907
800,15.2413,7.0,208.224,51.2987,21.1467,0.0,619.712,0.106,14606.3,73113.6,49490.6,319.008,11.764,65.824
815,15.2893,7.8,208.405,51.4693,27.4147,0.0,620.011,0.0933333,14613.2,70265.5,53171.5,346.56,12.1273,65.0747
830,15.3527,9.0,208.992,51.4853,34.8173,0.0,620.437,0.393333,16699.4,76720.8,64009.6,422.72,12.5267,64.9493
845,15.4493,10.0,208.352,51.2533,41.3373,0.0,621.547,0.181333,18210.8,79762.8,71863.0,488.277,12.9487,64.904
900,15.6053,11.0667,209.408,51.2373,44.7627,0.0,622.229,0.166,17422.3,80855.0,76008.1,521.024,13.4147,64.8053
915,15.7587,12.0,208.8,50.816,46.3267,0.0,621.845,0.427333,15099.9,72379.1,72755.9,507.307,13.8907,64.4987
930,15.9647,12.3333,209.397,50.6373,51.4747,0.0,622.485,0.503333,15766.2,78080.7,85844.0,594.965,14.312,64.0773
945,16.2033,13.0,209.451,50.2507,51.9147,0.0,622.827,0.891333,15236.4,74151.3,90445.1,636.203,14.7493,63.6613
1000,16.4353,13.6667,209.675,50.0053,61.92,0.0,622.571,1.26267,14562.6,64490.2,90480.6,645.717,15.17,63.144
1015,16.706,15.0,210.229,49.8453,81.4827,0.0,623.552,1.196,15273.3,61186.0,95491.4,727.211,15.568,62.6907
1030,16.9727,15.0,210.848,49.6693,81.7413,0.0,623.979,0.696667,14841.9,48301.4,95518.7,732.459,16.002,62.1147
1045,17.2413,15.0,210.709,49.6373,75.4187,0.0,623.509,0.845333,14713.5,35674.8,91988.0,733.12,16.3973,61.8907
1100,17.5047,15.0,211.211,49.608,81.424,0.0,623.723,1.25,14812.5,28284.2,95491.4,800.768,16.828,61.464
1115,17.7833,15.8667,211.136,49.5813,81.6027,0.0,623.467,1.54467,12590.4,21899.9,93913.1,775.851,17.2213,60.936
1130,18.0467,16.0,211.584,49.5813,76.9413,0.0,622.571,1.35667,11430.9,16777.9,88618.3,708.267,17.6093,60.2933
1145,18.3133,16.0,212.352,49.6427,107.141,0.0,622.997,1.59467,13774.8,16391.5,95425.9,839.936,17.9693,59.408
1200,18.5573,16.0,212.619,49.712,70.7413,0.0,621.931,1.882,17242.8,11380.4,67106.1,619.68,18.2487,58.6533
1215,18.6807,16.0,212.32,50.072,31.056,0.0,618.603,2.066,17528.8,9511.25,34867.9,358.08,18.3767,57.5333
1230,18.8127,16.3333,212.523,50.3493,27.33,0.0,617.877,1.736,17091.9,12232.7,27962.0,353.856,18.3233,56.6507
1245,18.9693,17.7333,211.691,50.3467,64.9547,0.0,619.413,1.42333,27430.9,18188.3,62940.5,692.779,18.3733,57.552
1300,19.1667,17.6667,211.883,50.256,58.08,0.0,619.84,1.80533,32398.0,18333.7,57883.3,671.253,18.658,55.704
1315,19.3287,17.0,211.989,50.4347,61.328,0.0,619.883,2.33867,39884.1,18799.3,65071.8,684.288,18.8773,53.8
1330,19.5153,17.0,211.371,50.2027,65.0493,0.0,620.267,2.39067,50890.1,14813.5,67272.7,654.72,19.1333,53.5253
1345,19.5987,17.0,211.211,49.8533,20.644,0.0,617.664,2.23533,18949.5,8422.4,19910.0,248.715,19.194,49.832
1400,19.6427,17.0,209.696,48.7093,20.8233,0.0,617.195,1.77867,18648.4,11494.7,20267.7,273.909,18.934,49.8827
1415,19.7127,17.0,209.184,48.2533,20.6607,0.0,617.28,1.346,19128.3,12763.8,20060.2,274.357,18.784,50.6453
1430,19.7647,17.0,208.917,48.3387,21.002,0.0,617.28,1.13267,19178.8,13566.0,19738.6,272.533,18.6533,50.5093
1445,19.81,17.0,208.416,48.0293,23.6233,0.0,617.536,0.884,27813.2,14397.4,24149.3,333.397,18.574,50.816
1500,19.8667,17.0,208.245,47.832,34.0027,0.0,618.304,0.744,46003.5,16233.1,32247.8,443.061,18.5953,51.408
1515,19.9587,17.0,208.341,47.7733,29.0547,0.0,618.517,1.20733,41590.8,14984.5,26336.6,389.963,18.7773,51.9307
1530,19.9893,17.0,208.235,47.808,20.742,0.0,617.408,0.912667,17616.9,9231.7,13043.7,181.845,18.8633,52.096
1545,20.0233,17.0,207.808,47.5787,20.9207,0.0,616.64,0.882,20124.3,7182.34,13917.5,188.981,18.7627,51.88
1600,20.03,16.8667,207.104,47.5147,20.6427,0.0,616.64,0.484667,13660.8,7791.62,12003.3,176.651,18.6293,51.8587
1615,20.0333,16.0,207.008,47.6133,20.824,0.0,616.64,0.401333,10986.8,7992.32,9690.11,164.555,18.53,52.1253
1630,20.0267,16.0,206.507,47.704,20.8393,0.0,616.213,0.243333,9117.7,6687.74,7340.03,134.128,18.4587,52.3253
1645,20.0127,16.0,206.165,47.8,20.8227,0.0,616.0,0.49,7311.36,5662.72,5827.58,109.387,18.352,52.792
1700,19.982,16.0,206.219,48.0347,20.922,0.0,615.616,0.150667,5203.97,4652.03,4616.19,81.336,18.2573,52.7733
1715,19.95,16.0,205.792,48.0507,20.8233,0.0,615.36,0.044,4092.93,3720.19,3505.15,61.7973,18.1253,52.5307
1730,19.9,16.0,206.304,48.2667,20.8053,0.0,614.976,0.0,2917.38,2659.33,2566.14,42.216,17.984,53.4747
1745,19.8493,16.0,205.877,48.5733,19.7013,0.0,614.4,0.0,1899.52,1770.5,1734.66,25.67,17.846,53.832
1800,19.8067,15.5333,206.357,48.8907,11.524,0.0,614.4,0.036,774.144,566.272,387.072,11.6633,17.7133,55.4053
1815,19.7433,15.0,206.549,49.3947,11.5073,0.0,557.44,0.0,0.0,0.0,0.0,0.260667,17.5607,56.936
1830,19.6873,15.0,206.741,49.7867,11.524,0.0,145.251,0.0,0.0,0.0,0.0,-3.38133,17.4433,57.8187
1845,19.6127,15.0,207.435,50.096,11.426,0.0,9.30533,0.0,0.0,0.0,0.0,-3.512,17.2827,58.2
1900,19.5433,14.4667,207.541,50.3893,11.6053,0.0,1.09,0.0,0.0,0.0,0.0,-3.708,17.1333,59.0
1915,19.486,14.0,207.84,50.7973,11.524,0.0,0.65,0.036,0.0,0.0,0.0,-3.316,16.9807,60.1867
1930,19.408,14.0,207.68,51.112,11.6053,0.0,0.65,0.0,0.0,0.0,0.0,-3.57733,16.842,60.76
1945,19.336,14.0,207.776,51.3787,11.7033,0.0,0.65,0.0,0.0,0.0,0.0,-3.64267,16.7133,61.1093
2000,19.2667,14.0,208.96,51.6773,11.6053,0.0,0.65,0.0,0.0,0.0,0.0,-3.512,16.578,61.6187
2015,19.1933,14.0,209.813,51.9147,11.524,0.0,0.65,0.0,0.0,0.0,0.0,-3.57733,16.4253,62.2533
2030,19.11,14.0,210.219,52.064,11.524,0.0,0.65,0.0906667,0.0,0.0,0.0,-3.38133,16.238,62.4747
2045,19.0367,13.2667,210.656,52.0053,11.7847,0.0,0.65,0.0826667,0.0,0.0,0.0,-3.38133,16.1093,62.264
2100,18.9547,13.0,212.544,52.008,11.6867,0.0,0.65,0.160667,0.0,0.0,0.0,-3.64267,15.972,62.112
2115,18.88,13.0,213.525,51.9333,11.6053,0.0,0.65,0.0,0.0,0.0,0.0,-3.57733,15.822,61.984
2130,18.8,11.9333,213.44,51.872,11.524,0.0,0.65,0.052,0.0,0.0,0.0,-3.25067,15.6853,62.1013
2145,18.7047,11.0,214.315,51.7147,11.7847,0.0,0.65,0.444,0.0,0.0,0.0,-3.18533,15.5353,62.272
2200,18.6213,11.0,215.317,51.656,11.524,0.0,0.65,0.389333,0.0,0.0,0.0,-3.64267,15.39,62.432
2215,18.5413,11.0,215.925,51.6613,11.524,0.0,0.65,0.0,0.0,0.0,0.0,-3.25067,15.248,61.9627
2230,18.4453,11.0,215.936,51.5333,11.622,0.0,0.65,0.0,0.0,0.0,0.0,-3.44667,15.0767,61.408
2245,18.3533,11.0,216.117,51.3653,11.7847,0.0,0.65,0.0,0.0,0.0,0.0,-3.316,14.874,61.112
2300,18.26,11.0,215.925,51.3013,11.6867,0.0,0.65,0.0,0.0,0.0,0.0,-3.25067,14.7447,61.176
2315,18.1667,11.0,215.253,51.1573,11.622,0.0,0.65,0.305333,0.0,0.0,0.0,-3.44667,14.6433,62.1787
2330,18.0813,10.9333,215.243,51.1973,11.5073,0.0,0.65,0.0,0.0,0.0,0.0,-3.57733,14.5327,62.0667
2345,17.9833,10.2,216.149,51.1173,11.7847,0.0,0.65,0.0,0.0,0.0,0.0,-3.18533,14.3327,62.5813
0,17.882,9.46667,216.277,51.1467,11.524,0.0,0.65,0.0,0.0,0.0,0.0,-3.25067,14.0913,63.152
15,17.7847,9.0,218.016,51.1387,11.4427,0.0,0.65,0.0,0.0,0.0,0.0,-3.38133,13.9453,63.216
30,17.6907,9.0,219.765,51.1653,11.622,0.0,0.65,0.0,0.0,0.0,0.0,-3.316,13.7813,62.856
45,17.5887,9.0,219.467,51.008,11.6867,0.0,0.65,0.0386667,0.0,0.0,0.0,-3.25067,13.6193,62.72
100,17.4927,9.0,218.859,50.8907,11.6867,0.0,0.65,0.0,0.0,0.0,0.0,-3.38133,13.47,62.656
115,17.4033,9.0,217.376,50.7627,11.7033,0.0,0.65,0.181333,0.0,0.0,0.0,-3.25067,13.3513,62.624
130,17.32,9.0,215.328,50.68,11.524,0.0,0.65,0.078,0.0,0.0,0.0,-3.25067,13.2233,62.6347
145,17.1993,9.0,214.645,50.5653,11.6867,0.0,0.65,0.119333,0.0,0.0,0.0,-3.18533,13.056,62.68
200,17.0913,9.0,214.144,50.5093,11.6053,0.0,0.65,0.0773333,0.0,0.0,0.0,-3.316,12.91,63.104
215,16.99,9.0,213.173,50.504,11.524,0.0,0.65,0.0493333,0.0,0.0,0.0,-3.25067,12.806,62.888
230,16.9007,8.86667,212.139,50.4347,11.7033,0.0,0.65,0.036,0.0,0.0,0.0,-3.12,12.6933,62.8853
245,16.816,8.2,212.405,50.3867,11.524,0.0,0.65,0.204667,0.0,0.0,0.0,-3.12,12.586,63.1547
300,16.7227,8.0,210.741,50.3707,11.768,0.0,0.694,0.0,0.0,0.0,0.0,-3.25067,12.4353,63.0667
315,16.6067,8.0,209.984,50.3147,11.622,0.0,0.65,0.0573333,0.0,0.0,0.0,-3.12,12.3167,63.3467
330,16.4973,8.0,209.504,50.28,11.5073,0.0,0.65,0.0386667,0.0,0.0,0.0,-3.18533,12.2313,63.5093
345,16.402,8.0,209.568,50.2693,11.768,0.0,0.65,0.253333,0.0,0.0,0.0,-3.18533,12.1133,63.624
400,16.2947,7.8,209.173,50.328,11.7847,0.0,0.65,0.0,0.0,0.0,0.0,-3.18533,12.0053,63.5493
415,16.2027,7.06667,208.523,50.2987,11.6053,0.0,0.65,0.036,0.0,0.0,0.0,-3.18533,11.8887,63.6267
430,16.112,7.0,208.704,50.2827,11.7033,0.0,0.65,0.052,0.0,0.0,0.0,-3.18533,11.7887,63.688
445,16.0067,7.0,208.171,50.216,11.7847,0.0,0.65,0.134667,0.0,0.0,0.0,-3.10733,11.6793,63.9467
500,15.8973,7.0,207.168,50.1413,11.6053,0.0,0.65,0.592667,0.0,0.0,0.0,-3.18533,11.63,64.024
515,15.8033,7.0,207.765,50.1653,11.524,0.0,0.694,0.412,0.0,0.0,0.0,-3.12,11.5527,63.944
530,15.698,7.0,206.997,50.1253,11.524,0.0,3.11267,0.0853333,0.0,0.0,0.0,-3.25067,11.454,63.9333
545,15.6133,7.0,206.432,50.168,11.768,0.0,92.1167,0.165333,0.0,0.0,0.0,-3.316,11.3867,63.8213
600,15.5087,7.53333,206.528,50.168,11.7033,0.0,543.595,0.036,0.0,344.064,0.0,-1.65133,11.286,63.568
615,15.426,8.0,206.741,50.1467,12.808,0.0,611.797,0.0386667,437.248,3218.43,1254.4,9.384,11.202,63.6693
630,15.348,7.66667,206.229,50.1093,21.0833,0.0,612.523,0.08,4028.42,20851.7,5340.16,37.1927,11.1133,63.8347
645,15.2873,7.0,206.208,50.144,21.0667,0.0,614.016,0.088,7089.15,39604.2,11150.7,77.5707,11.07,63.8347
700,15.2293,7.0,206.197,50.1013,21.0833,0.0,615.744,0.0,9246.72,51757.1,18004.0,122.96,11.1133,63.6747
715,15.182,7.0,206.475,50.04,21.2467,0.0,617.067,0.0,10892.6,60740.9,25933.1,173.067,11.23,63.6267
730,15.1767,7.0,206.325,50.04,21.23,0.0,618.261,0.0646667,12075.0,67398.3,34271.2,224.309,11.41,62.768
745,15.182,7.93333,205.888,50.0693,21.67,0.0,619.456,0.0413333,13236.9,72212.5,42386.8,276.0,11.6513,61.632
800,15.2107,8.26667,206.443,50.0667,21.1473,0.0,620.48,0.0,14577.7,75358.2,50105.0,326.752,11.9873,60.8853
815,15.2813,9.86667,206.635,50.0693,30.5253,0.0,621.163,0.0,15373.0,76890.1,57578.8,376.96,12.3907,60.6107
830,15.3487,10.0,207.371,50.0,32.5907,0.0,621.76,0.0,16226.3,78277.3,64233.5,425.856,12.8353,60.816
845,15.4633,10.6667,206.923,49.9253,41.3547,0.0,622.272,0.129333,17200.5,78785.2,70391.1,473.173,13.328,60.832
900,15.624,12.3333,207.584,49.7413,43.324,0.0,622.613,0.296667,16585.4,80906.9,75896.1,516.395,13.8167,60.9093
915,15.8173,13.0,207.36,49.4827,52.176,0.0,622.869,0.384,15487.7,80538.3,80997.0,559.125,14.322,61.0
930,16.0367,13.6,207.712,49.1653,51.5733,0.0,623.083,0.414667,14377.0,77936.0,85292.4,598.571,14.8433,60.632
945,16.2913,14.0,208.053,48.9147,51.9973,0.0,623.211,0.516667,13566.6,74129.4,89636.9,639.04,15.344,60.4027
1000,16.5513,14.0,208.16,48.7893,68.2773,0.0,623.211,0.706,12885.3,67179.9,93590.9,672.341,15.8113,59.872
1015,16.822,15.8667,208.597,48.656,81.504,0.0,624.32,0.514,11932.3,58534.6,95682.6,706.219,16.28,59.4107
1030,17.0853,16.5333,209.173,48.5333,81.4827,0.0,624.491,0.786667,11236.0,47351.1,95671.6,735.275,16.7313,58.8587
1045,17.4007,17.0,209.248,48.448,81.0213,0.0,624.277,0.918667,10685.1,35273.4,95573.3,759.765,17.2267,58.272
1100,17.6733,17.0,209.611,48.448,81.6027,0.0,624.192,1.068,10257.4,25791.1,95518.7,781.44,17.7033,57.912
1115,17.954,17.0,210.027,48.496,81.5013,0.0,623.68,1.62467,9884.67,19988.5,95513.3,801.835,18.1967,57.3227
1130,18.2433,17.0,210.827,48.7147,81.5627,0.0,623.595,1.64,9597.95,16397.7,95513.3,817.365,18.6027,56.432
1145,18.5493,17.3333,211.179,48.8347,81.424,0.0,622.955,1.946,9963.52,14196.7,95436.8,829.568,18.934,55.6507
1200,18.8327,18.0,211.499,48.8987,81.1813,0.0,622.784,2.194,11466.8,11731.6,95436.8,838.485,19.2733,55.008
1215,19.0933,18.0,212.0,49.0853,81.1813,0.0,622.699,2.24467,14490.3,10577.6,95436.8,842.325,19.59,54.3813
1230,19.368,18.3333,211.819,49.16,81.424,0.0,622.059,2.26867,19470.3,10556.4,95152.8,837.632,19.9193,53.1067
1245,19.6267,19.0,212.341,49.2853,81.0027,0.0,621.632,2.08733,26759.2,9863.17,93738.3,833.28,20.218,52.5387
1300,19.8727,19.0,212.608,49.4053,81.1813,0.0,621.717,1.79867,36986.9,9196.54,91291.6,823.509,20.5507,52.0027
1315,20.1013,19.0,212.704,49.4587,80.8613,0.0,621.632,2.336,49124.7,9010.18,87567.0,810.283,20.92,51.6213
1330,20.3473,19.0,212.107,49.568,80.8427,0.0,621.12,2.27333,62595.1,9117.7,82875.7,792.363,21.2613,51.0587
1345,20.572,19.0,212.245,49.6933,80.9227,0.0,620.779,2.32533,73850.9,9060.35,77862.2,768.213,21.5413,50.24
1400,20.7627,19.0,212.576,49.9653,77.4373,0.0,620.48,2.34667,81660.6,9031.68,73018.0,743.509,21.7827,49.904
1415,20.968,20.0,211.616,49.992,51.24,0.0,620.181,2.274,89331.0,9124.86,67171.7,713.856,22.0053,49.3733
1430,21.1613,20.0,211.883,50.056,50.9787,0.0,619.84,2.17067,93159.4,9239.55,60937.6,683.733,22.1587,48.2373
1445,21.344,19.2667,211.413,49.4053,51.1573,0.0,619.84,2.24467,94295.4,9253.89,54441.3,646.613,22.232,47.424
1500,21.5,19.0,211.072,48.4827,44.4973,0.0,619.712,2.112,94552.1,9067.52,46880.1,607.381,22.2053,46.9947
1515,21.6333,19.0,209.877,47.1653,41.4173,0.0,619.2,2.29733,91542.9,8608.77,38936.6,564.971,22.212,47.9253
1530,21.7333,18.8667,210.059,46.8027,37.8267,0.0,618.859,1.96067,90652.7,8178.69,31253.8,519.424,22.1333,47.5307
1545,21.812,18.0,208.821,46.3733,31.0453,0.0,618.603,2.25,91652.1,7927.81,24481.8,472.363,21.896,46.9653
1600,21.864,18.0,207.787,46.0587,22.8413,0.0,618.176,2.38,89402.0,7719.94,19208.9,423.467,21.5947,46.8293
1615,21.872,18.0,207.403,45.7013,20.742,0.0,617.92,1.852,83962.5,7512.06,15360.0,373.056,21.22,47.2053
1630,21.872,18.0,206.411,45.5547,20.8393,0.0,617.877,1.622,79806.5,7289.86,12419.1,320.821,20.896,47.5227
1645,21.8547,18.0,205.76,45.424,20.562,0.0,617.579,1.82067,75063.3,7038.98,10328.4,269.152,20.5813,47.6453
1700,21.796,18.0,206.539,45.3867,20.8227,0.0,617.237,1.86333,69539.2,6601.73,8809.47,217.291,20.2467,48.2347
1715,21.724,18.0,206.923,45.4907,20.562,0.0,616.725,1.534,62510.4,5841.92,7598.08,165.051,19.9193,48.7147
1730,21.656,18.0,206.859,45.5653,20.84,0.0,616.384,1.13267,31921.5,3913.73,4859.9,84.96,19.6307,49.24
1745,21.5733,17.6667,206.528,45.792,20.742,0.0,615.211,0.836667,3483.65,2214.91,2085.89,25.2387,19.3953,49.68
1800,21.4787,17.0,206.187,45.7333,17.7013,0.0,614.4,1.054,2265.09,1354.75,1340.42,14.788,19.1293,49.832
1815,21.4053,17.0,207.104,46.112,11.2467,0.0,614.016,0.216,358.4,0.0,0.0,1.288,18.8733,51.6507
1830,21.3,16.6667,206.837,46.7387,11.6867,0.0,304.939,0.316,0.0,0.0,0.0,-3.96933,18.6447,53.7253
1845,21.1987,16.5333,206.517,47.1547,11.4427,0.0,25.1567,0.867333,0.0,0.0,0.0,-3.96933,18.3707,54.84
1900,21.1027,16.3333,207.979,47.6293,11.3447,0.0,1.442,0.290667,0.0,0.0,0.0,-3.77333,18.1453,56.0
1915,21.0027,15.0,208.309,48.0453,11.426,0.0,0.65,0.240667,0.0,0.0,0.0,-3.708,17.914,57.2213
1930,20.896,15.0,207.84,48.432,11.4093,0.0,0.65,0.0,0.0,0.0,0.0,-3.512,17.7,58.1867
1945,20.8093,15.0,208.992,48.8613,11.524,0.0,0.65,0.0,0.0,0.0,0.0,-3.64267,17.4927,59.0987
2000,20.7107,15.0,209.28,49.1733,11.5887,0.0,0.65,0.0,0.0,0.0,0.0,-3.512,17.2827,59.5707
2015,20.612,14.0667,209.803,49.464,11.524,0.0,0.65,0.0,0.0,0.0,0.0,-3.512,17.1027,59.8213
2030,20.5147,14.0,210.944,49.6667,11.6867,0.0,0.65,0.0,0.0,0.0,0.0,-3.512,16.8927,60.5067
2045,20.4233,14.0,210.517,49.8107,11.524,0.0,0.65,0.0,0.0,0.0,0.0,-3.38133,16.6993,60.968
2100,20.314,13.8667,211.243,49.864,11.6053,0.0,0.65,0.0,0.0,0.0,0.0,-3.512,16.5067,60.88
2115,20.2,13.0,212.672,49.896,11.4427,0.0,0.65,0.0,0.0,0.0,0.0,-3.64267,16.294,61.296
2130,20.096,13.0,213.387,49.9067,11.524,0.0,0.65,0.230667,0.0,0.0,0.0,-3.38133,16.1053,62.0373
2145,19.9907,13.0,215.136,49.856,11.6053,0.0,0.65,0.134667,0.0,0.0,0.0,-3.512,15.9767,61.752
2200,19.866,12.7333,215.563,49.744,11.6053,0.0,0.65,0.0413333,0.0,0.0,0.0,-3.57733,15.8047,61.4613
2215,19.7547,11.4,216.469,49.4747,11.524,0.0,0.65,0.591333,0.0,0.0,0.0,-3.512,15.5867,60.9813
2230,19.6307,10.8,217.163,49.312,11.6867,0.0,0.65,0.190667,0.0,0.0,0.0,-3.38133,15.362,60.512
2245,19.506,10.4667,216.96,49.0613,11.426,0.0,0.65,0.264667,0.0,0.0,0.0,-3.25067,15.1233,59.8373
2300,19.374,10.0,215.915,48.8453,11.6053,0.0,0.65,0.682,0.0,0.0,0.0,-3.316,14.91,59.3493
2315,19.2467,10.0,215.072,48.7093,11.524,0.0,0.65,0.175333,0.0,0.0,0.0,-3.38133,14.732,59.7387
2330,19.118,10.0,213.653,48.5653,11.7847,0.0,0.65,0.163333,0.0,0.0,0.0,-3.25067,14.5273,59.4347
2345,18.9833,10.0,213.941,48.56,11.5073,0.0,0.65,0.24,0.0,0.0,0.0,-3.38133,14.3653,59.9093
0,18.8767,10.0,212.811,48.512,11.6053,0.0,0.65,0.446,0.0,0.0,0.0,-3.38133,14.1973,59.888
15,18.7547,9.33333,212.533,48.4,11.524,0.0,0.65,0.42,0.0,0.0,0.0,-3.25067,14.01,59.1147
30,18.612,9.0,212.064,48.2187,11.7847,0.0,0.65,0.368667,0.0,0.0,0.0,-3.316,13.8113,57.736
45,18.498,9.0,210.912,47.8933,11.622,0.0,0.65,0.0,0.0,0.0,0.0,-3.316,13.6393,57.528
100,18.36,8.6,211.424,47.9573,11.4427,0.0,0.65,0.0,0.0,0.0,0.0,-3.17267,13.4513,57.7467
115,18.2353,8.0,210.421,47.928,11.6053,0.0,0.65,0.072,0.0,0.0,0.0,-3.316,13.2973,57.9467
130,18.1113,8.0,210.187,47.9493,11.7033,0.0,0.65,0.0386667,0.0,0.0,0.0,-3.44667,13.1373,57.8773
145,17.9693,8.0,210.347,47.7973,11.6053,0.0,0.65,0.155333,0.0,0.0,0.0,-3.18533,12.96,57.8133
200,17.8507,8.0,209.835,47.728,11.6867,0.0,0.65,0.0906667,0.0,0.0,0.0,-3.38133,12.7933,57.8267
215,17.7273,8.0,210.144,47.6533,11.524,0.0,0.65,0.0,0.0,0.0,0.0,-3.316,12.6253,57.6747
230,17.592,7.86667,209.248,47.5573,11.7847,0.0,0.65,0.072,0.0,0.0,0.0,-3.25067,12.4687,57.5413
245,17.484,7.13333,208.779,47.5547,11.4427,0.0,0.65,0.196667,0.0,0.0,0.0,-3.18533,12.3513,57.2213
300,17.368,7.0,208.597,47.6827,11.6867,0.0,0.65,0.528,0.0,0.0,0.0,-3.17267,12.2527,56.1947
315,17.242,7.0,207.68,47.6427,11.622,0.0,0.65,0.679333,0.0,0.0,0.0,-3.44667,12.1333,55.5493
330,17.09,7.0,207.051,47.4747,11.6867,0.0,0.65,0.232,0.0,0.0,0.0,-3.18533,12.042,55.1573
345,16.9833,7.0,206.24,46.9413,11.524,0.0,0.65,0.0933333,0.0,0.0,0.0,-3.18533,11.96,55.2053
400,16.8887,7.0,205.92,46.928,11.8827,0.0,0.65,0.0,0.0,0.0,0.0,-3.18533,11.85,55.288
415,16.7913,7.0,205.771,47.0027,11.6053,0.0,0.65,0.168,0.0,0.0,0.0,-3.25067,11.74,55.3067
430,16.67,7.0,204.309,47.1547,11.6867,0.0,0.65,0.0,0.0,0.0,0.0,-3.18533,11.636,55.4907
445,16.5553,7.0,203.616,47.0587,11.3613,0.0,0.65,0.0,0.0,0.0,0.0,-3.12,11.5153,55.4853
500,16.454,7.0,204.021,47.176,11.7847,0.0,0.65,0.0,0.0,0.0,0.0,-3.18533,11.4287,55.44
515,16.332,7.0,203.947,47.208,11.7847,0.0,0.738,0.0,0.0,0.0,0.0,-3.18533,11.324,55.4187
530,16.232,7.0,203.147,47.3333,11.524,0.0,4.07867,0.226,0.0,0.0,0.0,-3.18533,11.242,55.408
545,16.1227,7.0,203.509,47.6907,11.524,0.0,119.83,0.519333,0.0,0.0,0.0,-3.18533,11.0633,56.432
600,16.014,7.0,204.437,47.488,11.8013,0.0,571.328,0.0,0.0,344.064,0.0,-1.10533,10.8673,56.7227
615,15.8907,7.0,204.416,47.4667,13.508,0.0,611.541,0.0,623.616,3928.06,1347.58,10.5553,10.7287,56.9653
630,15.7867,7.0,206.475,47.336,21.426,0.0,612.437,0.0,4802.56,25538.6,5985.28,42.06,10.6333,57.4827
645,15.6987,7.0,208.149,47.1413,20.968,0.0,614.251,0.0,7719.94,43382.1,11796.8,83.2853,10.6433,57.264
700,15.6367,7.0,208.491,47.216,21.2293,0.0,616.043,0.127333,9640.96,54414.0,18534.4,128.544,10.696,57.448
715,15.5613,7.0,209.28,47.216,21.2473,0.0,617.067,0.267333,11086.8,62387.5,26191.2,178.848,10.8647,56.824
730,15.554,7.33333,209.664,46.9787,20.7247,0.0,618.304,0.113333,12204.7,68799.1,34549.8,230.325,11.0873,56.1893
745,15.562,8.0,209.76,46.768,21.31,0.0,619.2,0.0,13236.2,72917.0,42384.0,281.173,11.43,55.496
800,15.572,8.53333,210.368,46.6827,21.0667,0.0,619.925,0.0,14505.3,75571.2,49930.2,332.128,11.8627,55.3653
815,15.64,8.86667,210.528,46.6293,29.1087,0.0,620.565,0.036,15085.6,75961.7,56672.3,377.643,12.3153,55.7467
830,15.7107,10.2,211.36,46.5867,31.468,0.0,621.291,0.0413333,15988.7,77277.9,63343.3,425.515,12.7853,55.944
845,15.8033,11.8,210.528,46.5307,41.4173,0.0,622.016,0.0,16871.4,78143.5,69744.0,473.28,13.2667,56.1253
900,15.9573,12.1333,211.616,46.5093,41.4347,0.0,622.272,0.679333,16189.4,80355.3,74921.3,515.861,13.7567,56.1067
915,16.1327,13.0,211.424,46.496,51.752,0.0,622.229,0.611333,15157.2,79861.1,80156.0,561.493,14.312,55.6853
930,16.3553,13.0,212.309,46.376,51.8187,0.0,622.4,0.616667,14024.7,77127.7,84183.7,599.787,14.8027,54.9973
945,16.6093,14.6,212.587,46.3227,51.64,0.0,622.315,1.43867,13215.7,73138.2,88353.5,639.893,15.3267,54.3413
1000,16.8593,16.1333,212.544,46.2827,54.3387,0.0,621.845,1.52133,12554.9,65694.4,91968.9,671.232,15.8347,53.7653
1015,17.1727,16.8,229.653,45.792,53.2133,0.0,622.784,1.612,11703.0,57166.5,95289.3,706.475,16.3433,53.2853
1030,17.656,17.0,312.917,46.088,79.6027,0.0,623.04,1.99667,11007.3,46209.7,95442.3,734.933,16.8607,52.6373
1045,18.132,17.0,388.245,46.144,81.5013,0.0,622.997,2.008,10506.9,34294.4,95436.8,759.723,17.3333,52.2507
1100,18.5733,17.0,428.011,46.088,81.664,0.0,623.04,1.70533,10092.5,25030.7,95436.8,780.16,17.8073,51.9333
1115,18.994,17.0,466.837,45.928,81.4827,0.0,623.04,1.75,9791.49,19406.8,95464.1,795.307,18.232,51.544
1130,19.416,17.0,480.384,45.688,81.424,0.0,623.04,1.51733,9612.29,16017.4,95496.9,807.552,18.67,50.9493
1145,19.802,17.0,492.949,45.624,81.2613,0.0,623.04,1.608,10020.9,14031.5,95502.3,817.408,19.1053,50.5973
1200,20.19,17.1333,511.531,45.5227,81.4427,0.0,622.357,1.82533,11609.4,11724.1,94421.0,819.072,19.4993,50.504
1215,20.558,18.0,563.072,45.6533,81.2427,0.0,622.101,1.53133,14656.2,10677.6,93416.1,822.571,19.9227,49.9253
1230,20.92,18.2667,586.432,45.6107,81.0213,0.0,622.144,1.858,19492.2,10713.4,91881.5,819.285,20.38,49.4933
1245,21.244,20.0,590.656,45.6587,80.744,0.0,621.803,1.622,26464.3,10085.4,89909.9,812.757,20.8053,48.9867
1300,21.536,20.0,594.389,45.6053,81.184,0.0,621.76,2.132,36020.2,9404.42,86917.1,801.323,21.1907,48.592
1315,21.832,19.0667,547.157,45.3813,81.12,0.0,621.76,1.72867,47336.1,9175.04,82720.1,784.299,21.564,48.2507
1330,21.948,19.0,527.317,46.424,80.8427,0.0,621.461,2.16,60170.2,9210.88,78225.4,766.336,21.9093,47.7893
1345,22.0973,19.0,472.704,46.6533,77.2613,0.0,621.12,1.99533,70694.2,9153.54,73236.5,742.827,22.2493,46.9707
1400,22.288,19.0,402.816,45.5173,68.8507,0.0,620.779,2.088,77690.2,9153.54,68425.0,717.013,22.596,46.52
1415,22.488,19.0,386.923,45.7627,51.1573,0.0,620.395,2.39267,84970.2,9225.22,62884.5,689.28,22.9147,45.56
1430,22.6253,19.0,343.104,44.72,51.24,0.0,620.181,2.19,87949.3,9253.89,56672.3,654.165,23.048,45.432
1445,22.7653,19.0,315.68,44.2187,49.2347,0.0,619.84,2.55067,88610.1,9210.88,50514.6,619.2,23.176,44.9867
1500,22.8867,19.0,291.829,43.416,41.2747,0.0,619.371,2.16133,88921.4,8916.99,43350.7,579.84,23.256,44.176
1515,22.98,19.0,275.52,43.16,41.3373,0.0,619.2,2.02067,85934.1,8486.91,36196.4,538.859,23.1787,43.2773
1530,23.06,19.0,259.691,42.1413,34.656,0.0,619.2,1.63867,84830.9,8107.01,29271.4,495.211,23.0067,42.1413
1545,23.116,19.0,245.291,41.68,31.224,0.0,618.859,2.26667,85439.8,7784.45,23110.3,449.131,22.832,42.456
1600,23.144,19.0,234.549,41.696,20.742,0.0,618.56,1.964,81403.9,7555.07,18419.7,401.216,22.588,41.8267
1615,23.164,19.0,228.576,41.328,20.742,0.0,618.048,2.41933,76349.4,7268.35,14827.5,350.421,22.22,42.2773
1630,23.128,19.0,224.448,41.4293,20.8213,0.0,617.92,2.13133,71906.6,7024.64,12212.2,300.203,21.7907,43.2507
1645,23.0787,19.0,221.28,41.7307,20.6607,0.0,617.835,1.78867,66246.0,6687.74,10106.2,247.68,21.468,44.968
1700,23.012,18.6667,219.349,42.024,20.7427,0.0,617.237,1.83067,60205.7,6257.66,8651.78,199.072,21.1187,46.1333
1715,22.9307,18.0,216.96,42.6827,20.7407,0.0,616.896,1.60133,52256.8,5476.35,7375.87,149.589,20.828,48.7947
1730,22.8653,18.0,215.243,43.6373,20.904,0.0,616.256,1.742,29179.9,3842.05,5139.46,86.332,20.5747,51.2773
1745,22.772,18.0,214.656,44.408,20.644,0.0,615.339,1.576,4178.94,2035.71,2336.77,30.8147,20.3393,52.7387
1800,22.676,18.0,214.091,45.024,14.3347,0.0,614.464,1.00467,1268.74,229.376,344.064,11.1027,20.1373,53.6
1815,22.5787,17.2667,212.981,45.5813,11.3927,0.0,613.931,0.887333,0.0,0.0,0.0,0.611333,19.9153,54.4667
1830,22.472,17.0,211.787,46.0133,11.23,0.0,319.44,0.583333,0.0,0.0,0.0,-3.77333,19.6753,55.1467
1845,22.364,17.0,212.171,46.528,11.1153,0.0,36.9647,0.199333,0.0,0.0,0.0,-3.708,19.4427,56.2933
1900,22.2427,16.3333,211.456,47.0267,11.0507,0.0,1.97,0.184,0.0,0.0,0.0,-3.708,19.1967,57.2907
1915,22.1413,15.0,211.008,47.4267,11.1153,0.0,0.694,0.129333,0.0,0.0,0.0,-3.96933,18.984,57.8933
1930,22.0387,15.0,211.083,47.7733,11.2133,0.0,0.65,0.334,0.0,0.0,0.0,-3.904,18.76,58.3227
1945,21.9133,15.0,210.699,48.0773,11.5073,0.0,0.65,0.194,0.0,0.0,0.0,-3.904,18.5293,58.6213
2000,21.8173,14.6667,211.424,48.2827,11.524,0.0,0.65,0.0,0.0,0.0,0.0,-3.57733,18.306,58.9333
2015,21.6947,14.0,211.104,48.488,11.3447,0.0,0.65,0.0,0.0,0.0,0.0,-3.708,18.09,59.176
2030,21.5787,14.0,210.549,48.5867,11.426,0.0,0.65,0.0,0.0,0.0,0.0,-3.64267,17.8693,59.576
2045,21.4613,14.0,210.827,48.704,11.3447,0.0,0.65,0.0,0.0,0.0,0.0,-3.83867,17.66,60.0
2100,21.3533,14.0,211.147,48.7573,11.524,0.0,0.65,0.0,0.0,0.0,0.0,-3.64267,17.4333,60.3573
2115,21.2187,14.0,211.136,48.7573,11.6053,0.0,0.65,0.0573333,0.0,0.0,0.0,-3.708,17.248,60.704
2130,21.096,14.0,212.021,48.704,11.5073,0.0,0.65,0.0,0.0,0.0,0.0,-3.38133,17.066,61.0267
2145,20.984,14.0,212.053,48.7307,11.5073,0.0,0.65,0.0,0.0,0.0,0.0,-3.64267,16.888,61.0933
2200,20.8533,14.0,212.491,48.6453,11.524,0.0,0.65,0.0,0.0,0.0,0.0,-3.64267,16.7307,61.2533
2215,20.7373,14.0,212.501,48.1973,11.6053,0.0,0.65,0.586,0.0,0.0,0.0,-3.64267,16.5673,61.6613
2230,20.62,13.7333,212.843,47.9867,11.6867,0.0,0.65,0.609333,0.0,0.0,0.0,-3.316,16.3973,61.8453
2245,20.494,12.0,212.416,48.064,11.2467,0.0,0.65,0.0746667,0.0,0.0,0.0,-3.38133,16.1967,61.544
2300,20.3633,11.8,212.373,47.9173,11.6867,0.0,0.65,0.124,0.0,0.0,0.0,-3.57733,16.0127,61.4533
2315,20.2313,11.2667,213.248,47.7253,11.622,0.0,0.65,0.297333,0.0,0.0,0.0,-3.38133,15.836,61.5387
2330,20.108,10.9333,212.469,47.7307,11.4427,0.0,0.65,0.163333,0.0,0.0,0.0,-3.512,15.666,61.6053
2345,19.9907,10.0667,212.8,47.5493,11.6053,0.0,0.65,0.255333,0.0,0.0,0.0,-3.316,15.4927,61.7573
0,19.8553,10.0,212.011,47.5413,11.328,0.0,0.65,0.0386667,0.0,0.0,0.0,-3.64267,15.3547,61.4907
15,19.7413,10.0,211.509,47.1947,11.6867,0.0,0.65,0.32,0.0,0.0,0.0,-3.25067,15.2013,61.4747
30,19.62,10.0,211.179,47.0987,11.7033,0.0,0.65,0.358667,0.0,0.0,0.0,-3.316,15.0387,61.2373
45,19.4993,10.0,210.624,47.0773,11.5073,0.0,0.65,0.096,0.0,0.0,0.0,-3.316,14.88,61.0773
100,19.3673,9.66667,209.696,47.104,11.4427,0.0,0.65,0.044,0.0,0.0,0.0,-3.38133,14.7313,60.8747
115,19.2573,9.0,210.059,46.928,11.622,0.0,0.65,0.0,0.0,0.0,0.0,-3.44667,14.5607,60.8347
130,19.136,9.0,209.323,46.8773,11.6053,0.0,0.65,0.0,0.0,0.0,0.0,-3.316,14.358,60.96
145,18.998,9.0,209.653,46.8507,11.524,0.0,0.65,0.08,0.0,0.0,0.0,-3.316,14.1847,60.8587
200,18.8973,9.0,209.643,46.744,11.4427,0.0,0.65,0.0,0.0,0.0,0.0,-3.25067,14.0347,60.7147
215,18.774,9.0,209.099,46.6053,11.6867,0.0,0.65,0.126667,0.0,0.0,0.0,-3.25067,13.91,60.8293
230,18.656,9.0,209.227,46.6373,11.524,0.0,0.65,0.0853333,0.0,0.0,0.0,-3.38133,13.7967,60.5387
245,18.5413,9.0,208.683,46.6053,11.524,0.0,0.65,0.262,0.0,0.0,0.0,-3.25067,13.6407,60.496
300,18.4207,9.0,208.779,46.568,11.7033,0.0,0.65,0.044,0.0,0.0,0.0,-3.316,13.5033,60.432
315,18.2967,9.0,208.683,46.528,11.7847,0.0,0.65,0.21,0.0,0.0,0.0,-3.25067,13.3907,60.3253
330,18.17,8.4,207.968,46.4827,11.6053,0.0,0.65,0.121333,0.0,0.0,0.0,-3.12,13.2767,60.216
345,18.0367,8.0,209.291,46.5147,11.6867,0.0,0.65,0.0953333,0.0,0.0,0.0,-3.12,13.1447,60.192
400,17.9193,8.0,208.341,46.4613,11.524,0.0,0.65,0.119333,0.0,0.0,0.0,-3.12,13.0093,60.2853
415,17.81,8.0,207.755,46.4587,11.5887,0.0,0.65,0.0,0.0,0.0,0.0,-3.25067,12.8993,60.2587
430,17.7013,8.0,208.416,46.4587,11.6053,0.0,0.65,0.0,0.0,0.0,0.0,-3.18533,12.7953,60.2187
445,17.596,8.0,208.171,46.4427,11.4427,0.0,0.65,0.0,0.0,0.0,0.0,-3.316,12.6793,60.2933
500,17.484,8.0,208.075,46.44,11.524,0.0,0.65,0.0,0.0,0.0,0.0,-3.316,12.5767,60.232
515,17.3767,7.06667,208.245,46.408,11.7033,0.0,0.694,0.124,0.0,0.0,0.0,-3.25067,12.4733,60.3627
530,17.2647,7.0,207.765,46.4107,11.524,0.0,4.29867,0.636667,0.0,0.0,0.0,-3.12,12.382,60.384
545,17.1193,7.0,208.277,46.408,11.866,0.0,125.958,1.11333,0.0,0.0,0.0,-3.18533,12.256,60.4213
600,17.0067,7.0,208.267,46.4213,11.4427,0.0,570.987,0.370667,0.0,243.712,0.0,-0.871333,12.1433,60.3787
615,16.912,7.0,207.541,46.384,13.166,0.0,611.925,0.168,566.272,3519.49,1283.07,10.764,12.076,60.3547
630,16.8433,7.0,209.035,46.336,21.0673,0.0,612.821,0.330667,3627.01,18266.8,5046.27,39.1587,11.9933,60.4053
645,16.7447,7.0,209.365,46.3307,21.0027,0.0,613.803,0.672,6279.17,33023.3,9890.47,75.8907,11.96,60.4053
700,16.6733,7.0,208.789,46.2933,21.3273,0.0,615.04,0.544667,8171.52,43730.3,15753.2,117.467,11.9667,60.4347
715,16.5927,7.73333,209.323,46.2533,21.0667,0.0,616.256,0.044,9741.31,51893.6,22538.2,163.035,12.052,60.5787
730,16.5613,8.0,209.397,46.2213,21.166,0.0,617.408,0.036,11007.3,59110.7,30090.6,212.256,12.1593,60.392
745,16.55,8.2,209.173,46.224,21.002,0.0,618.603,0.124,12297.6,64539.3,37796.5,262.016,12.408,59.0667
800,16.5607,9.26667,209.504,46.2427,21.2127,0.0,619.499,0.173333,13538.6,67756.0,44847.1,309.6,12.8507,57.9627
815,16.618,10.0,210.005,46.2053,24.926,0.0,620.395,0.156,14476.6,70003.4,51839.0,357.76,13.236,57.688
830,16.694,10.3333,210.731,46.1707,31.3707,0.0,621.376,0.0,15386.6,71349.6,58133.2,402.453,13.7007,57.9333
845,16.7993,11.0,211.371,46.1227,36.6213,0.0,622.187,0.0,16153.9,72127.8,63690.1,444.096,14.1867,57.632
900,16.9193,11.0,211.104,45.9627,41.1933,0.0,622.4,0.201333,15830.4,74945.9,69255.2,488.469,14.7087,57.04
915,17.054,12.0,211.285,45.8373,41.4,0.0,622.144,1.43,15222.8,74814.8,74558.1,533.44,15.2087,56.2933
930,17.2667,14.0,211.253,45.8133,49.0293,0.0,622.101,1.87067,14462.3,73203.7,78927.2,575.893,15.7507,55.72
945,17.46,14.5333,211.061,45.912,51.7493,0.0,621.632,2.768,13916.8,69959.7,83279.9,618.304,16.276,54.808
1000,17.72,15.0,211.851,45.84,51.5733,0.0,621.632,2.81933,13559.8,63621.8,87517.9,654.08,16.7673,54.056
1015,17.964,16.0667,211.52,45.8667,67.3173,0.0,621.205,3.116,12806.8,55814.8,91553.8,687.403,17.316,53.2133
1030,18.2267,17.0,211.147,45.9867,81.1627,0.0,621.632,2.97667,12226.6,45910.7,94786.9,718.037,17.756,52.5147
1045,18.4733,17.0,210.784,46.0027,81.3413,0.0,622.357,2.876,11789.7,35015.3,95431.3,743.851,18.1367,52.3467
1100,18.7293,17.0,210.283,46.072,81.504,0.0,622.4,2.76067,11474.3,26529.8,95436.8,767.275,18.4673,52.1333
1115,18.9653,17.9333,210.891,46.1627,81.3413,0.0,622.272,3.07933,11179.3,20996.8,95344.0,780.501,18.8313,51.6827
1130,19.2027,18.0,211.659,46.312,81.2427,0.0,621.291,3.48267,11070.1,17737.7,94153.4,794.24,19.212,51.1387
1145,19.442,18.0,213.195,46.224,81.5013,0.0,621.163,3.08067,11602.6,15674.0,92220.1,800.768,19.5607,50.5387
1200,19.7413,18.0,215.723,45.1573,81.1013,0.0,621.12,3.26533,13250.6,13430.8,90865.7,804.139,19.894,50.4293
1215,20.062,18.0,215.595,44.3787,81.0827,0.0,621.12,3.304,16318.5,12492.1,89369.3,799.915,20.1793,50.104
1230,20.3,18.1333,211.883,44.328,80.9227,0.0,621.12,3.31267,21088.9,12484.6,87894.7,795.989,20.4413,49.8267
1245,20.5147,19.0,210.912,44.392,81.1013,0.0,620.907,3.578,27648.0,11679.7,86021.5,788.608,20.62,49.0773
1300,20.6667,19.0,210.997,45.1867,80.7627,0.0,620.736,3.32467,36440.7,10922.7,83036.8,778.24,20.824,49.0933
1315,20.82,18.6,211.349,45.608,80.9227,0.0,620.608,3.71067,46820.0,10570.8,79167.5,762.581,21.0227,48.3333
1330,21.0107,18.0667,210.485,45.304,79.6053,0.0,620.48,3.07667,58373.5,10508.3,74629.1,742.315,21.2227,48.352
1345,21.2133,18.0,211.317,45.36,52.1973,0.0,620.309,2.888,68091.9,10350.6,69877.8,718.848,21.4627,48.1653
1400,21.3787,18.0,211.168,45.6267,50.9787,0.0,620.139,2.922,74386.1,10192.9,65003.5,691.541,21.656,48.2507
1415,21.5347,18.0,211.339,45.8133,51.0773,0.0,619.84,2.616,81436.7,10042.4,59908.1,666.88,21.832,48.3573
1430,21.6947,18.0,211.029,45.2347,51.16,0.0,619.712,3.39267,84465.0,10013.7,54340.3,636.608,21.9693,47.4987
1445,21.8267,18.0,212.117,45.928,43.2587,0.0,619.541,2.918,84432.2,9820.16,48027.0,598.101,22.0213,47.3893
1500,21.896,18.0,210.805,45.1307,41.3547,0.0,619.2,2.87067,85158.6,9497.6,41514.3,562.517,22.0027,47.7013
1515,21.964,18.0,211.456,46.36,41.4173,0.0,619.2,2.118,82318.7,8981.5,34665.8,523.115,21.904,48.2053
1530,22.0373,18.0,210.315,45.4453,31.224,0.0,618.645,2.93267,80292.5,8537.09,28120.4,477.504,21.8493,48.144
1545,22.0547,18.0,210.283,45.4827,27.6433,0.0,618.347,2.95333,80546.5,8228.86,22562.8,435.029,21.6547,48.5813
1600,22.0693,18.0,210.752,46.144,20.724,0.0,617.963,3.04933,76305.7,7870.46,18268.8,390.677,21.3973,49.6133
1615,22.0507,18.0,210.805,46.2293,20.8233,0.0,617.792,2.37733,73102.7,7490.56,14813.2,345.077,21.0667,50.112
1630,22.012,17.8667,211.136,46.2667,20.742,0.0,617.749,2.51067,69312.5,7203.84,12268.2,296.512,20.7693,50.5547
1645,21.8867,17.2,210.347,45.808,20.742,0.0,617.28,2.71867,64498.3,6831.1,10242.4,248.661,20.4487,50.8347
1700,21.7733,17.0,210.912,46.4,20.9027,0.0,616.768,2.826,58493.6,6343.68,8673.28,199.403,20.1433,51.6587
1715,21.6507,16.0667,210.251,46.3147,20.6607,0.0,616.597,2.534,51172.7,5512.19,7340.03,151.291,19.852,52.12
1730,21.4973,16.0,210.272,46.616,20.8407,0.0,616.0,1.98133,31798.3,4014.08,5376.0,92.7453,19.588,52.872
1745,21.36,16.0,210.624,47.112,20.6427,0.0,615.275,1.54933,4601.86,2293.76,2573.31,34.096,19.3907,53.416
1800,21.208,16.0,210.677,47.4,18.9207,0.0,614.464,1.2,3010.56,1490.94,1713.15,19.8647,19.1973,53.784
1815,21.0733,16.0,211.403,47.4373,11.4427,0.0,614.357,0.966,1182.72,71.68,301.056,5.84267,18.9413,54.104
1830,20.928,16.0,211.488,48.6933,11.4093,0.0,522.432,0.539333,0.0,0.0,0.0,-3.004,18.732,55.464
1845,20.788,15.4667,212.437,50.3333,11.426,0.0,90.4007,0.389333,0.0,0.0,0.0,-3.708,18.5253,57.144
1900,20.6067,15.0,213.163,51.8587,11.5073,0.0,3.11267,0.233333,0.0,0.0,0.0,-3.708,18.2847,58.3467
1915,20.452,15.0,213.867,52.4933,11.328,0.0,0.782,0.0,0.0,0.0,0.0,-3.64267,18.1053,58.848
1930,20.2707,15.0,213.995,52.5707,11.3447,0.0,0.65,0.0,0.0,0.0,0.0,-3.77333,17.8773,59.3973
1945,20.1107,14.4,214.795,52.472,11.4427,0.0,0.65,0.0,0.0,0.0,0.0,-3.57733,17.678,59.5387
2000,19.966,14.0,215.883,52.3093,11.4093,0.0,0.65,0.0,0.0,0.0,0.0,-3.38133,17.5213,59.5173
2015,19.78,14.0,216.811,53.2827,11.4907,0.0,0.65,0.0,0.0,0.0,0.0,-3.57733,17.3213,60.6213
2030,19.6267,14.0,216.811,54.1253,11.524,0.0,0.65,0.0,0.0,0.0,0.0,-3.57733,17.1453,61.512
2045,19.4767,14.0,216.779,54.5333,11.4427,0.0,0.65,0.036,0.0,0.0,0.0,-3.83867,16.9813,62.0133
2100,19.314,14.0,218.645,54.1867,11.6867,0.0,0.65,0.122,0.0,0.0,0.0,-3.512,16.828,61.8507
2115,19.186,14.0,218.379,53.016,11.3613,0.0,0.65,0.0,0.0,0.0,0.0,-3.44667,16.6707,61.344
2130,19.0833,14.0,217.077,51.0267,11.4907,0.0,0.65,0.126667,0.0,0.0,0.0,-3.57733,16.5413,61.0827
2145,18.9327,12.9333,217.141,50.224,11.6053,0.0,0.65,0.129333,0.0,0.0,0.0,-3.512,16.3867,60.9893
2200,18.7867,12.0,217.483,50.872,11.3447,0.0,0.65,0.100667,0.0,0.0,0.0,-3.512,16.2407,60.7013
2215,18.6273,11.2667,217.152,49.4453,11.6867,0.0,0.65,0.404,0.0,0.0,0.0,-3.44667,16.0807,61.2933
2230,18.524,11.0,216.864,48.3467,11.622,0.0,0.65,0.781333,0.0,0.0,0.0,-3.512,15.9347,61.7333
2245,18.3647,11.0,216.395,50.0027,11.6867,0.0,0.65,0.0773333,0.0,0.0,0.0,-3.316,15.7887,60.928
2300,18.1967,10.0667,215.307,49.4747,11.7033,0.0,0.65,0.0386667,0.0,0.0,0.0,-3.38133,15.6247,60.5627
2315,18.0573,10.0,214.4,48.7867,11.3447,0.0,0.65,0.212667,0.0,0.0,0.0,-3.512,15.454,60.6773
2330,17.8827,10.7333,213.856,49.3093,11.5887,0.0,0.65,0.110667,0.0,0.0,0.0,-3.512,15.316,60.464
2345,17.7493,11.0,213.589,49.5253,11.6053,0.0,0.65,0.0493333,0.0,0.0,0.0,-3.44667,15.1733,60.3413
0,17.6173,10.4667,212.597,49.472,11.524,0.0,0.65,0.188667,0.0,0.0,0.0,-3.25067,15.0313,60.1787
15,17.4907,10.0,212.32,49.8133,11.6867,0.0,0.65,0.0413333,0.0,0.0,0.0,-3.316,14.886,60.3013
30,17.3687,10.0,211.296,49.5493,11.622,0.0,0.65,0.0,0.0,0.0,0.0,-3.44667,14.7507,60.1547
45,17.246,10.0,210.624,49.328,11.5887,0.0,0.65,0.0,0.0,0.0,0.0,-3.38133,14.6427,59.9413
100,17.068,10.0,211.221,49.776,11.7033,0.0,0.65,0.0,0.0,0.0,0.0,-3.38133,14.4607,60.168
115,16.9453,10.0,210.464,48.136,11.4427,0.0,0.65,0.246,0.0,0.0,0.0,-3.18533,14.3293,60.1467
130,16.84,10.0,210.421,48.6853,11.6867,0.0,0.65,0.22,0.0,0.0,0.0,-3.25067,14.2333,59.7627
145,16.7027,9.46667,209.856,48.6053,11.6053,0.0,0.65,0.226,0.0,0.0,0.0,-3.38133,14.0773,59.712
200,16.5487,8.46667,209.6,48.9093,11.6053,0.0,0.65,0.0413333,0.0,0.0,0.0,-3.64267,13.938,59.8987
215,16.4287,8.0,210.112,48.624,11.524,0.0,0.65,0.168667,0.0,0.0,0.0,-3.316,13.8033,60.152
230,16.3027,8.0,209.365,48.9573,11.7033,0.0,0.65,0.088,0.0,0.0,0.0,-3.44667,13.7047,60.3307
245,16.1813,8.0,209.408,48.5067,11.6053,0.0,0.65,0.371333,0.0,0.0,0.0,-3.38133,13.5913,60.5067
300,16.0613,8.0,209.899,48.9707,11.6867,0.0,0.65,0.132,0.0,0.0,0.0,-3.25067,13.4893,60.6293
315,15.9187,8.0,209.92,49.592,11.4427,0.0,0.694,0.0,0.0,0.0,0.0,-3.316,13.358,60.776
330,15.8,8.0,210.027,48.576,11.7033,0.0,0.65,0.265333,0.0,0.0,0.0,-3.25067,13.2533,61.0213
345,15.698,8.0,208.875,47.408,11.6053,0.0,0.65,0.684667,0.0,0.0,0.0,-3.316,13.1967,61.3733
400,15.62,8.0,209.323,47.5093,11.426,0.0,0.65,0.496,0.0,0.0,0.0,-3.25067,13.122,61.0933
415,15.5053,8.0,209.355,47.7067,11.6053,0.0,0.65,0.398,0.0,0.0,0.0,-3.25067,13.0467,60.9787
430,15.3773,8.0,208.672,47.3093,11.7847,0.0,0.65,0.49,0.0,0.0,0.0,-3.12,12.9573,60.896
445,15.3087,8.0,209.248,47.4213,11.524,0.0,0.65,0.402,0.0,0.0,0.0,-3.44667,12.858,60.424
500,15.1913,8.0,209.291,47.848,11.7847,0.0,0.65,0.502667,0.0,0.0,0.0,-3.18533,12.7767,60.0293
515,15.116,8.0,208.448,47.64,11.4427,0.0,0.87,0.122,0.0,0.0,0.0,-3.316,12.684,59.896
530,15.0173,8.0,208.331,47.4053,11.7033,0.0,5.924,0.4,0.0,0.0,0.0,-3.38133,12.6267,59.8
545,14.9153,8.0,209.461,47.7493,11.6053,0.0,136.417,0.147333,0.0,0.0,0.0,-3.12,12.5393,59.7493
600,14.79,8.0,209.472,47.896,11.3613,0.0,578.197,0.156,0.0,465.92,0.0,-0.272,12.438,59.7867
615,14.7353,8.0,209.771,47.7467,14.1267,0.0,612.48,0.365333,924.672,4243.11,1727.49,13.4713,12.354,59.6213
630,14.65,8.0,210.923,47.7227,21.408,0.0,613.376,0.0853333,4530.18,23384.1,5884.93,44.584,12.31,59.4773
645,14.6067,8.0,211.221,47.5227,21.426,0.0,614.528,0.165333,7067.65,37380.1,10649.9,81.936,12.29,59.2613
700,14.59,8.0,210.997,47.5253,20.8233,0.0,615.829,0.305333,8873.98,48010.6,16762.9,124.56,12.366,58.9307
715,14.61,8.0,210.187,47.4427,21.0027,0.0,617.195,0.0593333,10356.4,56000.5,23732.9,171.163,12.4867,58.656
730,14.65,8.0,209.675,47.3067,21.1007,0.0,618.133,0.052,11487.2,62633.3,31316.7,220.0,12.6813,58.2373
745,14.7347,8.93333,210.432,47.3387,21.4733,0.0,619.328,0.0573333,12591.1,67226.3,38912.0,267.947,12.9033,57.5467
800,14.8073,9.0,211.029,47.584,21.1653,0.0,619.84,0.334667,13846.5,70254.6,46268.4,316.565,13.256,57.0
815,14.9467,10.4667,210.987,47.9493,25.006,0.0,620.352,0.0,14699.2,72138.8,53395.5,365.163,13.6387,56.9467
830,15.1133,11.3333,211.328,47.2053,31.1427,0.0,621.461,0.0,15695.2,73733.5,60140.2,412.821,14.0593,56.904
845,15.318,12.0,212.235,46.5147,36.524,0.0,622.144,0.0,16368.3,75014.1,66240.5,458.176,14.532,56.8373
900,15.566,14.8,213.472,46.288,41.4973,0.0,622.784,0.122,15909.5,77936.0,71802.9,500.971,15.0313,56.4027
915,15.8353,15.0,214.827,46.7067,44.7427,0.0,622.784,0.67,15164.8,77264.2,76775.4,544.747,15.524,55.952
930,16.1353,15.0,214.261,46.7467,51.64,0.0,622.4,1.49733,14318.9,75694.1,81223.7,590.144,16.0493,54.8187
945,16.4247,15.7333,213.408,46.4187,51.9947,0.0,622.315,1.81733,13702.5,71759.2,85352.4,629.099,16.5493,53.712
1000,16.7027,16.0,214.059,46.0987,51.656,0.0,622.315,2.25267,13251.9,64965.3,89604.1,663.893,17.024,52.9253
1015,17.0213,17.8667,212.416,45.792,61.7387,0.0,622.144,2.304,12468.9,56756.9,93929.5,699.904,17.452,52.0613
1030,17.3387,18.0,212.107,45.448,81.7413,0.0,623.04,2.06267,11810.8,46014.5,95518.7,727.765,17.874,51.3973
1045,17.6527,18.0,211.691,45.0187,81.2613,0.0,623.253,2.22733,11343.9,34735.4,95518.7,754.176,18.256,50.6853
1100,17.9773,18.0,211.573,45.1253,81.7413,0.0,623.083,2.31533,11000.5,25938.6,95518.7,775.936,18.712,49.9253
1115,18.3967,18.0,211.947,44.7867,81.2427,0.0,622.912,3.09133,10670.8,20460.9,95502.3,796.16,19.1333,49.0
1130,18.8013,18.3333,212.192,44.368,81.5013,0.0,621.931,2.73667,10407.9,17071.4,94524.8,808.875,19.482,48.5893
1145,19.108,19.0,212.512,45.2133,81.1013,0.0,621.76,2.612,10828.8,15014.6,93285.0,817.92,19.7773,47.9973
1200,19.4453,19.0,212.267,45.2,81.3227,0.0,621.76,2.702,12320.1,12605.4,92766.2,823.979,20.1333,47.5947
1215,19.7153,19.0,213.323,45.8293,81.4,0.0,621.632,2.72267,15381.2,11675.0,91996.2,826.752,20.436,46.96
1230,19.9867,19.0,213.899,45.7973,81.36,0.0,621.589,2.352,20172.1,11616.3,90461.5,820.864,20.7227,46.7893
1245,20.1827,19.0,213.739,46.1573,81.104,0.0,621.504,2.53933,27131.9,10950.0,88260.6,813.867,21.0653,46.0453
1300,20.3727,19.0,213.035,46.792,81.2427,0.0,621.12,3.29267,36577.3,10235.9,85150.4,804.992,21.3573,45.144
1315,20.6133,19.0,212.416,46.6053,80.8613,0.0,621.077,3.266,47641.9,9870.34,80775.9,790.528,21.5947,44.3973
1330,20.8907,19.0,213.888,46.8107,80.8427,0.0,621.12,2.764,60181.2,9791.49,75827.9,769.28,21.8453,44.232
1345,21.2333,19.0,223.829,45.3547,68.0147,0.0,620.736,3.30067,71215.8,9576.45,71213.1,750.891,22.2013,44.248
1400,22.22,19.0,266.891,43.728,31.2093,0.0,620.608,2.41667,78454.8,9425.92,66207.7,724.437,22.4387,42.6853
1415,23.004,19.0,327.925,42.0853,30.016,0.0,620.608,2.098,85658.3,9390.08,60664.5,693.888,22.6973,42.7067
1430,23.4787,19.0,318.155,41.8013,39.352,0.0,620.437,2.59067,89560.4,9454.59,55107.6,665.237,22.9133,42.5067
1445,23.48,19.0,282.827,38.432,46.3533,0.0,620.011,2.84,90243.1,9368.58,48586.8,630.677,23.076,41.728
1500,23.1387,19.0,240.171,35.9853,41.6773,0.0,619.84,2.73067,90406.9,9017.34,41383.3,589.931,23.1,39.8867
1515,23.012,19.0,221.589,34.6987,41.2747,0.0,619.285,2.42933,86949.9,8630.27,34235.7,547.861,23.056,39.6787
1530,22.972,19.0,217.931,34.3173,35.1427,0.0,619.2,2.314,85109.4,8250.37,27403.6,500.117,22.9693,38.728
1545,23.0093,19.0,215.36,35.0973,29.7427,0.0,618.859,2.71333,83787.8,8006.66,21671.9,452.779,22.796,38.1493
1600,23.18,19.0,214.763,35.728,20.6607,0.0,618.56,2.29667,79902.0,7748.61,17480.4,405.376,22.568,38.292
1615,23.224,19.0,213.387,36.0853,20.922,0.0,618.304,2.146,76292.1,7476.22,14268.4,355.627,22.2493,38.4067
1630,23.212,19.0,213.013,36.4147,20.724,0.0,617.92,2.086,72526.5,7254.02,11939.2,305.749,21.904,38.7827
1645,23.196,19.0,212.437,36.7507,20.8407,0.0,617.792,2.278,67515.7,6945.79,10127.7,254.901,21.572,39.216
1700,23.132,19.0,212.085,37.0427,20.822,0.0,617.28,1.93333,61349.9,6487.04,8716.29,204.725,21.24,39.7853
1715,23.056,19.0,212.096,37.284,20.8393,0.0,616.981,1.5,55563.6,5755.9,7519.23,158.512,20.9773,40.5587
1730,22.98,19.0,211.445,37.4907,20.3833,0.0,616.597,1.36667,37517.7,4293.63,5720.06,99.9373,20.696,40.7987
1745,22.888,18.0667,210.955,37.8547,20.7407,0.0,615.659,0.999333,3820.54,2343.94,2508.8,30.7347,20.4373,41.736
1800,22.804,18.0,210.4,38.3947,19.0993,0.0,614.848,0.943333,2709.5,1591.3,1748.99,18.5233,20.2153,43.4693
1815,22.696,18.0,211.723,39.1573,11.4907,0.0,614.4,0.619333,1225.73,229.376,394.24,5.56867,20.0133,45.3787
1830,22.5907,18.0,211.477,40.0867,11.2467,0.0,546.325,0.804667,0.0,0.0,0.0,-3.06933,19.7807,48.352
1845,22.4933,17.6667,211.52,41.0267,11.132,0.0,105.111,0.537333,0.0,0.0,0.0,-3.83867,19.5553,50.488
1900,22.3813,16.2667,212.288,42.072,11.5887,0.0,3.94733,0.507333,0.0,0.0,0.0,-3.96933,19.3647,52.624
1915,22.2733,16.0,212.373,42.9307,11.3447,0.0,0.738,0.385333,0.0,0.0,0.0,-3.77333,19.1393,53.92
1930,22.1787,16.0,212.811,43.7173,11.3113,0.0,0.65,0.297333,0.0,0.0,0.0,-3.77333,18.8913,55.288
1945,22.0613,15.4667,213.248,44.2427,11.4093,0.0,0.65,0.0386667,0.0,0.0,0.0,-3.708,18.7073,56.1147
2000,21.964,15.0,213.067,44.7253,11.2467,0.0,0.65,0.0773333,0.0,0.0,0.0,-3.96933,18.496,56.824
2015,21.86,15.0,213.664,45.2,11.622,0.0,0.65,0.248667,0.0,0.0,0.0,-3.708,18.278,57.768
2030,21.7507,15.0,214.016,45.6027,11.5073,0.0,0.65,0.126667,0.0,0.0,0.0,-3.708,18.0987,58.4667
2045,21.628,14.2667,214.059,45.84,11.132,0.0,0.65,0.08,0.0,0.0,0.0,-3.512,17.9373,58.9227
2100,21.5147,14.0,214.005,46.1547,11.7847,0.0,0.65,0.0573333,0.0,0.0,0.0,-3.64267,17.7713,59.4533
2115,21.4187,14.0,214.368,46.0907,11.3447,0.0,0.694,0.181333,0.0,0.0,0.0,-3.57733,17.5993,59.9627
2130,21.3,13.2667,213.728,45.9013,11.3113,0.0,0.65,0.390667,0.0,0.0,0.0,-3.44667,17.4293,59.5333
2145,21.1707,13.0,215.264,45.736,11.622,0.0,0.65,0.0,0.0,0.0,0.0,-3.57733,17.206,57.4133
2200,21.0427,13.0,214.88,45.136,11.524,0.0,0.65,0.292667,0.0,0.0,0.0,-3.708,16.944,55.712
2215,20.9053,13.0,215.264,44.6267,11.5887,0.0,0.65,0.126667,0.0,0.0,0.0,-3.57733,16.6713,54.2987
2230,20.7907,13.0,215.349,44.2507,11.524,0.0,0.65,0.0,0.0,0.0,0.0,-3.44667,16.362,54.0453
2245,20.6773,11.1333,214.699,43.904,11.426,0.0,0.65,0.08,0.0,0.0,0.0,-3.38133,16.106,53.2507
2300,20.5413,11.0,214.635,43.5787,11.8827,0.0,0.65,0.440667,0.0,0.0,0.0,-3.512,15.93,52.4107
2315,20.4173,11.0,213.696,43.264,11.3447,0.0,0.65,0.336667,0.0,0.0,0.0,-3.316,15.75,51.5253
2330,20.2847,11.0,213.6,42.872,11.426,0.0,0.65,0.0,0.0,0.0,0.0,-3.38133,15.5787,51.3013
2345,20.162,10.8667,212.779,42.5707,11.5407,0.0,0.65,0.0933333,0.0,0.0,0.0,-3.316,15.386,50.848
0,20.0467,10.0,211.872,42.496,11.7847,0.0,0.65,0.0386667,0.0,0.0,0.0,-3.512,15.176,50.5573
15,19.908,10.0,211.733,42.3973,11.524,0.0,0.65,0.121333,0.0,0.0,0.0,-3.316,15.0247,50.248
30,19.7873,9.86667,210.496,42.552,11.524,0.0,0.65,0.174,0.0,0.0,0.0,-3.25067,14.8427,50.8693
45,19.664,9.0,210.88,42.616,11.426,0.0,0.65,0.088,0.0,0.0,0.0,-3.25067,14.6353,51.3333
100,19.5233,9.0,211.147,42.6693,11.7847,0.0,0.65,0.287333,0.0,0.0,0.0,-3.44667,14.4933,51.344
115,19.388,9.0,210.069,42.488,11.6053,0.0,0.65,0.27,0.0,0.0,0.0,-3.18533,14.3553,51.2667
130,19.2713,9.0,210.752,42.24,11.6053,0.0,0.65,0.235333,0.0,0.0,0.0,-3.25067,14.2007,51.2907
145,19.1433,9.73333,209.397,42.5013,11.622,0.0,0.65,0.0646667,0.0,0.0,0.0,-3.25067,14.0567,51.4827
200,19.012,9.66667,209.483,42.3493,11.4427,0.0,0.65,0.218,0.0,0.0,0.0,-3.18533,13.9173,51.2507
215,18.8933,9.0,209.429,42.5253,11.524,0.0,0.65,0.0,0.0,0.0,0.0,-3.38133,13.7647,51.568
230,18.7853,9.0,208.896,42.4293,11.7033,0.0,0.65,0.0,0.0,0.0,0.0,-3.18533,13.6273,51.4853
245,18.6533,9.0,209.376,42.4613,11.6053,0.0,0.65,0.0,0.0,0.0,0.0,-3.25067,13.512,51.4853
300,18.55,9.0,209.099,42.5147,11.7033,0.0,0.65,0.0,0.0,0.0,0.0,-3.25067,13.3873,51.5947
315,18.4207,9.0,208.864,42.504,11.4427,0.0,0.65,0.134667,0.0,0.0,0.0,-3.18533,13.27,51.7067
330,18.2967,9.0,209.675,42.6107,11.6867,0.0,0.65,0.08,0.0,0.0,0.0,-3.38133,13.1847,51.8773
345,18.1833,9.0,209.077,42.6667,11.524,0.0,0.65,0.0,0.0,0.0,0.0,-3.17267,13.0593,52.1387
400,18.0573,9.0,209.728,42.6853,11.6053,0.0,0.65,0.0,0.0,0.0,0.0,-3.38133,12.9447,52.0747
415,17.9407,9.0,209.077,42.648,11.6867,0.0,0.65,0.21,0.0,0.0,0.0,-3.18533,12.8167,52.1387
430,17.8267,8.86667,208.405,42.5973,11.866,0.0,0.65,0.207333,0.0,0.0,0.0,-3.12,12.7333,52.16
445,17.7193,8.0,208.576,42.6133,11.6867,0.0,0.65,0.136667,0.0,0.0,0.0,-3.17267,12.6947,52.072
500,17.5993,8.0,208.075,42.7307,11.7847,0.0,0.65,0.391333,0.0,0.0,0.0,-3.12,12.6133,52.1307
515,17.4813,8.0,207.968,42.8,11.4427,0.0,0.958,0.288,0.0,0.0,0.0,-3.18533,12.582,51.88
530,17.3887,8.0,208.064,42.64,11.7847,0.0,8.73533,0.036,0.0,0.0,0.0,-3.17267,12.5027,51.8
545,17.2927,8.0,207.701,42.776,11.6053,0.0,200.841,0.036,0.0,0.0,0.0,-3.18533,12.352,52.4213
600,17.1633,8.0,208.117,42.7733,11.524,0.0,609.216,0.0,0.0,931.84,0.0,0.117333,12.162,53.08
615,17.058,8.0,209.035,42.736,15.59,0.0,611.925,0.0,1498.11,6751.57,2157.57,16.0367,12.0307,53.24
630,16.9627,7.86667,209.781,42.6907,20.904,0.0,613.419,0.0386667,5849.09,32510.0,7146.5,54.396,11.9867,53.224
645,16.908,7.0,210.165,42.6187,20.822,0.0,615.083,0.240667,8415.23,46511.4,12134.4,94.0853,12.014,53.008
700,16.8433,7.13333,210.923,42.6187,21.2633,0.0,616.384,0.108667,9991.85,56754.2,18596.5,139.648,12.0747,53.12
715,16.7927,8.0,211.701,42.4613,20.8873,0.0,617.493,0.072,11281.1,64315.4,25983.7,190.72,12.216,52.8373
730,16.776,8.0,211.84,42.4107,21.0033,0.0,618.432,0.283333,12210.9,70232.7,33860.3,242.027,12.4213,52.472
745,16.768,8.93333,212.171,42.3973,20.986,0.0,619.2,0.199333,13186.4,74140.3,41805.1,292.864,12.698,51.8373
800,16.8,9.0,212.149,42.2613,20.9213,0.0,620.224,0.142667,14347.6,76630.7,49679.0,345.44,13.08,51.088
815,16.8673,9.0,211.552,42.104,29.9867,0.0,621.163,0.103333,15199.6,78321.0,57360.4,396.757,13.498,50.6267
830,16.9373,9.0,212.427,41.8747,31.3053,0.0,621.888,0.339333,16104.8,79410.5,64255.3,447.701,13.9673,50.424
845,17.0393,11.8,212.405,41.704,41.5333,0.0,622.741,0.178667,16583.3,80464.6,70697.0,494.933,14.4753,49.9093
900,17.1887,12.0,212.448,41.576,41.596,0.0,623.296,0.350667,15916.4,83673.1,76368.6,541.056,14.9893,49.24
915,17.3793,12.0,212.437,41.7173,50.16,0.0,623.168,1.24667,14955.9,82397.9,81234.6,586.645,15.4187,48.352
930,17.5847,13.6667,212.683,41.632,51.5707,0.0,623.168,0.924667,13888.9,80254.3,85576.4,629.461,15.868,47.872
945,17.8167,17.0,212.299,41.456,51.736,0.0,623.595,0.625333,13150.9,75442.9,89855.3,663.189,16.3873,47.4
1000,18.0853,17.0,211.893,41.448,51.392,0.0,623.936,1.28867,12734.5,68272.1,94584.8,702.123,16.9673,46.816
1015,18.3633,17.0,212.043,41.3973,71.4827,0.0,624.32,1.746,11788.3,58714.8,95688.0,730.325,17.494,46.0693
1030,18.6467,17.2667,211.755,41.2427,81.3627,0.0,624.064,1.94067,11173.2,46683.5,95638.9,756.565,18.066,44.9653
1045,18.9227,19.0,211.755,41.2347,81.1627,0.0,623.424,2.112,10699.8,34694.5,95507.8,780.8,18.6827,44.9413
1100,19.2113,19.0,211.765,41.3013,81.6827,0.0,623.339,1.972,10157.1,25459.4,95486.0,807.552,19.208,44.5573
1115,19.4947,19.0,211.819,41.496,81.1627,0.0,623.125,2.106,9640.96,19644.4,95502.3,826.795,19.654,44.088
1130,19.7773,19.0,212.096,41.5653,81.2613,0.0,623.168,2.05267,9375.74,16196.9,95518.7,843.136,20.0633,43.584
1145,20.062,19.0,212.373,41.6347,81.504,0.0,622.912,1.73867,9676.8,13996.0,95360.3,846.336,20.4687,43.2267
1200,20.3267,19.5333,212.48,41.5707,81.2427,0.0,622.528,1.862,11200.9,11552.8,95114.6,852.779,20.848,43.1093
1215,20.5987,20.0,212.053,41.7333,81.3413,0.0,622.187,1.90867,14261.6,10557.4,94453.8,855.68,21.2573,42.3013
1230,20.8373,20.0,211.755,41.6133,81.2027,0.0,622.315,1.76133,19220.5,10543.4,92564.1,849.323,21.6627,42.0187
1245,21.1013,20.0,212.267,41.9253,81.1627,0.0,621.931,2.07733,26565.3,9805.82,90286.8,845.568,21.9707,40.7907
1300,21.36,20.0,212.245,41.8347,80.8427,0.0,622.229,1.576,36371.1,9139.2,86414.7,832.981,22.38,40.7373
1315,21.6107,20.0,212.587,41.8027,81.0827,0.0,621.717,2.14267,48207.2,8859.65,81819.0,819.925,22.8227,39.5907
1330,21.852,20.0,212.117,42.056,80.7627,0.0,621.675,2.07,61871.4,8873.98,76873.7,803.029,23.1773,39.1173
1345,22.0733,20.0,212.405,41.9813,78.5813,0.0,621.163,2.31,73976.5,8723.46,71939.4,782.421,23.5693,38.5293
1400,22.2907,20.0,212.288,42.0507,51.0747,0.0,621.12,1.82867,81627.8,8651.78,66199.6,754.987,23.828,37.9133
1415,22.5027,20.0,212.021,42.1067,51.0747,0.0,621.12,2.16867,89483.9,8723.46,60803.8,726.784,24.0907,37.772
1430,22.708,20.7333,211.584,40.7893,51.1733,0.0,620.949,1.90067,93612.7,8845.31,54941.0,693.419,24.36,37.536
1445,22.8987,21.0,211.36,39.6707,47.1347,0.0,620.48,1.98467,94344.5,8780.8,47999.7,657.195,24.58,36.6147
1500,23.0453,21.0,210.357,37.8987,41.4187,0.0,620.651,1.72733,94901.6,8551.42,40756.6,617.643,24.6467,36.092
1515,23.1933,21.0,209.056,37.036,41.3373,0.0,620.053,2.08533,91947.0,8200.19,33528.5,575.829,24.712,35.4573
1530,23.304,21.0,208.928,36.4747,37.1613,0.0,619.84,1.82,90942.1,7891.97,26711.4,532.736,24.6587,34.3933
1545,23.3893,21.0,208.085,36.5907,31.0453,0.0,619.371,2.08333,89538.6,7712.77,20969.5,484.544,24.508,33.4467
1600,23.452,21.0,207.339,35.8707,21.6033,0.0,619.2,1.68733,85983.2,7476.22,16589.5,432.533,24.2373,32.3093
1615,23.508,21.0,207.584,35.1707,20.742,0.0,619.029,1.89733,83255.3,7332.86,13638.3,382.955,23.8267,31.104
1630,23.5187,21.0,206.56,34.512,20.9213,0.0,618.56,1.68267,80352.6,7254.02,11416.2,333.536,23.3893,31.2613
1645,23.512,20.4667,206.176,34.264,20.7593,0.0,618.517,1.43933,76294.8,7081.98,9719.81,280.981,23.0053,31.3973
1700,23.464,20.0,206.005,33.896,20.9207,0.0,617.92,1.99933,70737.9,6716.42,8386.56,226.517,22.7,31.4347
1715,23.4067,20.0,205.227,33.7747,20.8227,0.0,617.835,1.11867,65099.1,6056.96,7418.88,175.819,22.3987,31.984
1730,23.3707,20.0,205.088,33.8653,20.742,0.0,617.28,1.08067,48765.6,4730.88,6006.78,116.571,22.1107,33.012
1745,23.296,20.0,205.835,33.8333,20.6427,0.0,616.299,0.936667,3175.42,2343.94,2150.4,26.3453,21.848,33.72
1800,23.2267,20.0,206.475,34.6253,19.5227,0.0,615.403,0.81,2408.45,1627.14,1584.13,16.676,21.556,35.868
1815,23.18,20.0,206.88,35.4467,11.1153,0.0,614.784,0.290667,1060.86,222.208,229.376,4.67067,21.2853,37.7987
1830,23.084,20.0,206.912,36.3387,11.1487,0.0,527.829,0.47,0.0,0.0,0.0,-3.2,20.972,40.3587
1845,22.992,19.0667,207.755,37.304,11.1153,0.0,79.2933,0.173333,0.0,0.0,0.0,-3.70733,20.664,42.3147
1900,22.9053,19.0,208.352,37.936,11.7033,0.0,3.02467,0.036,0.0,0.0,0.0,-3.96933,20.3993,43.416
1915,22.8307,19.0,208.107,38.3787,11.034,0.0,0.826,0.0,0.0,0.0,0.0,-3.77333,20.1467,44.04
1930,22.7347,18.6,208.533,38.812,11.0507,0.0,0.65,0.0,0.0,0.0,0.0,-3.904,19.8973,44.9147
1945,22.6467,19.0,208.672,39.1667,11.6867,0.0,0.65,0.0,0.0,0.0,0.0,-3.77333,19.6527,45.3573
2000,22.5413,19.0,208.917,39.428,11.3447,0.0,0.65,0.044,0.0,0.0,0.0,-3.83867,19.4153,45.7067
2015,22.432,19.0,209.227,39.5333,11.4093,0.0,0.65,0.251333,0.0,0.0,0.0,-3.904,19.186,45.4667
2030,22.3293,19.0,210.517,39.484,11.4427,0.0,0.65,0.158,0.0,0.0,0.0,-3.57733,18.9307,44.8373
2045,22.216,19.0,210.891,39.2827,11.1653,0.0,0.65,0.352667,0.0,0.0,0.0,-3.904,18.6193,43.2267
2100,22.104,19.0,211.659,38.8587,11.426,0.0,0.65,0.757333,0.0,0.0,0.0,-3.77333,18.318,41.6267
2115,21.9733,19.0,212.437,38.3307,11.4907,0.0,0.65,0.45,0.0,0.0,0.0,-3.83867,18.0187,41.816
2130,21.84,19.0,212.821,38.048,11.524,0.0,0.65,0.468667,0.0,0.0,0.0,-3.708,17.7347,41.5253
2145,21.7053,19.0,213.056,37.7267,11.426,0.0,0.65,0.626667,0.0,0.0,0.0,-3.96933,17.448,40.8093
2200,21.5613,15.2667,212.075,37.484,11.426,0.0,0.65,0.170667,0.0,0.0,0.0,-3.77333,17.1753,40.5
2215,21.4453,12.0,211.84,37.5427,11.5887,0.0,0.606667,0.44,0.0,0.0,0.0,-3.512,16.9267,39.7133
2230,21.304,11.4,210.677,37.4987,11.426,0.0,0.65,0.263333,0.0,0.0,0.0,-3.44667,16.66,39.4307
2245,21.1533,11.0,210.987,36.5773,11.5887,0.0,0.65,0.124,0.0,0.0,0.0,-3.57733,16.444,39.5587
2300,21.0227,10.6,210.027,36.8107,11.5073,0.0,0.65,0.0,0.0,0.0,0.0,-3.38133,16.182,40.1533
2315,20.88,10.1333,210.208,37.1187,11.426,0.0,0.65,0.0,0.0,0.0,0.0,-3.57733,15.9493,41.0853
2330,20.7573,10.0,210.528,37.1267,11.6053,0.0,0.65,0.272,0.0,0.0,0.0,-3.316,15.742,41.48
2345,20.6387,10.0,210.016,36.9107,11.524,0.0,0.65,0.294667,0.0,0.0,0.0,-3.38133,15.5887,40.9973
0,20.5133,10.0,209.952,36.784,11.6053,0.0,0.65,0.116667,0.0,0.0,0.0,-3.512,15.454,40.5773
15,20.38,9.66667,208.491,36.6893,11.6867,0.0,0.65,0.217333,0.0,0.0,0.0,-3.44667,15.3367,40.0093
30,20.246,9.0,208.32,36.6213,11.3613,0.0,0.65,0.284667,0.0,0.0,0.0,-3.57733,15.24,39.8413
45,20.1253,9.0,207.211,36.3707,11.524,0.0,0.65,0.202667,0.0,0.0,0.0,-3.25067,15.1193,39.7507
100,20.002,9.73333,206.4,36.4347,11.622,0.0,0.65,0.282667,0.0,0.0,0.0,-3.64267,15.0067,39.56
115,19.88,10.0,206.144,37.1067,11.5887,0.0,0.65,0.129333,0.0,0.0,0.0,-3.12,14.8467,40.0253
130,19.7573,9.8,204.949,36.756,11.426,0.0,0.65,0.518,0.0,0.0,0.0,-3.44667,14.7233,40.0653
145,19.6347,9.0,205.312,36.5293,11.622,0.0,0.65,0.158,0.0,0.0,0.0,-3.512,14.6247,39.9693
200,19.5233,9.0,204.725,36.876,11.524,0.0,0.65,0.122,0.0,0.0,0.0,-3.316,14.526,40.0253
215,19.3947,9.0,203.563,37.052,11.6867,0.0,0.65,0.204667,0.0,0.0,0.0,-3.25067,14.42,40.176
230,19.2787,8.86667,203.552,37.0467,11.524,0.0,0.65,0.0573333,0.0,0.0,0.0,-3.316,14.3233,40.1427
245,19.1787,8.13333,202.816,37.4907,11.6053,0.0,0.65,0.0,0.0,0.0,0.0,-3.316,14.2333,40.2333
300,19.05,8.0,202.304,37.984,11.866,0.0,0.65,0.0,0.0,0.0,0.0,-3.316,14.0873,40.604
315,18.936,8.0,203.157,38.2573,11.6053,0.0,0.65,0.0,0.0,0.0,0.0,-3.44667,13.8993,41.6347
330,18.8333,8.0,202.901,38.2973,11.5073,0.0,0.65,0.0,0.0,0.0,0.0,-3.25067,13.7253,42.096
345,18.7053,8.0,203.573,38.328,11.7033,0.0,0.65,0.0,0.0,0.0,0.0,-3.38133,13.574,42.3627
400,18.6073,8.0,204.523,38.2133,11.4427,0.0,0.65,0.0,0.0,0.0,0.0,-3.316,13.4567,42.3013
415,18.5047,8.0,203.509,38.3373,11.5887,0.0,0.65,0.0,0.0,0.0,0.0,-3.316,13.348,42.2347
430,18.3767,7.86667,203.957,38.2587,11.6053,0.0,0.65,0.0,0.0,0.0,0.0,-3.316,13.25,42.2587
445,18.27,7.0,204.277,38.3227,11.6053,0.0,0.65,0.0493333,0.0,0.0,0.0,-3.18533,13.1513,42.2133
500,18.136,7.0,203.456,38.6813,11.7033,0.0,0.65,0.036,0.0,0.0,0.0,-3.316,13.042,42.9467
515,18.0247,7.0,204.309,38.6307,11.524,0.0,1.046,0.0,0.0,0.0,0.0,-3.316,12.892,43.7893
530,17.8973,7.0,205.387,38.6747,11.7513,0.0,14.7513,0.0,0.0,0.0,0.0,-3.316,12.7327,44.5893
545,17.792,7.0,206.304,38.732,11.622,0.0,283.253,0.0,0.0,0.0,0.0,-2.964,12.6113,45.3013
600,17.674,7.0,208.203,38.7,11.524,0.0,611.797,0.0,0.0,845.824,71.68,2.04267,12.4827,45.4453
615,17.562,7.0,208.779,38.672,16.7593,0.0,612.139,0.036,1770.5,8141.48,2394.11,18.406,12.38,45.7867
630,17.472,7.0,209.536,38.648,21.1487,0.0,613.419,0.0,5806.08,32219.1,7175.17,56.1973,12.2667,46.24
645,17.384,7.0,210.379,38.6013,21.328,0.0,615.168,0.0,8257.54,45312.7,11875.3,96.5787,12.2767,45.9227
700,17.3167,7.53333,210.592,38.396,21.0667,0.0,616.555,0.171333,9640.96,54536.9,17954.1,142.0,12.3833,45.472
715,17.2833,8.0,211.029,38.252,20.986,0.0,617.621,0.0,10808.0,61456.4,24671.6,189.963,12.5627,44.968
730,17.2593,8.0,211.104,38.16,21.084,0.0,618.304,0.594,11767.1,67584.0,32262.8,240.309,12.8427,44.08
745,17.262,9.86667,211.136,38.0093,21.3273,0.0,619.669,0.0,12843.0,72283.5,40427.5,293.525,13.2287,43.616
800,17.31,10.0,211.765,37.8307,21.0673,0.0,620.523,0.142667,13882.0,74214.1,47898.6,342.795,13.7113,43.528
815,17.3547,10.0,212.683,37.6213,30.068,0.0,621.376,0.334667,14706.0,75533.0,54987.4,392.213,14.244,43.9973
830,17.454,11.8667,211.851,37.4587,31.208,0.0,621.76,0.936667,15616.7,76442.3,61582.0,441.856,14.8547,43.8507
845,17.5773,13.8667,212.587,37.2947,40.8333,0.0,622.4,0.970667,16081.6,77791.2,67999.1,489.301,15.5147,43.3707
900,17.752,14.0,211.477,37.0907,41.4973,0.0,622.784,1.38,15495.2,80743.1,73143.6,534.379,16.2293,42.6187
915,17.968,16.2,211.179,36.9453,45.8987,0.0,623.04,1.27133,14699.2,79743.7,77886.8,579.371,17.0047,41.9707
930,18.2227,17.2,210.635,36.8427,51.736,0.0,623.808,0.774667,13739.3,77630.1,81988.3,616.981,17.812,41.1653
945,18.4813,19.0,210.016,36.696,51.5573,0.0,624.32,0.972667,13107.2,73310.2,86431.1,652.8,18.6393,40.5707
1000,18.7493,19.6667,209.824,36.7307,51.736,0.0,623.979,1.578,12705.1,65776.3,90625.4,685.568,19.4273,40.3173
1015,19.0393,21.0,209.76,36.6827,55.2427,0.0,623.765,1.87,11967.1,57038.2,94218.9,718.507,20.1127,39.5093
1030,19.368,21.3333,209.685,36.5467,81.5813,0.0,624.533,1.9,11214.8,45256.7,95513.3,746.027,20.7733,38.3933
1045,19.7013,22.0,209.728,36.4933,81.5627,0.0,624.789,2.07067,10749.3,33981.8,95704.4,771.797,21.4267,37.228
1100,20.0213,22.1333,209.728,36.4453,81.8213,0.0,623.851,1.52267,10506.9,25160.4,94797.8,785.536,22.0747,36.7307
1115,20.354,22.8,209.845,36.2733,81.1013,0.0,624.235,1.734,10099.7,19658.1,94180.7,808.448,22.7133,36.2987
1130,20.6787,23.1333,210.133,36.3907,81.1627,0.0,624.192,1.54933,9798.66,16390.8,93093.9,820.651,23.348,35.3107
1145,21.056,23.8667,211.019,36.3373,81.3227,0.0,623.723,2.05733,10199.7,14368.8,92799.0,831.445,23.9427,34.8067
1200,21.428,24.6667,213.472,36.5293,81.5813,0.0,623.595,2.47333,11788.3,11946.0,91783.2,829.269,24.4907,34.464
1215,21.736,25.0,214.347,36.5667,80.944,0.0,623.552,2.39667,14777.7,10971.8,91013.1,830.848,25.0467,33.9347
1230,22.0507,25.0,215.029,36.6933,80.8613,0.0,623.424,2.146,19567.3,11007.3,89451.2,833.963,25.5333,33.5413
1245,22.3613,25.0,215.083,36.8813,80.9227,0.0,623.296,2.91333,26529.8,10264.2,86190.8,823.253,26.024,33.0533
1300,22.6827,25.0,214.709,36.892,81.1813,0.0,623.04,3.07667,35953.3,9519.1,82594.5,817.621,26.548,32.78
1315,22.9733,25.0,214.699,37.1933,80.7627,0.0,623.04,2.11533,47398.9,9261.06,78110.7,803.243,27.076,32.0707
1330,23.2707,25.0,214.581,37.3667,81.0027,0.0,622.912,2.62,60241.2,9210.88,73102.7,782.165,27.576,31.4453
1345,23.5427,25.0,214.517,37.5547,50.7307,0.0,622.4,2.534,71666.3,9017.34,68034.6,757.931,27.9827,31.2787
1400,23.8307,25.0,213.909,37.384,50.992,0.0,622.4,2.69333,79167.5,8945.66,62892.7,733.269,28.324,31.312
1415,24.0853,25.0,213.6,37.248,50.9093,0.0,622.315,2.536,86537.6,8974.34,57879.2,705.92,28.6653,31.1507
1430,24.3333,25.0,213.685,37.4507,50.976,0.0,621.76,2.51067,90914.8,9089.02,52513.5,675.669,28.936,31.0947
1445,24.5693,25.0,213.973,37.7133,48.556,0.0,621.76,2.91533,92105.4,8967.17,46194.7,643.093,29.128,30.68
1500,24.776,25.1333,213.888,37.4787,41.516,0.0,621.163,2.928,91807.7,8658.94,38805.5,599.637,29.156,29.7387
1515,24.9787,26.0,211.2,35.3933,33.372,0.0,620.821,2.43267,78607.7,7497.73,28644.7,499.2,29.124,29.508
1530,25.1347,25.8667,210.955,34.42,37.0453,0.0,620.48,2.82067,86543.0,8020.99,25706.5,519.083,28.9947,29.1347
1545,25.2653,25.0,211.221,34.3773,31.1427,0.0,620.437,2.838,87550.6,8257.54,21039.1,483.051,28.8427,28.108
1600,25.392,25.0,210.667,34.36,22.2227,0.0,620.267,3.49067,85011.1,8142.85,17444.2,436.651,28.58,26.408
1615,25.4693,25.0,209.088,32.5533,20.9387,0.0,619.84,2.77733,78348.3,7727.1,14318.9,367.776,28.192,26.1747
1630,25.5147,25.0,208.512,32.0667,20.5787,0.0,619.456,2.85467,59315.5,6336.51,10663.9,259.712,27.7693,25.5173
1645,25.54,25.0,207.744,31.5093,20.742,0.0,618.816,2.146,55825.7,6042.62,9583.62,221.013,27.3813,25.784
1700,25.528,24.2667,207.445,31.012,20.742,0.0,618.645,2.338,46246.6,5440.51,8135.68,172.811,26.9933,25.984
1715,25.5107,24.0,207.861,30.832,20.822,0.0,618.091,2.192,31618.4,4293.63,6264.83,116.283,26.6387,26.4973
1730,25.4867,24.0,207.627,30.752,20.6607,0.0,617.408,1.36467,14384.8,2910.21,4264.96,66.2107,26.3027,27.0773
1745,25.432,24.0,207.787,31.0333,20.8233,0.0,617.152,0.42,5361.66,2157.57,2924.54,36.4627,25.9133,27.7587
1800,25.3613,24.0,207.552,31.5013,16.7573,0.0,616.64,0.0773333,3290.11,1361.92,1921.02,19.4607,25.5333,28.26
1815,25.3,23.4667,207.264,31.916,11.2133,0.0,616.341,0.0,1361.92,0.0,508.928,4.65867,25.164,28.3813
1830,25.2173,23.0,207.733,32.0867,10.74,0.0,407.552,0.0,0.0,0.0,0.0,-3.76067,24.816,28.3707
1845,25.1427,22.4667,208.416,32.2187,10.7567,0.0,55.4587,0.0,0.0,0.0,0.0,-4.03467,24.4427,28.4253
1900,25.072,22.0,208.821,32.436,11.132,0.0,2.71667,0.0,0.0,0.0,0.0,-4.03467,24.0693,28.9533
1915,24.992,21.2667,209.408,32.5773,11.1153,0.0,0.782,0.0,0.0,0.0,0.0,-4.034,23.716,29.0027
1930,24.916,20.4667,209.504,32.648,10.7567,0.0,0.65,0.0,0.0,0.0,0.0,-4.1,23.4213,29.2493
1945,24.8373,20.0,211.317,32.636,11.0173,0.0,0.65,0.354,0.0,0.0,0.0,-3.96933,23.1293,30.6427
2000,24.76,20.0,211.488,32.6533,11.1487,0.0,0.65,0.810667,0.0,0.0,0.0,-4.03467,22.848,31.1933
2015,24.6493,20.0,212.203,32.6547,11.0173,0.0,0.65,0.754667,0.0,0.0,0.0,-3.904,22.5427,31.6333
2030,24.56,20.0,212.864,32.7973,11.034,0.0,0.65,0.532,0.0,0.0,0.0,-3.96867,22.2693,31.8773
2045,24.4853,17.2,212.736,32.972,11.132,0.0,0.65,0.894667,0.0,0.0,0.0,-4.03467,21.9907,32.6133
2100,24.38,17.0,213.653,33.0373,11.2467,0.0,0.65,0.472,0.0,0.0,0.0,-3.77333,21.7507,33.2547
2115,24.2813,16.4667,213.824,33.244,11.3113,0.0,0.694,0.56,0.0,0.0,0.0,-3.77333,21.4787,33.6027
2130,24.1707,16.0,214.144,32.9427,11.23,0.0,0.65,0.0,0.0,0.0,0.0,-3.96933,21.2187,33.5493
2145,24.0587,16.0,215.189,33.0307,11.3113,0.0,0.65,0.0,0.0,0.0,0.0,-3.838,20.9587,33.7533
2200,23.9547,16.0,215.307,33.0867,11.3113,0.0,0.65,0.0,0.0,0.0,0.0,-3.77333,20.688,33.884
2215,23.8613,15.0667,214.891,33.42,11.4907,0.0,0.65,0.052,0.0,0.0,0.0,-3.96933,20.454,34.6653
2230,23.74,15.0,215.115,33.6427,11.3447,0.0,0.65,0.0,0.0,0.0,0.0,-4.03467,20.2007,35.1987
2245,23.6227,14.0667,216.331,33.6507,11.034,0.0,0.65,0.036,0.0,0.0,0.0,-3.77333,19.9473,35.556
2300,23.5173,14.0,215.52,33.844,11.524,0.0,0.65,0.0493333,0.0,0.0,0.0,-3.57733,19.7567,35.5667
2315,23.4027,14.0,215.435,34.0933,11.4907,0.0,0.65,0.0,0.0,0.0,0.0,-3.64267,19.544,36.1333
2330,23.308,14.3333,215.499,34.212,11.5073,0.0,0.65,0.0,0.0,0.0,0.0,-3.708,19.3247,36.2187
2345,23.1947,15.0,214.336,34.4707,11.524,0.0,0.694,0.0,0.0,0.0,0.0,-3.90333,19.1187,36.5773
0,23.0773,15.0,214.731,34.4787,11.5887,0.0,0.65,0.0493333,0.0,0.0,0.0,-3.64267,18.8967,36.9747
15,22.9613,15.0,213.579,34.708,11.4093,0.0,0.65,0.0,0.0,0.0,0.0,-3.64267,18.666,37.408
30,22.8347,15.0,213.355,34.7627,11.1653,0.0,0.65,0.0,0.0,0.0,0.0,-3.708,18.4427,37.544
45,22.7187,14.2667,213.248,35.004,11.2947,0.0,0.65,0.228667,0.0,0.0,0.0,-3.64267,18.2553,37.8173
100,22.5787,14.0,212.597,34.8707,11.5073,0.0,0.65,0.07,0.0,0.0,0.0,-3.708,18.0553,37.82
115,22.4573,13.7333,212.139,35.1493,11.2467,0.0,0.65,0.250667,0.0,0.0,0.0,-3.64267,17.8667,38.2147
130,22.32,13.2,211.979,35.0653,11.524,0.0,0.65,0.293333,0.0,0.0,0.0,-3.57733,17.6107,38.6
145,22.184,13.0,210.955,35.244,11.524,0.0,0.65,0.261333,0.0,0.0,0.0,-3.904,17.4287,39.2067
200,22.0653,13.0,210.475,35.204,11.426,0.0,0.65,0.485333,0.0,0.0,0.0,-3.38133,17.2487,39.3587
215,21.916,13.0,209.952,35.052,11.7847,0.0,0.65,0.315333,0.0,0.0,0.0,-3.57733,17.0773,39.3947
230,21.8053,12.7333,210.4,35.1253,11.2633,0.0,0.65,0.118667,0.0,0.0,0.0,-3.512,16.966,38.7893
245,21.6867,12.0,208.96,35.1147,11.7847,0.0,0.694,0.0,0.0,0.0,0.0,-3.44667,16.88,38.4107
300,21.56,12.0,208.0,35.2467,11.4427,0.0,0.65,0.0,0.0,0.0,0.0,-3.57733,16.7873,38.5307
315,21.4347,11.2667,207.467,35.332,11.426,0.0,0.65,0.0,0.0,0.0,0.0,-3.708,16.632,38.912
330,21.304,11.0,206.997,35.4347,11.6053,0.0,0.65,0.0,0.0,0.0,0.0,-3.38133,16.5,39.3627
345,21.1867,11.0,206.709,35.5,11.6053,0.0,0.65,0.0,0.0,0.0,0.0,-3.64267,16.34,39.9493
400,21.0693,11.0,207.349,35.4427,11.5887,0.0,0.65,0.233333,0.0,0.0,0.0,-3.44667,16.1653,40.1267
415,20.92,10.0667,207.093,35.4493,11.6053,0.0,0.65,0.455333,0.0,0.0,0.0,-3.57733,15.9867,40.572
430,20.7973,10.0,207.776,35.5147,11.3613,0.0,0.65,0.0,0.0,0.0,0.0,-3.57733,15.8407,40.7053
445,20.6973,11.8667,207.691,35.576,11.6867,0.0,0.65,0.0,0.0,0.0,0.0,-3.64267,15.7133,41.6107
500,20.5653,12.0,208.309,35.544,11.524,0.0,0.65,0.036,0.0,0.0,0.0,-3.44667,15.564,41.76
515,20.4733,11.4667,208.48,35.5253,11.5887,0.0,1.486,0.0,0.0,0.0,0.0,-3.708,15.4713,41.1627
530,20.3527,10.2667,207.755,35.488,11.6053,0.0,19.4047,0.0,0.0,0.0,0.0,-3.512,15.3867,40.9187
545,20.2347,10.0,208.32,35.46,11.524,0.0,465.816,0.0,0.0,0.0,0.0,-1.83133,15.312,40.8387
600,20.136,10.1333,208.096,35.384,11.524,0.0,613.12,0.0,0.0,2107.39,430.08,5.908,15.2467,40.5027
615,20.0267,11.0,207.531,35.324,18.4173,0.0,613.632,0.0,2179.07,7955.46,2989.06,27.96,15.1933,40.3747
630,19.9367,11.3333,207.84,35.252,20.6433,0.0,615.253,0.0,7469.06,38383.6,9689.43,83.136,15.1793,40.324
645,19.8533,12.0,207.851,35.24,20.84,0.0,616.64,0.0,7203.84,32448.5,10672.1,99.5573,15.19,40.9
700,19.7747,12.0,208.021,35.2133,21.0033,0.0,617.323,0.0,9726.98,43860.0,17178.6,154.155,15.284,40.5973
715,19.7373,12.0,207.723,35.156,21.1487,0.0,618.816,0.0,12512.6,59850.8,26326.4,229.44,15.4373,40.1653
730,19.7207,12.0,207.915,35.048,21.084,0.0,619.925,0.2,12920.1,64383.7,31935.1,271.168,15.7033,39.2213
745,19.7433,12.4667,208.064,35.012,20.904,0.0,620.48,0.153333,11330.6,55162.2,31217.0,258.827,16.026,38.6587
800,19.76,13.9333,208.277,35.0213,21.0667,0.0,620.267,0.554,11933.4,56819.7,36289.2,290.005,16.3293,38.444
815,19.8247,15.0,208.213,34.9253,30.5893,0.0,621.461,0.320667,15430.3,74096.6,52901.2,396.736,16.6507,38.1693
830,19.9073,15.5333,208.523,34.7907,32.508,0.0,622.357,0.625333,16512.3,75502.9,60730.0,442.965,17.1553,38.1493
845,20.0367,16.0,208.139,34.7653,41.516,0.0,622.101,1.464,16885.1,74997.8,65945.6,480.533,17.7287,38.724
900,20.1653,16.6667,208.448,34.8227,42.7373,0.0,622.571,0.602,17215.5,79077.4,72775.0,537.6,18.236,38.7853
915,20.338,18.0,208.437,34.7693,48.7653,0.0,623.339,0.544667,16970.4,77157.7,76901.0,575.488,18.7393,38.676
930,20.544,18.0,208.544,34.708,51.5013,0.0,623.211,1.29333,16533.5,73932.8,80019.5,609.323,19.276,38.4733
945,20.7507,18.7333,208.683,34.6013,51.24,0.0,623.637,1.4,17272.1,72119.6,87408.6,668.672,19.816,38.0707
1000,20.984,19.0,208.971,34.5547,51.504,0.0,623.637,1.26267,17179.3,61158.7,85002.9,656.341,20.376,37.5387
1015,21.2213,20.4667,208.843,34.5613,45.7013,0.0,622.656,1.204,15538.2,43317.9,67018.8,551.403,20.8707,36.96
1030,21.4533,21.0,209.579,34.48,51.224,0.0,622.699,1.15867,17065.3,41144.3,74287.8,652.8,21.3227,36.6867
1045,21.712,21.0,210.069,34.4427,45.7187,0.0,622.613,1.616,15874.7,31102.3,62409.4,587.371,21.8373,36.2547
1100,21.944,21.5333,209.76,34.4413,61.248,0.0,622.656,0.808,15781.9,29037.9,73108.1,688.448,22.3187,35.9093
1115,22.1933,22.0,210.421,34.6507,77.424,0.0,623.68,1.164,15910.2,26565.3,85265.1,778.155,22.8173,35.6787
1130,22.488,22.7333,211.2,34.7773,82.8267,0.0,624.533,1.786,17366.4,24978.8,93659.1,874.539,23.3653,34.8133
1145,22.7773,23.0,211.627,34.944,73.5173,0.0,623.509,2.19867,19279.2,21472.6,81597.8,745.045,23.9013,34.2093
1200,22.9893,23.0,212.224,35.3133,39.6867,0.0,621.803,2.312,20167.3,18963.1,47465.8,490.24,24.232,33.5853
1215,23.1693,23.0,211.264,35.5627,31.9067,0.0,620.181,3.17667,22670.0,18059.9,35303.4,425.472,24.3547,33.596
1230,23.3147,23.0,211.755,35.9653,35.6973,0.0,619.755,2.38067,25597.3,19765.9,37004.6,460.757,24.204,34.8453
1245,23.4813,23.7333,210.891,36.244,42.3347,0.0,620.011,2.16933,28201.0,20265.6,40610.5,520.768,24.1747,35.0507
1300,23.628,24.0,211.029,36.3387,27.7407,0.0,619.584,2.17133,25037.5,16964.3,27870.5,381.739,24.164,34.896
1315,23.724,23.4667,210.112,36.36,20.644,0.0,619.072,1.76933,22529.4,15035.1,24386.2,318.773,24.068,34.5467
1330,23.8,23.0,208.363,35.7573,20.8233,0.0,618.475,2.196,20869.1,14641.2,21099.9,285.984,23.9333,34.4387
1345,23.852,23.0,208.213,35.96,20.724,0.0,617.92,2.17733,18632.7,14054.1,18804.7,252.192,23.7027,35.484
1400,23.912,22.8667,207.691,35.5973,20.9047,0.0,617.92,1.68867,17801.9,15022.8,18935.1,273.376,23.464,37.416
1415,23.9667,22.0,207.712,35.7493,20.8407,0.0,617.92,1.72067,20647.3,15816.7,20226.0,304.501,23.3107,38.8747
1430,24.008,21.6667,207.68,36.0973,20.7427,0.0,617.92,2.23533,19264.9,16133.5,17322.7,286.101,23.236,39.764
1445,24.0347,21.0,206.432,36.5107,20.84,0.0,617.792,1.942,15323.1,14957.2,15372.3,261.312,23.1013,40.62
1500,24.0613,21.0,206.037,36.6787,21.0827,0.0,617.792,0.922,16799.1,13099.7,15515.6,255.872,22.9627,40.0693
1515,24.0773,21.0,205.941,36.5333,20.922,0.0,617.92,1.374,16698.7,13108.6,14175.6,244.512,22.8653,37.776
1530,24.0987,20.7333,205.323,36.2547,20.9207,0.0,617.536,1.74067,12355.2,11273.6,11108.7,193.739,22.7573,37.5987
1545,24.0827,19.0,205.269,36.1653,20.6433,0.0,617.28,1.57067,9891.84,10048.5,9640.96,168.789,22.652,39.604
1600,24.0747,19.0,203.84,36.4933,20.742,0.0,616.853,0.951333,7762.94,8479.74,7891.97,135.141,22.536,39.8213
1615,24.0467,19.0,204.256,36.4787,20.7253,0.0,616.683,1.216,6745.09,7598.08,7096.32,120.528,22.3853,40.0787
1630,24.032,19.0,204.363,36.6733,20.6433,0.0,616.64,1.37133,5705.73,6042.62,5677.06,92.3253,22.2547,40.72
1645,23.9787,19.0,203.84,36.872,21.0193,0.0,616.64,0.56,5110.78,4824.06,5440.51,74.288,22.1067,40.9187
1700,23.9373,19.0,203.467,36.7787,20.8227,0.0,616.341,0.510667,4910.08,4393.98,5225.47,70.5387,21.952,40.06
1715,23.9,19.0,202.741,36.4813,20.7427,0.0,616.213,0.194,4085.76,3820.54,4458.5,54.816,21.78,39.5973
1730,23.8453,18.8667,202.891,36.516,20.9207,0.0,616.0,0.455333,3562.5,2652.16,3727.36,37.752,21.6507,40.3653
1745,23.7853,18.0,202.379,36.624,20.464,0.0,616.0,0.854667,3082.24,1949.7,2766.85,30.28,21.5307,40.528
1800,23.736,18.0,202.325,36.7027,15.0993,0.0,615.573,0.29,1999.87,1139.71,1627.14,18.2627,21.3787,41.1027
1815,23.648,18.0,202.336,36.8747,11.2467,0.0,615.36,0.16,401.408,0.0,143.36,4.86533,21.22,41.4667
1830,23.5893,18.0,202.507,37.0053,11.3113,0.0,598.101,0.394667,0.0,0.0,0.0,-2.49667,21.0013,41.984
1845,23.508,18.0,202.869,37.128,11.328,0.0,133.224,0.0386667,0.0,0.0,0.0,-3.904,20.8227,42.3173
1900,23.4173,18.0,202.656,37.208,11.5887,0.0,4.60667,0.096,0.0,0.0,0.0,-3.77333,20.6387,42.448
1915,23.364,18.0,203.104,37.2747,11.0507,0.0,0.738,0.0573333,0.0,0.0,0.0,-3.83867,20.4533,42.9227
1930,23.276,18.0,203.477,37.416,11.7033,0.0,0.65,0.036,0.0,0.0,0.0,-3.904,20.2507,43.4933
1945,23.2053,18.0,202.933,37.528,11.132,0.0,0.65,0.0,0.0,0.0,0.0,-3.77333,20.028,43.8773
2000,23.1173,17.8667,204.053,37.5107,11.1487,0.0,0.65,0.0,0.0,0.0,0.0,-3.64267,19.8233,44.08
2015,23.0107,17.0,203.616,37.444,11.4427,0.0,0.65,0.720667,0.0,0.0,0.0,-3.64267,19.6273,44.5307
2030,22.9213,15.5333,204.235,37.5973,11.328,0.0,0.65,0.21,0.0,0.0,0.0,-3.64267,19.452,45.184
2045,22.832,15.0,205.141,37.644,11.6053,0.0,0.65,0.136667,0.0,0.0,0.0,-3.57733,19.2647,46.1787
2100,22.7133,14.4667,205.536,37.7907,11.7033,0.0,0.65,0.044,0.0,0.0,0.0,-3.83867,19.09,46.7467
2115,22.62,14.0,205.419,37.8053,11.524,0.0,0.65,0.0,0.0,0.0,0.0,-3.77333,18.9027,46.7227
2130,22.508,14.0,204.821,37.7147,11.5887,0.0,0.65,0.0,0.0,0.0,0.0,-3.512,18.6867,46.6027
2145,22.4053,13.2667,206.101,37.5387,11.426,0.0,0.65,0.036,0.0,0.0,0.0,-3.708,18.4707,45.928
2200,22.2853,13.0,206.272,37.1227,11.2467,0.0,0.65,0.279333,0.0,0.0,0.0,-3.64267,18.2487,44.5947
2215,22.1667,13.0,207.691,36.98,11.5887,0.0,0.65,0.0,0.0,0.0,0.0,-3.64267,18.0333,44.144
2230,22.0573,13.0,208.491,36.7787,11.3613,0.0,0.65,0.0,0.0,0.0,0.0,-3.64267,17.778,44.2027
2245,21.9373,13.0,209.067,36.696,11.524,0.0,0.65,0.036,0.0,0.0,0.0,-3.708,17.532,44.7787
2300,21.832,12.7333,210.965,36.588,11.622,0.0,0.87,0.0,0.0,0.0,0.0,-3.64267,17.3247,43.9573
2315,21.72,12.0,211.179,36.432,11.5887,0.0,0.65,0.0,0.0,0.0,0.0,-3.38133,17.1193,44.4133
2330,21.576,12.0,211.083,36.3707,11.6867,0.0,0.65,0.0,0.0,0.0,0.0,-3.83867,16.8487,45.7093
2345,21.4413,12.0,213.6,36.4107,11.1653,0.0,0.65,0.0,0.0,0.0,0.0,-3.44667,16.522,46.464
0,21.3093,12.0,214.261,36.38,11.5073,0.0,0.65,0.0,0.0,0.0,0.0,-3.44667,16.2933,46.2027
15,21.1667,11.0,214.891,36.2347,11.2467,0.0,0.65,0.257333,0.0,0.0,0.0,-3.57733,16.1753,45.7893
30,21.0347,11.0,214.187,36.132,11.524,0.0,0.65,0.0,0.0,0.0,0.0,-3.708,16.0633,45.44
45,20.8773,11.0,213.291,35.8773,11.6053,0.0,0.65,1.10867,0.0,0.0,0.0,-3.316,15.9393,46.2693
100,20.736,11.0,212.939,35.892,11.7033,0.0,0.65,0.66,0.0,0.0,0.0,-3.57733,15.7533,45.1253
115,20.616,11.0,211.957,35.8413,11.3447,0.0,0.65,0.643333,0.0,0.0,0.0,-3.44667,15.5247,45.232
130,20.498,10.6667,211.136,35.8453,11.8827,0.0,0.694,0.656,0.0,0.0,0.0,-3.44667,15.2333,46.3013
145,20.3627,10.0,210.016,35.764,11.524,0.0,0.65,0.108667,0.0,0.0,0.0,-3.512,14.9847,47.176
200,20.2353,10.0,210.581,35.748,11.6053,0.0,0.65,0.0,0.0,0.0,0.0,-3.316,14.816,47.232
215,20.0933,10.0,209.707,35.724,11.426,0.0,0.65,0.036,0.0,0.0,0.0,-3.316,14.7493,46.3973
230,19.972,9.4,209.621,35.608,11.6867,0.0,0.65,0.440667,0.0,0.0,0.0,-3.25067,14.7033,46.4667
245,19.8267,9.0,208.853,35.5453,11.5887,0.0,0.65,0.704667,0.0,0.0,0.0,-3.316,14.5767,47.3253
300,19.698,9.13333,208.459,35.528,11.7033,0.0,0.65,0.422,0.0,0.0,0.0,-3.38133,14.4067,47.4453
315,19.5833,9.73333,208.299,35.532,11.4427,0.0,0.65,0.16,0.0,0.0,0.0,-3.44667,14.3053,47.2827
330,19.4593,10.0,207.307,35.5653,11.7847,0.0,0.65,0.119333,0.0,0.0,0.0,-3.25067,14.17,47.3387
345,19.3427,10.0,206.827,35.544,11.3613,0.0,0.65,0.0,0.0,0.0,0.0,-3.25067,14.0867,47.1733
400,19.242,10.0,206.891,35.4707,11.7033,0.0,0.65,0.0673333,0.0,0.0,0.0,-3.512,14.0113,47.368
415,19.1147,10.0,206.304,35.4493,11.6867,0.0,0.65,0.0,0.0,0.0,0.0,-3.25067,13.9533,46.976
430,18.9913,9.53333,206.037,35.3533,11.6053,0.0,0.65,0.150667,0.0,0.0,0.0,-3.25067,13.7927,48.3573
445,18.89,9.0,206.731,35.4027,11.6053,0.0,0.65,0.0413333,0.0,0.0,0.0,-3.25067,13.5907,48.904
500,18.7667,9.0,206.805,35.428,11.7033,0.0,0.65,0.0,0.0,0.0,0.0,-3.25067,13.506,48.5387
515,18.6647,9.93333,207.712,35.3467,11.6053,0.0,1.53,0.0,0.0,0.0,0.0,-3.18533,13.4333,48.6133
530,18.5607,10.0,208.171,35.3467,11.7033,0.0,21.866,0.0,0.0,0.0,0.0,-3.25067,13.3493,48.784
545,18.4573,10.0,208.405,35.348,11.6053,0.0,389.792,0.0,0.0,0.0,0.0,-2.404,13.28,48.6107
600,18.3393,10.0,209.035,35.3413,11.524,0.0,612.48,0.0,236.544,2394.11,652.288,5.54267,13.2167,48.584
615,18.238,9.06667,208.917,35.276,19.2793,0.0,613.077,0.0,4021.25,19872.8,4515.84,34.014,13.144,49.1387
630,18.1567,9.0,208.48,35.2987,20.986,0.0,614.912,0.036,8056.83,44239.5,10234.9,78.976,13.11,49.232
645,18.0727,9.0,209.344,35.3347,21.1653,0.0,616.341,0.036,8192.0,43094.7,12098.2,101.592,13.1813,48.76
700,17.99,9.26667,209.963,35.252,21.166,0.0,616.341,0.414,8047.96,42030.4,15724.5,130.819,13.322,47.848
715,17.9527,10.0,209.867,35.2267,21.4087,0.0,618.219,0.754,12233.4,69105.0,27970.2,219.285,13.4867,48.256
730,17.9313,10.0,209.611,35.416,21.0653,0.0,619.328,0.0673333,12641.6,73651.5,34657.6,265.109,13.7147,47.472
745,17.9733,10.8,209.536,35.436,20.9047,0.0,620.309,0.568,13185.7,76158.3,41559.4,314.059,14.024,46.6507
800,18.01,11.0,209.536,35.5133,24.4693,0.0,620.736,0.828,13925.0,77034.8,48824.3,362.709,14.386,45.7707
815,18.0873,11.7333,208.48,35.552,31.224,0.0,621.248,0.684,14655.5,77791.2,55869.4,411.456,14.7747,45.08
830,18.204,13.0667,208.576,35.724,35.24,0.0,622.101,0.236,15480.1,78427.5,62636.0,459.776,15.2407,44.6773
845,18.346,14.0,208.203,35.844,41.3373,0.0,623.04,0.0573333,15673.3,79358.6,68381.4,503.744,15.792,44.5067
900,18.4893,15.8667,208.277,35.4653,42.2173,0.0,622.912,1.19733,15071.2,82108.4,73236.5,547.84,16.3973,44.16
915,18.6927,16.0,208.139,35.368,51.472,0.0,622.571,1.82533,14197.4,80467.3,77496.3,592.469,16.9773,43.7787
930,18.8993,16.2667,208.821,35.344,51.6667,0.0,621.888,2.07867,13293.6,77875.9,81103.5,632.363,17.5573,44.0773
945,19.1253,18.0,208.789,35.3667,51.408,0.0,622.144,1.94467,12670.3,73359.4,85611.9,670.784,18.0627,44.2907
1000,19.364,18.0,209.536,35.46,51.392,0.0,622.4,1.852,12225.2,65667.1,89576.8,704.768,18.4133,44.3653
1015,19.6007,18.0,209.984,35.4907,79.5013,0.0,622.4,1.85067,11516.6,56614.9,91990.7,733.995,18.8693,44.568
1030,19.8793,18.7333,209.952,35.5387,81.504,0.0,622.4,2.008,10813.1,44478.5,92717.1,760.149,19.3433,44.4933
1045,20.132,19.0,210.176,35.6853,81.344,0.0,622.4,2.12467,10278.9,33341.4,92913.7,786.389,19.744,44.0613
1100,20.386,19.0,210.368,35.7693,81.4827,0.0,622.443,2.03067,9834.5,24606.0,92405.8,806.272,20.1767,43.904
1115,20.652,19.0,209.653,35.8653,81.504,0.0,622.4,2.48133,9590.78,19228.0,91340.8,819.968,20.668,44.3173
1130,20.9027,19.3333,210.357,35.9853,81.0213,0.0,622.016,2.57933,9325.57,16061.1,90297.7,831.189,21.1733,45.216
1145,21.1853,20.0,209.803,36.1027,81.3227,0.0,621.76,2.286,9719.81,14045.9,90286.8,841.387,21.5867,45.592
1200,21.4533,20.0,210.251,36.212,80.9227,0.0,621.76,2.89733,11159.6,11617.6,89631.4,846.635,21.9347,45.5173
1215,21.7173,20.0,210.592,36.32,81.28,0.0,621.717,2.534,14103.2,10685.1,88145.9,847.829,22.2227,45.1253
1230,21.9627,20.0,210.283,36.4093,81.104,0.0,621.547,2.91333,18957.0,10585.1,85568.2,844.032,22.5587,45.272
1245,22.1787,21.4667,210.72,36.536,81.104,0.0,621.419,2.41467,25919.5,9798.66,82657.3,839.637,22.7933,44.744
1300,22.4333,20.9333,210.443,36.6347,80.9413,0.0,621.589,2.276,35259.7,9175.04,79167.5,829.056,23.1293,43.7627
1315,22.6347,20.0,210.421,36.7373,81.2613,0.0,621.248,2.974,46764.0,8967.17,74776.6,814.379,23.5333,43.2747
1330,22.8507,20.0,209.984,36.9173,80.9413,0.0,621.12,2.83267,59640.5,8974.34,69763.1,795.989,23.748,42.3893
1345,23.056,20.0,210.251,37.1147,75.016,0.0,620.565,2.782,71314.1,8873.98,65197.4,775.936,23.9747,42.0
1400,23.256,20.0,209.803,37.3507,50.9813,0.0,620.523,2.742,79164.8,8902.66,60391.4,749.653,24.0667,41.8347
1415,23.42,20.4667,209.792,37.6147,51.0613,0.0,620.395,2.71133,86518.4,9003.01,55590.9,722.304,24.268,41.768
1430,23.5947,20.9333,209.867,37.9267,51.0613,0.0,620.053,2.91133,90374.1,9203.71,49864.7,688.555,24.3893,41.72
1445,23.748,20.0667,210.091,38.3093,51.1707,0.0,619.84,2.47867,91193.3,9189.38,43640.1,652.757,24.4107,42.0107
1500,23.9027,20.7333,209.813,38.756,45.6547,0.0,619.712,3.352,92170.9,9210.88,37897.6,617.259,24.3307,43.1467
1515,24.0373,21.0,210.069,39.1013,39.3533,0.0,619.2,2.67733,80554.7,8458.24,30025.0,523.243,24.1667,44.0107
1530,24.152,20.3333,209.067,39.48,38.6867,0.0,619.029,2.35,79243.9,9167.87,27473.2,499.307,23.98,44.3147
1545,24.224,19.0,208.117,39.9187,21.344,0.0,618.432,2.772,52568.1,8501.25,20338.7,355.2,23.7227,44.9173
1600,24.2533,19.0,207.435,40.3853,20.824,0.0,617.963,2.376,42075.5,9089.02,16728.1,310.507,23.3533,46.7627
1615,24.272,19.0,206.709,40.956,20.8227,0.0,617.92,2.15933,52533.9,10391.9,16698.7,349.877,22.936,48.3067
1630,24.284,19.0,206.08,41.4613,20.9213,0.0,618.347,2.524,75754.2,12606.1,18749.4,422.101,22.6347,49.3227
1645,24.2733,19.0,205.664,41.568,20.644,0.0,618.56,2.45267,71412.4,12864.2,16427.0,362.859,22.384,49.0107
1700,24.2507,19.0,204.789,41.6667,20.742,0.0,618.005,1.85467,42350.6,9281.54,11388.2,216.219,22.1213,49.1547
1715,24.1973,18.4667,203.989,41.7973,20.9033,0.0,616.939,1.328,10980.0,5340.16,7139.33,106.677,21.8907,49.7787
1730,24.152,18.0,202.965,42.1173,20.7413,0.0,616.512,1.43867,9338.88,4974.59,6193.15,98.72,21.708,50.456
1745,24.0933,18.0,202.624,42.3413,20.8233,0.0,616.0,1.276,4637.7,4028.42,4006.91,58.988,21.54,50.592
1800,24.016,18.0,203.253,41.992,18.8227,0.0,615.616,0.752,2394.11,2315.26,2114.56,23.3547,21.312,49.0933
1815,23.944,18.0,202.741,41.7733,11.328,0.0,615.232,0.996667,910.336,637.952,623.616,6.53267,21.0707,49.4107
1830,23.856,18.0,202.656,42.208,11.3447,0.0,569.067,0.94,0.0,0.0,0.0,-2.73067,20.8013,52.144
1845,23.7467,18.0,202.72,43.104,10.9693,0.0,92.16,1.00133,0.0,0.0,0.0,-3.96933,20.6013,54.816
1900,23.636,18.0,203.125,44.048,11.3447,0.0,3.64,1.338,0.0,0.0,0.0,-3.83867,20.4033,56.688
1915,23.5293,17.2667,202.731,44.6187,11.2133,0.0,0.87,0.782667,0.0,0.0,0.0,-3.904,20.204,59.2293
1930,23.4227,16.4667,202.784,45.3733,11.1153,0.0,0.694,0.706,0.0,0.0,0.0,-3.77333,20.0207,60.8187
1945,23.3347,16.0,203.04,45.5627,11.2467,0.0,0.738,0.962,0.0,0.0,0.0,-3.96933,19.8407,61.7067
2000,23.2373,15.8667,202.933,45.832,11.2133,0.0,0.694,0.227333,0.0,0.0,0.0,-4.1,19.656,62.032
2015,23.1427,15.0,203.691,45.8667,11.426,0.0,0.694,0.707333,0.0,0.0,0.0,-3.96933,19.4867,62.416
2030,23.0307,15.0,204.245,45.4373,11.2947,0.0,0.65,0.586,0.0,0.0,0.0,-3.77333,19.328,63.1467
2045,22.928,15.0,203.445,44.6987,11.328,0.0,0.65,0.970667,0.0,0.0,0.0,-3.708,19.1467,64.184
2100,22.8213,15.0,205.024,44.6507,11.328,0.0,0.65,0.375333,0.0,0.0,0.0,-3.64267,18.9867,63.8373
2115,22.716,15.0,204.245,44.216,11.3113,0.0,0.65,0.188667,0.0,0.0,0.0,-3.77333,18.7807,64.0693
2130,22.5933,15.0,203.285,43.3333,11.23,0.0,0.65,0.321333,0.0,0.0,0.0,-3.77333,18.624,64.3227
2145,22.4933,15.0,203.467,42.6107,11.2467,0.0,0.65,0.324667,0.0,0.0,0.0,-3.512,18.4393,64.7573
2200,22.372,15.0,203.627,41.5453,11.6867,0.0,0.65,0.647333,0.0,0.0,0.0,-3.904,18.2873,65.7093
2215,22.2533,15.0,203.584,41.796,11.426,0.0,0.65,0.196667,0.0,0.0,0.0,-3.708,18.188,65.6293
2230,22.156,15.0,204.501,41.8507,11.5073,0.0,0.65,0.152667,0.0,0.0,0.0,-3.57733,18.0933,65.3707
2245,22.0493,14.0667,203.253,41.1333,11.6053,0.0,0.694,0.560667,0.0,0.0,0.0,-3.708,18.0033,66.0853
2300,21.9307,14.0,203.072,39.36,11.3447,0.0,0.65,0.944667,0.0,0.0,0.0,-3.77333,17.8933,67.0747
2315,21.8413,14.0,204.597,39.544,11.3447,0.0,0.65,0.462,0.0,0.0,0.0,-3.512,17.766,66.3093
2330,21.732,14.0,204.587,38.868,11.524,0.0,0.65,0.821333,0.0,0.0,0.0,-3.64267,17.6287,66.5227
2345,21.62,14.0,203.435,39.0013,11.426,0.0,0.65,0.523333,0.0,0.0,0.0,-3.512,17.476,66.9307
0,21.5187,14.0,204.448,38.892,11.6867,0.0,0.65,0.552667,0.0,0.0,0.0,-3.44667,17.34,66.896
15,21.4147,14.0,205.696,39.056,11.7033,0.0,0.65,0.22,0.0,0.0,0.0,-3.64267,17.1853,66.6053
30,21.3107,14.0,205.045,38.948,11.5073,0.0,0.65,0.476667,0.0,0.0,0.0,-3.25067,17.0873,66.8773
45,21.188,14.0,205.376,38.412,11.4427,0.0,0.65,0.7,0.0,0.0,0.0,-3.512,16.9593,66.576
100,21.084,14.0,206.261,38.4973,11.3447,0.0,0.694,0.400667,0.0,0.0,0.0,-3.512,16.8247,66.3333
115,20.992,13.4,206.539,38.62,11.4907,0.0,0.65,0.254667,0.0,0.0,0.0,-3.64267,16.7273,66.4853
130,20.8867,13.0,206.677,38.3613,11.622,0.0,0.65,0.733333,0.0,0.0,0.0,-3.57733,16.6353,66.5867
145,20.7893,12.3333,207.349,38.5653,11.5887,0.0,0.65,0.323333,0.0,0.0,0.0,-3.44667,16.53,66.5947
200,20.712,12.0,206.976,38.9,11.4427,0.0,0.65,0.0746667,0.0,0.0,0.0,-3.512,16.488,66.424
215,20.632,12.0,206.677,38.8987,11.622,0.0,0.694,0.036,0.0,0.0,0.0,-3.512,16.448,66.624
230,20.5627,12.0,207.008,38.8307,11.4907,0.0,0.65,0.252667,0.0,0.0,0.0,-3.44667,16.46,66.992
245,20.4947,12.0,206.848,38.804,11.524,0.0,0.738,0.318,0.0,0.0,0.0,-3.38133,16.4407,67.5253
300,20.4067,12.3333,206.581,38.6493,11.524,0.0,0.782,0.832667,0.0,0.0,0.0,-3.44667,16.4167,68.216
315,20.3433,13.0,205.696,38.7693,11.6053,0.0,0.914,0.114,0.0,0.0,0.0,-3.77333,16.4407,67.968
330,20.2587,13.0,206.069,38.8947,11.524,0.0,0.87,0.586667,0.0,0.0,0.0,-3.512,16.456,67.9947
345,20.1833,13.0,206.325,38.704,11.524,0.0,0.694,0.688,0.0,0.0,0.0,-3.512,16.4453,68.4773
400,20.138,13.1333,206.357,38.7387,11.524,0.0,0.782,0.600667,0.0,0.0,0.0,-3.44667,16.4367,68.2507
415,20.08,14.0,206.667,39.0933,11.6867,0.0,0.694,0.142667,0.0,0.0,0.0,-3.57733,16.4367,68.0427
430,20.0267,14.0,206.667,39.0573,11.6053,0.0,0.694,0.417333,0.0,0.0,0.0,-3.25067,16.4267,68.1493
445,19.958,14.0,207.179,39.304,11.6053,0.0,0.65,0.0,0.0,0.0,0.0,-3.77333,16.4167,67.792
500,19.89,13.8667,207.584,39.1547,11.622,0.0,0.65,0.525333,0.0,0.0,0.0,-3.83867,16.4067,68.0853
515,19.8393,13.0,207.669,39.1373,11.6867,0.0,1.046,0.170667,0.0,0.0,0.0,-3.512,16.346,68.672
530,19.7713,12.6667,207.829,39.4253,11.7847,0.0,11.59,0.482,0.0,0.0,0.0,-3.57733,16.2573,68.7733
545,19.698,12.0,207.68,39.5693,11.4427,0.0,149.979,0.156,0.0,0.0,0.0,-3.14733,16.1847,68.7387
600,19.6467,12.0,208.235,39.6773,11.5887,0.0,609.173,0.349333,0.0,738.304,236.544,6.142,16.0907,68.7973
615,19.5827,12.0,209.067,39.6027,17.636,0.0,613.76,0.365333,1605.63,3870.72,2293.76,27.672,16.0633,68.72
630,19.5267,12.0,209.003,39.8493,20.8233,0.0,614.059,0.314,2379.78,5985.28,3634.18,42.5467,16.0207,68.68
645,19.476,12.0,208.512,40.1013,20.9213,0.0,614.592,0.425333,4272.13,12642.0,6795.26,74.272,16.004,68.088
700,19.4147,12.0,208.64,39.9107,20.9047,0.0,615.36,0.584667,4738.05,13859.8,7820.29,89.984,16.0173,68.024
715,19.3933,12.0,208.683,40.0787,20.7413,0.0,615.36,0.824667,4695.04,9891.5,8207.36,96.4,16.0567,68.5307
730,19.3633,12.0,208.277,40.284,21.1813,0.0,615.829,0.544,8034.99,15573.7,13130.4,153.712,16.1827,67.744
745,19.3633,12.0,207.872,40.684,20.9047,0.0,616.939,0.649333,9354.24,21644.6,16732.8,200.32,16.4513,66.1547
800,19.37,12.3333,207.765,40.3533,20.9047,0.0,617.408,0.908667,9439.91,26415.8,19032.7,222.976,16.6127,66.0133
815,19.3967,13.0,207.701,40.4587,21.3433,0.0,617.579,0.947333,10586.1,28228.3,21785.9,248.384,16.72,65.2613
830,19.4567,13.1333,207.605,40.5173,23.5893,0.0,618.603,1.14667,13573.5,35153.9,29437.3,296.832,16.8947,64.4987
845,19.568,14.0,209.909,42.2053,21.784,0.0,618.304,0.88,13480.6,27451.4,22911.7,302.144,17.172,63.0213
900,19.5787,14.0,209.472,42.044,27.5573,0.0,618.859,1.08533,15401.6,39481.3,35733.5,362.496,17.4087,62.6107
915,19.6567,14.9333,208.821,42.4707,27.7907,0.0,620.053,0.923333,15200.3,39596.0,36035.2,383.424,17.6913,61.8747
930,19.6593,15.5333,206.88,43.372,31.7113,0.0,619.371,1.78933,16814.1,35778.6,37649.1,410.837,17.9693,61.552
945,19.8713,16.0,211.488,41.412,39.752,0.0,620.267,1.85067,21934.1,42146.5,45690.9,547.051,18.58,60.9627
1000,19.9707,16.5333,211.659,41.4747,29.1547,0.0,620.096,1.90333,20710.7,30664.0,34376.4,457.323,19.8327,59.192
1015,19.996,17.0,210.891,42.0107,33.0127,0.0,619.541,1.50867,20942.2,32271.0,41919.8,497.941,20.028,59.0693
1030,20.1353,16.6667,209.291,41.352,37.9427,0.0,620.907,1.17067,20038.3,34656.3,48181.2,555.392,20.796,55.896
1045,20.2933,16.0,208.725,42.1547,25.0067,0.0,620.011,1.408,16196.9,21958.0,27155.1,357.173,21.1053,54.3333
1100,20.3153,16.0,206.197,42.272,25.1853,0.0,618.56,2.47333,19320.8,22092.5,27444.6,341.611,20.764,56.4027
1115,20.412,16.9333,204.299,44.496,58.04,0.0,620.181,1.476,24859.3,28099.9,65926.5,712.256,22.2307,52.304
1130,20.6547,17.0,206.539,42.2773,72.536,0.0,622.229,2.22,25728.3,28281.5,82463.4,844.693,23.8293,47.5627
1145,20.8867,17.0,207.381,41.7013,46.9387,0.0,621.12,2.87933,23318.5,22902.8,58110.0,629.077,22.86,51.6187
1200,20.888,17.0,206.741,43.4987,25.462,0.0,619.157,2.73467,21605.7,19680.6,27368.1,385.941,22.5467,51.944
1215,20.9,17.0,205.909,43.9253,38.6707,0.0,618.816,2.56867,27179.7,23759.5,36526.8,502.208,21.8333,54.896
1230,20.9253,17.7333,204.608,43.856,54.0227,0.0,619.584,2.69333,33873.9,27029.5,52860.2,695.616,21.884,54.8507
1245,21.0867,18.0,203.627,44.4107,43.4107,0.0,620.224,2.68067,32032.1,22277.5,48297.3,622.699,22.208,53.992
1300,21.14,18.0,203.04,44.6293,33.9907,0.0,619.2,2.61733,27114.2,21092.4,34519.7,481.131,21.8973,55.2373
1315,21.1747,18.0,202.549,46.328,42.6093,0.0,619.2,3.01733,33338.7,22672.7,40775.7,576.427,21.644,56.7173
1330,21.208,18.0,202.069,47.64,27.008,0.0,618.603,2.576,26242.4,18133.7,28678.1,414.656,21.5107,57.3947
1345,21.2147,17.2667,202.315,46.5413,20.9033,0.0,617.963,2.808,19167.9,14755.8,21305.3,318.912,21.3813,57.904
1400,21.256,17.0,202.699,47.16,20.8227,0.0,617.28,2.54733,16942.4,15651.5,18950.8,299.211,20.9853,59.0373
1415,21.2373,17.0,202.827,50.3333,25.7867,0.0,617.707,2.19867,26013.0,17997.8,24978.8,388.363,20.876,59.4827
1430,21.232,17.0,202.699,49.4107,24.924,0.0,617.92,1.67733,28906.8,16132.1,24450.4,387.435,20.984,59.2027
1445,21.2293,17.0,202.827,50.6427,20.7253,0.0,617.877,2.57667,22377.1,14011.1,20575.6,323.083,20.9933,58.9227
1500,21.204,17.0,202.208,49.248,20.8233,0.0,617.451,2.68267,14484.1,12884.7,15594.2,247.893,20.8787,59.4693
1515,21.128,17.0,202.155,50.92,23.0033,0.0,617.323,2.39467,22380.5,15437.8,20280.0,313.749,20.6387,60.3653
1530,21.18,17.0,202.283,52.0693,26.4887,0.0,617.877,2.43,34869.2,17945.9,23684.4,409.461,20.7,60.2427
1545,21.14,17.0,200.971,51.776,20.8233,0.0,617.621,2.47267,21140.8,13250.6,17817.6,264.341,20.588,59.8587
1600,21.0773,17.0,201.088,52.12,20.562,0.0,617.28,2.31533,16748.5,12727.6,16642.0,246.165,20.548,59.2347
1615,21.0413,17.0,200.096,53.7733,20.6607,0.0,617.195,1.832,12348.8,12233.4,13315.4,218.443,20.3773,59.5467
1630,21.016,17.0,200.469,53.408,20.644,0.0,617.28,1.63533,14132.6,12711.9,13981.7,233.195,20.35,60.416
1645,21.1693,17.0,201.835,47.336,20.8227,0.0,616.896,1.77,7411.37,8286.21,8866.47,133.341,20.2753,60.4613
1700,21.304,17.0,201.621,45.5227,20.9213,0.0,616.085,1.91133,4092.93,5182.46,5282.82,76.4613,20.1933,60.84
1715,21.352,17.0,201.621,45.4933,20.84,0.0,615.787,1.602,3526.66,4021.25,4164.61,65.7467,20.0507,61.2533
1730,21.3547,16.8667,201.44,45.9947,20.6433,0.0,615.403,1.886,3175.42,3024.9,3347.46,53.0813,19.9133,61.92
1745,21.348,16.0,201.024,45.8453,16.514,0.0,615.296,1.848,917.504,1318.91,1304.58,23.366,19.7673,62.6373
1800,21.304,16.0,200.885,46.0,11.2633,0.0,614.784,2.00267,71.68,0.0,358.4,14.5927,19.632,63.5307
1815,21.268,16.0,200.395,46.8107,11.426,0.0,612.864,1.61133,0.0,0.0,0.0,3.79667,19.4727,64.5013
1830,21.2267,16.0,200.629,48.7333,11.622,0.0,224.021,1.51533,0.0,0.0,0.0,-2.45733,19.35,65.504
1845,21.192,16.0,201.408,50.2347,11.6053,0.0,27.8373,0.750667,0.0,0.0,0.0,-3.904,19.272,65.912
1900,21.144,15.8667,201.259,51.5947,11.4093,0.0,2.366,0.634,0.0,0.0,0.0,-3.904,19.1693,66.12
1915,21.072,15.0,201.013,51.6613,11.6053,0.0,1.31,0.682,0.0,0.0,0.0,-3.83867,19.074,66.4613
1930,21.0467,15.0,201.909,52.408,11.524,0.0,1.31,0.534,0.0,0.0,0.0,-3.57733,18.978,66.2427
1945,20.988,15.0,201.771,51.2747,11.7033,0.0,1.222,0.639333,0.0,0.0,0.0,-3.64267,18.89,66.0587
2000,20.9227,15.0,201.803,51.2693,11.524,0.0,1.222,0.630667,0.0,0.0,0.0,-3.512,18.8267,65.9227
2015,20.8867,15.0,201.952,51.288,11.524,0.0,1.31,0.557333,0.0,0.0,0.0,-3.77333,18.7333,66.3067
2030,20.832,15.0,202.069,48.344,11.4427,0.0,1.266,1.09667,0.0,0.0,0.0,-3.708,18.6633,66.7813
2045,20.7733,15.0,202.101,50.9813,11.5887,0.0,1.178,1.15067,0.0,0.0,0.0,-3.512,18.5787,67.272
2100,20.7173,15.0,202.496,50.4613,11.5073,0.0,0.738,0.658667,0.0,0.0,0.0,-3.57733,18.48,67.648
2115,20.6707,15.0,202.176,49.552,11.6053,0.0,0.87,0.655333,0.0,0.0,0.0,-3.512,18.3827,67.8613
2130,20.624,15.0,202.133,51.3707,11.426,0.0,1.134,0.0746667,0.0,0.0,0.0,-3.77333,18.2987,67.7387
2145,20.5667,15.0,202.645,50.2427,11.7847,0.0,1.09,0.0593333,0.0,0.0,0.0,-3.44667,18.206,68.0293
2200,20.5147,15.0,202.976,50.8133,11.6053,0.0,1.178,0.186667,0.0,0.0,0.0,-3.83867,18.1727,68.304
2215,20.4767,15.0,203.147,51.2453,11.328,0.0,1.31,0.0,0.0,0.0,0.0,-3.77333,18.15,68.3227
2230,20.4133,15.0,202.613,51.616,11.524,0.0,1.09,0.0,0.0,0.0,0.0,-3.57733,18.132,68.4
2245,20.3767,15.0,202.251,51.4107,11.7033,0.0,1.222,0.0,0.0,0.0,0.0,-3.64267,18.088,68.6613
2300,20.3267,15.0,202.624,50.7547,11.5073,0.0,1.134,0.07,0.0,0.0,0.0,-3.57733,18.0567,69.2133
2315,20.2667,15.0,202.347,48.8987,11.622,0.0,1.002,0.882,0.0,0.0,0.0,-3.38133,18.0433,69.5093
2330,20.22,14.8667,203.029,48.48,11.5073,0.0,0.958,1.01133,0.0,0.0,0.0,-3.708,17.99,69.9573
2345,20.1767,14.0,203.019,48.328,11.7033,0.0,0.87,0.834667,0.0,0.0,0.0,-3.57733,17.934,69.7307
0,20.1073,14.0,203.2,48.4987,11.5073,0.0,0.694,0.767333,0.0,0.0,0.0,-3.57733,17.7913,69.4267
15,20.0633,14.0,203.083,48.9893,11.6053,0.0,0.65,0.103333,0.0,0.0,0.0,-3.44667,17.6387,69.528
30,19.9987,14.0,203.147,50.3893,11.524,0.0,0.65,0.0,0.0,0.0,0.0,-3.44667,17.5127,69.2453
45,19.9353,14.0,203.733,49.04,11.67,0.0,0.65,0.0,0.0,0.0,0.0,-3.708,17.39,69.5147
100,19.8733,13.8667,204.213,50.2933,11.524,0.0,0.65,0.0,0.0,0.0,0.0,-3.64267,17.2667,69.4533
115,19.8027,13.0,204.523,49.616,11.524,0.0,0.65,0.08,0.0,0.0,0.0,-3.57733,17.142,69.5253
130,19.7307,13.0,203.957,48.4427,11.524,0.0,0.65,0.402,0.0,0.0,0.0,-3.512,17.0247,70.0853
145,19.6627,13.0,204.171,49.6827,11.866,0.0,0.65,0.137333,0.0,0.0,0.0,-3.708,16.922,69.8987
200,19.5793,13.0,205.205,48.6933,11.4427,0.0,0.65,0.335333,0.0,0.0,0.0,-3.83867,16.796,69.984
215,19.5067,13.0,205.995,49.7147,11.426,0.0,0.65,0.0,0.0,0.0,0.0,-3.64267,16.668,69.864
230,19.4193,13.0,205.44,49.0187,11.622,0.0,0.65,0.142,0.0,0.0,0.0,-3.64267,16.5433,70.1867
245,19.3467,13.0,205.131,48.7173,11.5887,0.0,0.738,0.303333,0.0,0.0,0.0,-3.316,16.4213,70.76
300,19.2747,13.0,206.229,48.2,11.524,0.0,0.914,0.15,0.0,0.0,0.0,-3.18533,16.3393,70.8187
315,19.1933,13.0,206.443,48.672,11.7847,0.0,0.782,0.106,0.0,0.0,0.0,-3.38133,16.2887,70.7307
330,19.118,13.0,206.805,48.064,11.6867,0.0,0.914,0.728667,0.0,0.0,0.0,-3.708,16.2333,70.632
345,19.05,13.0,206.475,48.456,11.7033,0.0,0.914,0.365333,0.0,0.0,0.0,-3.44667,16.1807,70.568
400,18.9853,13.0,205.952,49.0267,11.4427,0.0,0.87,0.618,0.0,0.0,0.0,-3.512,16.14,70.5867
415,18.9273,13.0,206.816,49.3867,11.5073,0.0,0.738,0.174,0.0,0.0,0.0,-3.708,16.0867,70.3733
430,18.8633,13.0,207.072,49.696,11.6053,0.0,0.782,0.127333,0.0,0.0,0.0,-3.512,16.0367,70.0533
445,18.83,13.0,206.837,49.968,11.6053,0.0,0.738,0.052,0.0,0.0,0.0,-3.44667,16.0233,70.016
500,18.7787,13.0,206.741,49.9227,11.524,0.0,0.782,0.0,0.0,0.0,0.0,-3.38133,16.01,70.0853
515,18.718,13.0,206.869,50.5867,11.524,0.0,1.618,0.0,0.0,0.0,0.0,-3.57733,15.9887,70.1733
530,18.668,13.0,207.413,50.416,11.524,0.0,20.6353,0.222667,0.0,0.0,0.0,-3.316,15.988,70.2453
545,18.626,13.0,208.533,50.7947,11.866,0.0,176.069,0.0,0.0,0.0,0.0,-2.652,15.98,70.5307
600,18.5807,13.0,209.067,50.84,11.622,0.0,561.216,0.0,0.0,0.0,0.0,2.92667,15.9853,70.6693
615,18.544,13.9333,209.536,51.5387,11.6053,0.0,614.357,0.0,0.0,501.76,0.0,10.6067,15.996,70.496
630,18.51,14.0,209.781,51.376,17.198,0.0,614.4,0.0,1053.7,1541.12,1591.3,24.472,16.0367,70.336
645,18.496,14.0,209.557,51.528,20.8233,0.0,615.36,0.0,2817.02,4902.91,4014.08,58.0187,16.0933,70.784
700,18.4687,14.0,209.717,51.6293,21.02,0.0,615.403,0.036,4623.36,7332.86,5798.91,86.8,16.1553,70.5653
715,18.4653,14.0,209.792,51.9733,21.0833,0.0,616.213,0.0,6358.02,12828.7,9489.75,139.989,16.258,70.1573
730,18.5033,14.0667,210.592,51.2053,21.264,0.0,616.768,0.088,7168.0,15344.0,10620.9,145.173,16.4107,69.024
745,18.5033,14.5333,210.539,49.3067,21.3447,0.0,616.64,0.0726667,6472.7,10214.1,7949.31,133.397,16.5633,68.6533
800,18.5273,15.0,211.328,50.208,20.9047,0.0,617.067,0.096,8006.66,13859.5,11138.4,169.851,16.7487,67.8533
815,18.5733,15.0,211.328,51.0187,21.426,0.0,617.621,0.036,10721.6,17742.5,16083.6,230.005,16.9473,67.2907
830,18.626,15.0,210.453,50.184,21.2473,0.0,618.133,0.331333,10128.0,21175.6,16693.2,233.216,17.1387,67.336
845,18.668,15.0,210.784,50.6373,21.084,0.0,617.963,0.314,8787.97,12878.5,10858.2,182.613,17.3593,66.608
900,18.7513,15.0,210.784,49.648,22.45,0.0,618.048,0.0953333,10507.6,21857.6,20883.5,248.224,17.5647,66.3947
915,18.8467,15.0,211.925,49.5493,32.084,0.0,619.712,0.086,14841.9,41548.5,40164.7,379.627,17.7567,66.2667
930,18.9807,15.0,211.136,48.992,57.2607,0.0,622.144,0.476667,18855.3,59777.0,61603.8,579.883,18.058,65.72
945,19.0887,16.8667,211.808,48.7467,22.0273,0.0,620.352,0.48,12871.0,22070.6,21105.3,289.163,18.3627,65.0587
1000,19.24,17.4,211.371,48.9653,47.8693,0.0,620.651,0.202667,18954.9,42101.4,50506.4,541.739,18.638,64.6187
1015,19.466,17.7333,211.435,48.728,56.0213,0.0,622.229,1.03733,18732.4,41877.5,58189.1,588.437,19.034,64.0373
1030,19.648,18.0,211.307,48.52,61.5733,0.0,622.955,0.688667,18045.6,40673.3,69873.7,646.88,19.43,63.3547
1045,19.894,18.0,210.869,48.68,75.7013,0.0,623.595,1.45067,20116.1,39041.7,86186.7,791.147,19.9153,62.8267
1100,20.162,18.5333,214.165,48.7173,30.0333,0.0,621.461,0.856667,18455.9,19535.9,31073.6,369.312,20.3907,61.7973
1115,20.34,19.0,221.493,48.9093,70.1947,0.0,622.357,1.08933,20884.1,27074.6,78912.2,774.955,20.584,61.7733
1130,20.6133,19.0,228.043,48.8987,66.228,0.0,623.125,1.62733,19799.4,23189.5,74185.4,749.579,21.064,60.8853
1145,20.7787,19.0,228.32,49.208,25.7553,0.0,620.437,1.354,17063.3,13073.1,26101.8,315.616,21.42,60.296
1200,20.9173,19.0,226.315,49.1893,35.76,0.0,618.859,2.628,20088.1,14182.4,32864.9,432.469,21.4547,60.672
1215,21.1187,19.7333,219.648,50.3387,65.3173,0.0,619.797,2.78067,24672.9,17428.5,55316.5,686.827,21.5053,60.792
1230,21.3427,20.2667,219.264,49.4533,37.0753,0.0,619.755,3.16933,19549.5,15717.0,32166.6,444.907,21.7507,60.5493
1245,21.46,21.6,215.52,50.104,23.704,0.0,618.261,2.79,19672.4,14641.8,22616.7,351.968,21.7933,59.8267
1300,21.5573,22.0,209.173,51.8107,32.3927,0.0666667,618.176,2.14667,22173.0,16418.1,33529.9,419.605,21.6413,59.648
1315,21.6773,20.9333,208.864,51.6667,40.6433,0.666667,618.944,2.63667,30200.5,18683.9,40127.1,492.107,21.6547,60.432
1330,21.804,19.4667,209.493,51.136,44.3053,0.4,618.944,2.35533,41634.5,14920.4,49927.5,567.499,21.7773,61.032
1345,22.0013,19.0,210.027,50.728,71.096,0.0,620.693,2.24467,70471.7,16024.2,63000.6,806.123,22.132,60.672
1400,22.164,19.0,208.192,51.056,24.306,0.0,618.731,2.20267,16074.4,6937.94,16053.2,224.155,22.5307,59.4
1415,22.184,19.0,207.776,51.9093,20.7247,0.0,616.853,1.97267,5060.61,6422.53,8709.12,112.656,22.3107,58.96
1430,22.212,18.4667,207.893,52.1387,21.02,0.0,616.085,1.412,3075.07,5548.03,5798.91,74.6693,21.9613,59.7413
1445,22.2173,18.0,207.296,52.8,20.7413,0.333333,615.616,1.91667,2042.88,3741.7,3182.59,42.5173,21.704,60.7893
1500,22.2027,18.0,206.859,53.616,20.8407,1.0,614.4,1.244,2802.69,2587.65,2759.68,34.3787,21.3747,63.7707
1515,22.164,17.0667,205.643,55.616,20.8227,0.666667,614.528,1.04467,6214.66,3791.87,6881.28,78.984,21.0453,65.5467
1530,22.128,16.2667,203.744,56.9493,20.562,0.0,615.36,0.966667,7124.99,6128.64,8544.26,114.816,20.788,66.5333
1545,22.0973,16.0,203.808,57.7707,20.724,0.0,615.573,0.711333,12405.1,7913.47,9805.14,162.773,20.6413,67.136
1600,22.0773,16.0,204.48,58.3707,20.742,0.733333,616.469,0.829333,16684.4,11236.7,13400.7,254.72,20.5987,67.4933
1615,22.0747,16.9333,203.285,58.608,20.7413,0.133333,616.811,0.72,37874.3,12247.7,15063.7,305.653,20.62,67.2267
1630,22.104,17.0,202.859,57.9573,20.742,0.0,617.877,1.04267,70522.2,12762.5,14943.6,379.403,20.628,66.2933
1645,22.088,17.0,202.027,56.7387,20.9213,0.0,617.92,1.91933,64703.1,9569.28,11358.9,284.725,20.636,64.8533
1700,22.0613,17.5333,203.275,56.456,20.8233,0.0,617.28,2.19,46974.3,7440.38,8988.67,201.227,20.524,64.392
1715,22.024,18.0,204.395,56.416,20.8227,0.0,616.299,1.674,9812.65,3189.76,3913.73,66.8827,20.4107,65.3707
1730,21.992,18.0,209.867,56.6213,20.58,0.0,615.403,1.40667,3727.36,1627.14,2128.9,31.868,20.254,66.1227
1745,21.988,18.0,216.373,57.2587,20.742,0.0,615.104,0.944667,2071.55,673.792,1605.63,19.2527,19.9887,67.2507
1800,21.872,18.0,212.213,57.6187,15.9293,0.0,614.464,0.900667,1304.58,0.0,953.344,12.9253,19.8507,67.208
1815,21.84,17.0667,214.624,56.736,11.524,0.0,614.4,1.10067,0.0,0.0,0.0,5.41333,19.7167,67.84
1830,21.788,17.0,214.272,56.456,11.6867,0.0,425.088,0.832667,0.0,0.0,0.0,-1.57333,19.578,68.4907
1845,21.704,17.0,213.067,56.456,11.3447,0.0,82.2347,0.636,0.0,0.0,0.0,-3.77333,19.3593,69.0187
1900,21.64,17.0,211.68,56.0987,11.3447,0.0,5.61733,0.494667,0.0,0.0,0.0,-3.64267,19.0807,69.8373
1915,21.564,17.0,210.315,56.408,11.6053,0.0,1.266,0.586667,0.0,0.0,0.0,-3.77333,18.82,70.544
1930,21.488,16.6667,209.557,55.9467,11.524,0.0,1.134,0.464,0.0,0.0,0.0,-3.708,18.6133,71.1867
1945,21.4147,16.0,209.184,55.8533,11.524,0.0,1.046,0.557333,0.0,0.0,0.0,-3.77333,18.4327,71.8107
2000,21.312,16.0,208.16,55.872,11.6867,0.0,1.09,0.752,0.0,0.0,0.0,-3.83867,18.2633,72.32
2015,21.24,15.2667,207.52,55.792,11.6053,0.0,1.09,0.671333,0.0,0.0,0.0,-3.904,18.1047,72.496
2030,21.152,15.0,207.989,54.9387,11.5887,0.0,1.31,0.960667,0.0,0.0,0.0,-3.64267,18.02,72.6133
2045,21.0573,15.0,206.805,54.7147,11.4427,0.0,1.222,0.999333,0.0,0.0,0.0,-3.64267,18.0033,71.2907
2100,20.988,15.0,206.699,55.328,11.524,0.0,1.046,0.306,0.0,0.0,0.0,-3.708,17.9187,70.664
2115,20.8973,15.0,205.995,55.1093,11.622,0.0,0.826,0.0,0.0,0.0,0.0,-3.708,17.8213,70.5147
2130,20.844,15.0,206.891,54.9333,11.6053,0.0,0.826,0.0,0.0,0.0,0.0,-3.44667,17.6927,70.8747
2145,20.7507,15.0,207.115,55.0613,11.5073,0.0,0.782,0.0,0.0,0.0,0.0,-3.83867,17.584,71.08
2200,20.692,15.0,207.04,55.0293,11.622,0.0,0.65,0.0,0.0,0.0,0.0,-3.77333,17.502,71.096
2215,20.632,15.0,206.24,54.6533,11.7033,0.0,0.65,0.0,0.0,0.0,0.0,-3.57733,17.4207,69.6
2230,20.56,15.0,206.741,54.568,11.6867,0.0,0.826,0.0,0.0,0.0,0.0,-3.708,17.3133,68.6667
2245,20.4887,14.2,206.656,54.1947,11.426,0.0,0.826,0.0,0.0,0.0,0.0,-3.64267,17.2133,68.4747
2300,20.4233,14.0,206.197,54.08,11.524,0.0,0.87,0.0,0.0,0.0,0.0,-3.57733,17.1667,68.3573
2315,20.3433,14.0,205.376,53.7973,11.67,0.0,0.782,0.0,0.0,0.0,0.0,-3.512,17.1073,68.6267
2330,20.2667,14.0,205.6,53.304,11.7033,0.0,1.002,0.419333,0.0,0.0,0.0,-3.64267,17.042,68.968
2345,20.2067,14.0,205.92,53.3067,11.524,0.0,1.002,0.306,0.0,0.0,0.0,-3.38133,16.9413,69.168
0,20.1333,14.0,205.728,53.1973,11.524,0.0,0.87,0.246,0.0,0.0,0.0,-3.57733,16.84,69.6373
15,20.0633,14.0,205.323,53.3733,11.6867,0.0,0.826,0.0,0.0,0.0,0.0,-3.512,16.7727,69.7893
30,20.006,14.0,205.621,53.4213,11.5073,0.0,0.914,0.0,0.0,0.0,0.0,-3.57733,16.72,69.728
45,19.932,14.0,206.197,53.472,11.7847,0.0,0.782,0.0386667,0.0,0.0,0.0,-3.44667,16.69,69.7547
100,19.8667,14.0,205.909,53.4773,11.524,0.0,0.914,0.036,0.0,0.0,0.0,-3.708,16.656,70.088
115,19.814,14.0,206.219,53.4453,11.964,0.0,0.65,0.0,0.0,0.0,0.0,-3.64267,16.624,70.1227
130,19.7413,14.0,205.963,53.352,11.524,0.0,0.65,0.0573333,0.0,0.0,0.0,-3.64267,16.6087,70.3813
145,19.69,14.0,206.581,53.496,11.768,0.0,0.694,0.036,0.0,0.0,0.0,-3.64267,16.5833,70.5253
200,19.6393,14.0,207.317,53.2533,11.524,0.0,0.65,0.0,0.0,0.0,0.0,-3.57733,16.5433,70.8347
215,19.5753,14.0,207.072,53.1787,11.7847,0.0,0.65,0.0,0.0,0.0,0.0,-3.44667,16.5093,71.2267
230,19.5167,14.0,207.317,53.0373,11.4427,0.0,0.65,0.044,0.0,0.0,0.0,-3.64267,16.4447,71.9707
245,19.4427,14.0,206.987,52.9093,11.7847,0.0,0.65,0.176,0.0,0.0,0.0,-3.38133,16.4067,72.7893
300,19.3867,14.0,206.869,53.1707,11.426,0.0,0.65,0.0,0.0,0.0,0.0,-3.38133,16.3667,72.4613
315,19.3333,14.0,206.133,52.8667,11.866,0.0,0.694,0.318667,0.0,0.0,0.0,-3.512,16.332,72.6533
330,19.2713,14.0,206.955,52.6907,11.7033,0.0,0.694,0.331333,0.0,0.0,0.0,-3.512,16.2733,72.744
345,19.2133,14.0,207.659,52.808,11.6053,0.0,0.826,0.08,0.0,0.0,0.0,-3.38133,16.23,72.512
400,19.1413,14.0,207.616,52.7627,11.524,0.0,0.738,0.0593333,0.0,0.0,0.0,-3.38133,16.182,72.6453
415,19.0773,14.0,207.563,52.8747,11.6053,0.0,0.782,0.124667,0.0,0.0,0.0,-3.512,16.164,72.7067
430,19.0193,14.0,207.776,53.144,11.6053,0.0,0.782,0.0,0.0,0.0,0.0,-3.38133,16.1247,72.576
445,18.982,14.0,207.936,53.1973,11.622,0.0,0.87,0.08,0.0,0.0,0.0,-3.25067,16.1,72.2587
500,18.934,14.0,208.448,53.4453,11.524,0.0,0.826,0.0,0.0,0.0,0.0,-3.25067,16.114,72.2693
515,18.8867,14.0,208.363,53.4213,11.7847,0.0,1.266,0.0,0.0,0.0,0.0,-3.38133,16.1033,72.488
530,18.8467,14.0,208.363,53.1333,11.4427,0.0,15.1007,0.0,0.0,0.0,0.0,-3.64267,16.08,72.6
545,18.8133,13.2667,208.491,53.1307,11.6053,0.0,100.771,0.196,0.0,0.0,0.0,-2.79533,16.06,73.0693
600,18.76,13.0,209.28,53.32,11.524,0.0,455.168,0.0546667,0.0,0.0,0.0,0.494667,16.07,73.0773
615,18.7133,13.0,209.173,53.264,11.524,0.0,613.931,0.113333,0.0,71.68,0.0,9.44867,16.1033,73.1173
630,18.668,13.0,209.504,53.3893,16.0927,0.0,614.315,0.0,795.648,1419.26,1326.08,20.9313,16.0967,72.9707
645,18.6493,13.0,210.603,53.312,20.904,0.0,614.4,0.0413333,2207.74,2508.8,2594.82,42.0107,16.1207,72.96
700,18.6307,13.0,211.296,53.4133,21.084,0.0,614.528,0.0953333,3218.43,3770.37,3756.03,62.2773,16.164,72.6933
715,18.6207,13.0,211.285,53.3947,20.9207,0.0,615.296,0.0,4472.83,5505.02,5311.49,89.888,16.2333,72.3493
730,18.6113,13.3333,211.744,53.3387,21.002,0.0,615.744,0.118667,5841.92,7426.05,6852.61,121.141,16.2967,73.056
745,18.616,14.0,212.064,53.6987,21.0673,0.0,616.213,0.0,6737.92,8458.24,8386.56,134.555,16.3833,71.7333
800,18.6207,14.0,211.957,53.1653,20.986,0.0,616.64,0.703333,8357.89,11996.8,11638.1,180.581,16.494,71.6853
815,18.6407,14.0,211.445,53.3733,21.182,0.0,616.64,0.488,7626.75,10478.9,9718.78,162.005,16.65,70.8053
830,18.662,14.2,212.021,53.6107,21.4087,0.0,617.067,0.036,9891.16,14426.5,12433.7,218.187,16.774,70.1733
845,18.7113,14.9333,212.32,53.52,20.9853,0.0,617.109,0.940667,8924.16,10958.5,11016.2,167.877,16.962,69.7893
900,18.748,15.0,211.947,53.008,21.2647,0.0,616.853,0.970667,9131.69,12649.1,13516.5,196.235,17.1393,69.5627
915,18.81,15.0,211.765,52.8853,21.164,0.0,617.28,1.08,10500.1,17165.0,19064.8,227.883,17.3347,69.2107
930,18.86,15.0,211.872,52.7493,20.9853,0.0,616.981,1.58933,6709.25,12657.7,11410.1,148.171,17.516,69.0053
945,18.9067,15.3333,211.659,53.056,21.2647,0.0,616.213,0.908667,4135.94,6816.77,6616.06,68.7333,17.594,69.088
1000,18.9347,16.0,209.771,53.3387,20.9847,0.0,616.0,0.888667,4938.75,8730.62,7053.31,86.688,17.6633,69.2053
1015,18.974,16.0,209.408,53.8053,20.84,0.0,616.043,0.794,6565.89,8472.58,6945.79,109.248,17.6833,69.2827
1030,18.9993,16.3333,209.429,53.6907,21.2633,0.0,616.853,1.422,13567.3,12649.8,12062.4,258.741,17.772,68.9547
1045,19.0367,17.0,208.917,53.336,22.5013,0.0,617.28,1.808,15192.7,15951.9,17608.0,273.664,18.0247,68.488
1100,19.132,17.0,208.448,53.0587,30.618,0.0,618.133,2.072,16833.9,22273.4,34245.3,421.76,18.1573,67.6827
1115,19.256,17.0,208.363,52.8453,45.5973,0.0,618.987,2.25267,22951.3,26204.8,43887.3,541.312,18.4247,67.304
1130,19.4167,17.0,208.267,52.592,55.8107,0.0,620.139,2.16933,24902.3,25068.9,56112.5,674.091,18.7613,66.8587
1145,19.598,16.0667,208.0,52.296,83.1467,0.0,620.992,2.47533,25813.0,26548.9,77829.5,894.379,19.098,66.0187
1200,19.8307,16.5333,207.755,52.0773,72.276,0.0,621.376,2.482,24214.9,21169.5,69155.5,779.072,19.4907,64.8213
1215,20.0547,17.0,206.997,51.9787,62.1267,0.0,620.992,2.13333,25445.0,17257.8,57277.1,704.277,19.8553,64.1947
1230,20.2293,17.7333,206.581,51.9867,70.6133,0.0,620.736,3.118,27724.5,16448.9,67044.7,771.883,20.2013,63.48
1245,20.446,18.5333,206.027,51.9707,75.4027,0.0,620.736,3.012,30602.6,15673.3,70462.1,798.421,20.4607,62.776
1300,20.6387,17.5333,204.715,52.048,52.6973,0.0,620.395,3.13067,29159.4,14306.0,54229.7,659.371,20.7307,62.144
1315,20.744,17.0,204.352,52.4427,20.7587,0.0,617.877,3.10533,11988.3,8666.11,11774.0,199.584,20.792,61.3173
1330,20.8587,17.0,203.851,52.7093,53.536,0.0,617.92,3.21,43624.4,12980.6,46209.7,599.477,20.54,61.8427
1345,21.024,17.0,203.648,52.6907,78.4,0.0,619.669,3.45933,70503.1,16325.3,63397.9,813.76,20.6293,62.6613
1400,21.1813,17.0,203.179,52.7547,53.892,0.0,619.627,3.84467,55362.9,18197.8,45847.2,671.765,20.888,62.3387
1415,21.2813,17.0,202.411,53.04,24.9253,0.0,618.219,3.416,22365.5,17508.4,20395.3,373.291,20.8853,61.8693
1430,21.3773,17.0,202.208,53.3253,20.7407,0.0,617.408,3.42,17909.8,15896.6,17021.6,342.987,20.648,62.336
1445,21.448,17.0,202.709,53.656,20.9047,0.0,616.896,2.86133,7676.59,11081.0,9418.07,188.235,20.46,62.3547
1500,21.46,16.2667,202.4,54.0747,19.216,0.0,615.659,2.44933,1684.48,2910.21,2214.91,39.5027,20.2087,62.5893
1515,21.448,15.6667,202.133,54.384,11.4427,0.266667,614.912,2.09,0.0,0.0,0.0,6.102,19.9327,63.184
1530,21.4147,15.0,201.685,54.7813,11.524,1.0,613.931,1.86667,0.0,0.0,0.0,8.69333,19.6707,66.9573
1545,21.3693,15.0,200.64,55.9627,11.7033,1.0,613.76,0.862,0.0,0.0,0.0,7.302,19.3633,69.4827
1600,21.3,15.0,200.619,56.6667,14.1907,1.0,613.76,1.07267,315.392,0.0,315.392,14.658,19.0593,70.7707
1615,21.228,15.0,199.989,57.2187,20.904,1.0,613.76,0.558667,809.984,0.0,1361.92,22.454,18.8267,71.6907
1630,21.144,14.8,200.629,57.1547,18.6767,1.0,613.76,1.05667,1211.39,1268.74,1404.93,26.9067,18.6347,72.336
1645,21.0653,14.0667,200.0,57.6533,20.9213,1.0,613.76,0.606667,2028.54,2386.94,2243.58,41.788,18.426,72.8427
1700,20.988,14.0,199.925,57.1653,16.596,1.0,613.76,0.716667,953.344,1232.9,774.144,21.662,18.254,73.4907
1715,20.9013,14.0,199.872,57.5333,11.4427,1.0,613.717,1.224,0.0,0.0,0.0,8.47333,18.076,73.9067
1730,20.832,14.0,200.896,56.8187,11.6053,1.0,613.675,1.14333,0.0,0.0,0.0,8.45933,17.87,74.592
1745,20.7387,14.0,200.203,57.2773,11.622,1.0,613.717,0.445333,537.6,71.68,0.0,13.3433,17.6813,74.816
1800,20.664,14.0,200.032,56.9547,11.524,1.0,613.717,0.194667,215.04,516.096,0.0,10.894,17.5147,75.3707
1815,20.568,14.0,200.352,57.288,11.7847,1.0,575.787,0.318667,0.0,0.0,0.0,0.287333,17.38,75.6613
1830,20.4847,14.0,200.928,56.84,11.4427,1.0,330.059,0.280667,0.0,0.0,0.0,-1.636,17.2433,76.432
1845,20.4033,14.0,200.597,56.6827,11.524,1.0,104.151,0.483333,0.0,0.0,0.0,-3.356,17.1467,76.736
1900,20.2933,14.0,200.96,56.3813,11.5073,1.0,6.18733,0.169333,0.0,0.0,0.0,-3.57733,17.0207,76.9733
1915,20.21,14.0,201.6,56.3013,11.6053,0.666667,1.09,0.303333,0.0,0.0,0.0,-3.83867,16.922,76.9467
1930,20.1367,14.0,201.44,56.9733,11.524,0.0,0.958,0.0,0.0,0.0,0.0,-3.64267,16.8253,76.7067
1945,20.0567,14.0,201.237,56.848,11.8013,0.0,1.09,0.0,0.0,0.0,0.0,-3.512,16.7133,76.808
2000,19.9807,14.0,201.088,56.9173,11.6053,0.0,0.694,0.0,0.0,0.0,0.0,-3.57733,16.6587,76.7973
2015,19.89,14.0,201.643,55.76,11.6867,0.8,0.826,0.207333,0.0,0.0,0.0,-3.44667,16.624,77.2693
2030,19.8313,14.0,201.451,55.8987,11.524,0.0,1.002,0.0,0.0,0.0,0.0,-3.57733,16.5467,77.12
2045,19.752,14.0,201.173,55.4187,11.6053,0.533333,1.266,0.2,0.0,0.0,0.0,-3.316,16.484,77.3307
2100,19.6787,14.0,200.971,55.2373,11.7033,1.0,0.826,0.222667,0.0,0.0,0.0,-3.316,16.4273,77.76
2115,19.606,14.0,201.557,56.032,11.4427,0.133333,0.914,0.0,0.0,0.0,0.0,-3.57733,16.39,77.5813
2130,19.5467,14.0,201.621,55.9947,11.6053,0.0,0.738,0.139333,0.0,0.0,0.0,-3.44667,16.36,77.5067
2145,19.4787,14.0,202.155,56.0453,11.7033,0.0,1.134,0.0,0.0,0.0,0.0,-3.512,16.2847,78.192
2200,19.4073,14.0,202.709,55.6693,11.7033,0.0,0.826,0.0,0.0,0.0,0.0,-3.83867,16.2567,78.0133
2215,19.3467,14.0,203.093,55.712,11.6053,0.0,0.914,0.0,0.0,0.0,0.0,-3.57733,16.23,77.7653
2230,19.294,14.0,203.488,55.904,11.4427,0.0,0.87,0.0,0.0,0.0,0.0,-3.512,16.2267,77.704
2245,19.2233,14.0,205.728,55.88,11.6053,0.0,0.738,0.0,0.0,0.0,0.0,-3.708,16.2033,77.696
2300,19.166,14.0,205.995,55.976,11.7033,0.0,0.914,0.0,0.0,0.0,0.0,-3.57733,16.1867,77.7947
2315,19.0993,14.0,204.181,56.0907,11.5073,0.0,0.826,0.0,0.0,0.0,0.0,-3.512,16.172,77.6373
2330,19.06,14.0,200.128,56.0747,11.5887,0.0,1.046,0.0,0.0,0.0,0.0,-3.57733,16.152,77.6907
2345,19.006,14.0,199.979,55.8107,11.7033,0.0,1.046,0.0,0.0,0.0,0.0,-3.64267,16.144,77.9147
0,18.966,13.4667,200.235,55.5013,11.6053,0.0,0.738,0.0,0.0,0.0,0.0,-3.512,16.124,78.312
15,18.91,13.0,200.693,55.8533,11.524,0.0,0.694,0.0,0.0,0.0,0.0,-3.38133,16.1133,78.3333
30,18.8633,13.0,200.693,56.04,11.7847,0.0,0.65,0.0,0.0,0.0,0.0,-3.57733,16.1167,78.376
45,18.8233,13.5333,200.299,55.96,11.524,0.0,0.694,0.0,0.0,0.0,0.0,-3.512,16.1133,78.0747
100,18.7927,14.0,199.712,56.056,11.7033,0.0,0.65,0.0,0.0,0.0,0.0,-3.64267,16.124,78.0987
115,18.7327,14.0,199.669,56.152,11.5407,0.0,0.65,0.0,0.0,0.0,0.0,-3.44667,16.124,78.1707
130,18.6807,13.8667,199.584,55.968,11.7847,0.0,0.694,0.0,0.0,0.0,0.0,-3.44667,16.114,78.408
145,18.6513,13.1333,199.851,55.632,11.6053,0.0,0.65,0.139333,0.0,0.0,0.0,-3.57733,16.1,78.48
200,18.6113,13.0,199.445,55.5973,11.524,0.0,0.65,0.132667,0.0,0.0,0.0,-3.57733,16.0933,78.8427
215,18.5733,13.6,199.499,55.792,11.524,0.0,0.65,0.103333,0.0,0.0,0.0,-3.38133,16.0733,78.8853
230,18.538,13.4667,199.424,55.984,11.866,0.0,0.65,0.0746667,0.0,0.0,0.0,-3.904,16.06,78.9467
245,18.5133,13.0,199.029,56.3093,11.5073,0.0,0.694,0.0,0.0,0.0,0.0,-3.512,16.04,78.968
300,18.4687,13.3333,199.168,56.3947,11.866,0.0,0.65,0.0,0.0,0.0,0.0,-3.57733,16.004,79.0747
315,18.4273,14.0,198.848,56.3947,11.7033,0.0,0.65,0.0,0.0,0.0,0.0,-3.64267,15.9693,79.2587
330,18.38,13.8,198.848,56.4907,11.6867,0.0,0.65,0.0413333,0.0,0.0,0.0,-3.512,15.8887,79.2667
345,18.3333,13.0,200.053,56.688,11.524,0.0,0.65,0.0,0.0,0.0,0.0,-3.44667,15.8427,79.432
400,18.302,13.0,200.288,56.904,11.6867,0.0,0.65,0.0,0.0,0.0,0.0,-3.512,15.7953,79.4667
415,18.2467,13.0,200.352,56.88,11.524,0.0,0.694,0.0,0.0,0.0,0.0,-3.512,15.7567,79.5547
430,18.2,13.0,199.947,56.9813,11.6053,0.0,0.65,0.0,0.0,0.0,0.0,-3.57733,15.71,79.608
445,18.17,13.0,200.235,57.096,11.524,0.0,0.65,0.0,0.0,0.0,0.0,-3.512,15.69,79.6933
500,18.1267,13.0,200.021,56.84,11.7847,0.0,0.65,0.0,0.0,0.0,0.0,-3.44667,15.6473,79.6987
515,18.0767,13.0,200.395,56.9413,11.524,0.0,2.49667,0.0,0.0,0.0,0.0,-3.44667,15.5867,79.592
530,18.0373,13.0,200.395,56.9333,11.524,0.0,58.226,0.0,0.0,0.0,0.0,-3.44667,15.5567,79.6507
545,17.9833,13.0,201.611,57.0773,11.524,0.0,387.552,0.0,0.0,0.0,0.0,-1.28667,15.5093,79.5973
600,17.942,13.0,201.536,57.0,11.6053,0.0,613.675,0.0,0.0,544.768,0.0,6.936,15.464,79.5067
615,17.904,13.0,202.027,56.9307,14.1907,0.0,613.76,0.0,0.0,1741.82,523.264,16.728,15.46,79.7013
630,17.8667,13.0,201.952,56.8453,20.8227,0.0,613.76,0.0,1311.74,2465.79,1662.98,27.1653,15.4167,79.48
645,17.8433,13.0,202.112,56.8533,20.986,0.0,614.059,0.0,2308.1,4171.78,2774.02,46.7413,15.39,79.4533
700,17.8167,12.8667,202.581,57.04,21.1013,0.0,614.229,0.0,2114.56,4831.23,2508.8,50.2933,15.3567,79.4907
715,17.782,12.2,202.517,57.288,21.0027,0.0,614.144,0.0,2121.73,4960.26,3333.12,49.9467,15.292,79.7253
730,17.772,12.0,203.36,57.3707,21.0673,0.0,615.232,0.0,4974.59,20052.3,10922.0,119.472,15.296,79.5093
745,17.772,12.0667,203.147,57.568,20.8227,0.0,617.365,0.0,10835.3,58608.3,31938.6,253.643,15.3733,79.0053
800,17.806,12.8,203.264,57.488,25.3487,0.0,619.797,0.0,12820.5,68995.8,42304.9,315.893,15.5787,78.9067
815,17.8533,13.0,203.797,56.816,33.048,0.0,620.992,0.16,14370.1,74566.3,51208.2,393.472,15.8973,76.3547
830,17.922,13.0,204.384,56.608,41.5787,0.0,621.547,0.226,15164.1,76633.4,58045.8,489.365,16.2447,74.7413
845,18.0607,13.9333,203.659,56.6267,41.436,0.0,622.315,0.524,15294.5,78588.6,64017.7,564.501,16.6067,73.6267
900,18.218,14.0,204.117,56.5093,49.5493,0.0,622.485,0.656667,14850.0,81567.7,69320.7,582.72,16.9927,72.7973
915,18.4067,14.9333,203.36,56.36,51.2267,0.0,622.613,0.693333,14254.8,79312.2,72947.0,606.677,17.356,71.9893
930,18.614,15.1333,203.093,56.064,53.6693,0.0,622.955,0.435333,14167.4,77283.3,77501.8,656.171,17.6847,71.2587
945,18.812,15.6,203.445,56.024,62.9053,0.0,623.168,0.49,12892.8,64184.3,72044.5,619.968,18.02,70.648
1000,19.0213,16.7333,202.112,55.8853,38.0413,0.0,622.229,0.506,11302.2,37971.3,47864.5,440.544,18.3393,69.9333
1015,19.1687,17.0,202.987,55.9733,28.228,0.0,620.181,0.954667,13530.5,26056.0,31229.3,387.2,18.5713,69.624
1030,19.3413,17.0,202.155,56.2827,51.9227,0.0,620.565,0.732667,13675.2,37666.8,53198.8,586.496,18.732,69.52
1045,19.5873,17.0,201.792,56.2027,83.0293,0.0,623.211,1.728,15902.7,47460.4,89366.5,880.683,19.0907,68.9893
1100,19.8653,17.6667,201.856,55.8,95.3653,0.0,624.32,1.70267,20301.1,40057.5,91867.8,944.512,19.556,68.04
1115,20.1107,19.0,201.44,55.5813,64.5173,0.0,622.613,1.92867,17644.9,29162.2,70432.1,724.437,19.9407,66.7653
1130,20.3307,19.0,201.333,55.4987,68.112,0.0,621.845,1.94333,19415.0,26291.5,70403.4,740.075,20.2227,66.6587
1145,20.5453,19.0,202.261,55.3867,67.12,0.0,621.504,2.59133,24371.2,25680.6,64562.5,755.349,20.4467,66.2
1200,20.7187,19.0,202.763,55.5467,64.228,0.0,620.821,2.73867,24469.5,25681.9,64804.2,764.352,20.636,65.4853
1215,20.912,18.4667,201.867,55.616,51.0253,0.0,620.395,3.094,24356.2,23927.5,46159.2,635.989,20.7467,64.7893
1230,21.076,18.2667,201.632,55.8027,71.544,0.0,620.309,3.31467,28736.2,23214.8,70339.2,824.299,20.8253,64.024
1245,21.2973,20.0,200.992,55.7813,82.584,0.0,621.077,3.48533,40741.5,22111.6,83236.2,974.421,21.0053,63.9707
1300,21.492,19.2667,201.024,55.9253,49.4987,0.0,620.267,3.13333,31962.5,19284.7,47367.5,628.565,21.116,62.1413
1315,21.5693,19.0,200.491,56.216,25.8027,0.0,618.56,3.11533,21211.8,17831.3,25991.9,390.123,20.9947,62.024
1330,21.636,18.2667,200.256,56.5467,31.1267,0.0,617.92,2.94333,22350.5,19464.2,24584.2,406.336,20.728,62.568
1345,21.7187,18.0,200.267,56.656,37.7,0.0,618.304,2.77933,28813.3,20645.9,30700.9,496.629,20.5427,64.0933
1400,21.768,18.0,198.869,56.6373,20.9027,0.0,617.323,2.32133,12047.7,14003.5,13688.1,224.576,20.5133,64.8053
1415,21.792,17.4667,198.635,56.688,29.89,0.0,617.152,2.99733,35092.5,15909.5,25714.0,420.853,20.3473,65.352
1430,21.8493,17.0,197.227,56.6427,25.25,0.0,617.877,3.13333,27517.6,17758.2,21349.0,392.405,20.2953,65.3173
1445,21.8907,17.0,197.312,56.6213,51.0733,0.0,618.645,3.12333,74929.5,19957.1,41534.8,667.477,20.2173,64.984
1500,21.976,17.0,197.195,56.3173,39.0793,0.0,618.944,2.432,72852.8,11926.2,29769.0,541.675,20.436,64.2853
1515,22.0373,17.0,197.6,56.0373,40.036,0.0,618.56,2.51733,85696.5,9855.66,26886.8,585.963,20.612,62.6907
1530,22.0813,17.0,197.536,55.5573,41.2573,0.0,618.56,2.76067,87212.0,9089.02,24619.7,558.997,20.668,60.8
1545,22.128,17.0,196.16,54.744,32.8493,0.0,618.389,2.86467,83129.7,8537.09,19356.3,500.864,20.6813,60.6107
1600,22.128,17.0,193.525,54.2133,20.742,0.0,617.792,3.07267,77242.4,7920.64,15187.3,433.899,20.528,60.704
1615,22.124,17.0,193.088,54.344,20.6447,0.0,617.28,2.87533,74664.6,7906.3,13294.6,381.099,20.2887,62.592
1630,22.1093,17.0,193.579,55.1467,20.9847,0.0,616.896,3.02667,30110.7,5734.4,8486.23,186.357,20.094,64.608
1645,22.064,17.0,192.981,55.3813,20.8233,0.0,615.872,2.04667,15630.7,3268.61,5476.35,117.229,19.8853,65.5973
1700,22.032,17.0,192.779,55.7627,21.002,0.0,616.213,2.464,60204.4,7469.06,9605.12,246.997,19.706,66.272
1715,21.98,17.0,192.341,56.1787,20.562,0.0,616.64,2.29733,56322.7,6874.11,8544.26,193.867,19.5387,66.888
1730,21.9373,17.0,192.245,56.4293,20.822,0.0,616.256,1.76333,22957.1,4128.77,4773.89,108.936,19.41,67.1813
1745,21.8747,17.0,192.171,56.7387,20.8233,0.0,615.339,1.622,3139.58,1677.31,1655.81,30.5387,19.2647,67.2747
1800,21.816,17.0,192.235,57.0027,17.5547,0.0,614.464,1.55667,1691.65,143.36,286.72,15.9727,19.0867,67.792
1815,21.728,16.0667,191.733,57.3413,11.5887,0.0,614.315,2.454,78.848,0.0,0.0,5.83,18.87,68.2347
1830,21.6053,16.0,191.349,57.2267,11.622,0.0,539.072,1.22133,0.0,0.0,0.0,-1.13067,18.648,68.5573
1845,21.5267,16.0,191.531,57.328,11.5073,0.0,198.693,2.00467,0.0,0.0,0.0,-3.708,18.468,68.7547
1900,21.408,16.0,191.637,57.2533,11.7033,0.0,10.8873,2.14333,0.0,0.0,0.0,-3.96933,18.2407,68.7973
1915,21.2933,16.0,191.765,57.224,11.2633,0.0,1.002,1.682,0.0,0.0,0.0,-3.708,18.038,69.28
1930,21.184,16.0,192.565,57.2987,11.6053,0.0,0.87,1.70867,0.0,0.0,0.0,-3.708,17.884,70.4293
1945,21.0787,15.4667,191.979,57.3387,11.4427,0.0,1.046,2.09933,0.0,0.0,0.0,-3.708,17.7373,70.8747
2000,20.976,15.0,191.499,57.3973,11.768,0.0,1.266,1.172,0.0,0.0,0.0,-3.64267,17.614,71.144
2015,20.8853,15.0,192.192,57.5333,11.524,0.0,1.31,1.16333,0.0,0.0,0.0,-3.57733,17.5047,71.3493
2030,20.7747,15.0,191.765,57.6453,11.6053,0.0,1.178,1.29333,0.0,0.0,0.0,-3.77333,17.4033,71.36
2045,20.688,14.8667,191.723,56.9867,11.524,0.333333,1.31,2.50067,0.0,0.0,0.0,-3.512,17.228,68.3467
2100,20.5853,14.0,191.253,56.5387,11.964,1.0,1.266,0.632667,0.0,0.0,0.0,-3.708,16.8447,70.536
2115,20.47,11.2,190.304,56.0427,11.4907,1.0,1.31,1.84733,0.0,0.0,0.0,-3.83867,16.4147,71.6987
2130,20.3067,11.0,189.92,55.8187,11.5073,1.0,1.178,1.98467,0.0,0.0,0.0,-3.57733,16.0533,73.3467
2145,20.168,11.0,189.216,55.7813,11.524,1.0,1.266,1.57733,0.0,0.0,0.0,-3.57733,15.804,74.0
2200,20.03,11.7333,189.237,55.664,11.6053,1.0,1.09,1.492,0.0,0.0,0.0,-3.38133,15.5747,74.3333
2215,19.8867,12.0,188.885,56.416,11.4427,1.0,1.178,0.354667,0.0,0.0,0.0,-3.38133,15.3753,75.1253
2230,19.7693,12.0,188.352,56.504,11.524,1.0,1.266,0.036,0.0,0.0,0.0,-3.38133,15.22,75.384
2245,19.6487,12.0,189.035,56.8373,11.524,0.933333,1.178,0.212667,0.0,0.0,0.0,-3.64267,15.07,74.9147
2300,19.534,12.0,188.555,56.68,11.7033,0.533333,1.178,0.0493333,0.0,0.0,0.0,-3.38133,14.962,75.2427
2315,19.406,12.0,187.968,56.4053,11.5073,0.666667,1.002,0.126667,0.0,0.0,0.0,-3.38133,14.8967,75.5733
2330,19.3107,12.0,188.704,56.4507,11.6867,0.4,1.046,0.194667,0.0,0.0,0.0,-3.38133,14.8213,76.088
2345,19.1967,12.0,189.152,56.424,11.622,0.0,1.002,0.103333,0.0,0.0,0.0,-3.64267,14.7733,76.272
0,19.0887,12.0,188.629,56.496,11.6053,0.0,1.134,0.072,0.0,0.0,0.0,-3.44667,14.7367,76.6
15,18.988,12.0,189.12,56.2507,11.4427,0.4,0.87,0.192,0.0,0.0,0.0,-3.25067,14.72,76.7627
30,18.9073,12.0,189.835,56.2427,11.426,0.0,0.87,0.044,0.0,0.0,0.0,-3.512,14.68,76.8667
45,18.82,12.0,189.909,56.096,11.6053,0.0,0.914,0.088,0.0,0.0,0.0,-3.18533,14.648,76.8907
100,18.72,12.0,190.24,55.9387,11.7033,0.0,1.178,0.112,0.0,0.0,0.0,-3.316,14.5833,77.2587
115,18.634,12.0,191.371,55.992,11.5073,0.0,0.914,0.0,0.0,0.0,0.0,-3.316,14.516,77.376
130,18.554,12.0,191.04,56.096,11.524,0.0,1.002,0.0,0.0,0.0,0.0,-3.512,14.46,77.4907
145,18.486,12.0,191.083,56.1893,11.622,0.0,1.09,0.0,0.0,0.0,0.0,-3.316,14.3833,77.544
200,18.3907,12.0,191.147,56.2053,11.5887,0.0,1.002,0.0,0.0,0.0,0.0,-3.38133,14.3193,77.6427
215,18.3127,12.0,192.043,56.2747,11.6867,0.0,1.31,0.0,0.0,0.0,0.0,-3.18533,14.23,77.776
230,18.21,11.9333,191.563,56.152,11.768,0.0,1.178,0.168667,0.0,0.0,0.0,-3.316,14.148,77.8987
245,18.13,11.0667,191.115,56.0907,11.5073,0.0,0.738,0.0,0.0,0.0,0.0,-3.25067,14.06,77.9627
300,18.0353,11.0,191.115,56.0693,11.7033,0.0,1.266,0.0,0.0,0.0,0.0,-3.44667,13.9993,77.9173
315,17.956,11.0,191.563,56.048,11.4427,0.0,0.826,0.0,0.0,0.0,0.0,-3.38133,13.9233,77.864
330,17.8567,10.8667,191.744,56.0613,11.7847,0.0,0.65,0.0,0.0,0.0,0.0,-3.316,13.87,77.9253
345,17.7927,10.0,191.115,56.0293,11.6053,0.0,0.65,0.0933333,0.0,0.0,0.0,-3.25067,13.794,78.4107
400,17.7053,10.0,191.659,55.6773,11.524,0.0,0.65,0.803333,0.0,0.0,0.0,-3.38133,13.7533,78.9493
415,17.6,10.0,191.605,55.6507,11.6053,0.0,0.65,0.804,0.0,0.0,0.0,-3.38133,13.684,78.8507
430,17.5273,10.0,192.011,55.68,11.8013,0.0,0.65,0.276667,0.0,0.0,0.0,-3.17267,13.582,78.7093
445,17.4493,10.0,192.619,55.76,11.524,0.0,0.65,0.401333,0.0,0.0,0.0,-3.38133,13.4973,78.7013
500,17.3813,10.0,193.973,55.8907,11.768,0.0,0.87,0.241333,0.0,0.0,0.0,-3.38133,13.402,78.6987
515,17.3167,10.0,194.315,56.0133,11.4427,0.0,3.20067,0.044,0.0,0.0,0.0,-3.18533,13.332,78.6533
530,17.2393,10.0,194.485,56.128,11.6867,0.0,60.806,0.0,0.0,0.0,0.0,-3.18533,13.2833,78.568
545,17.1533,10.0,193.899,56.0933,11.524,0.0,446.304,0.213333,0.0,71.68,0.0,-0.962667,13.2467,78.76
600,17.0647,10.0,195.051,56.1867,12.1253,0.0,612.48,0.132,236.544,2329.6,659.456,9.16267,13.166,78.7893
615,17.0067,10.0,195.296,56.216,21.426,0.0,612.949,0.0,3741.7,19777.2,4315.14,41.03,13.0967,78.944
630,16.9593,10.0,194.773,56.2933,21.0667,0.0,614.997,0.192,10241.7,46878.7,11953.2,125.184,13.0867,78.544
645,16.924,9.06667,195.232,56.472,21.0853,0.0,615.296,0.756,5432.66,17305.9,6830.42,77.24,13.1407,78.0933
700,16.874,9.13333,195.413,56.616,21.3267,0.0,613.803,1.24,1956.86,2329.6,2501.63,33.728,13.2267,77.6667
715,16.84,9.6,195.392,56.76,20.84,0.0,613.632,1.04667,2379.78,2723.84,2960.38,40.692,13.2467,77.6853
730,16.7893,10.0,196.16,56.632,11.524,0.0,613.12,1.438,215.04,609.28,1039.36,15.2047,13.2667,77.6907
745,16.7107,10.5333,195.413,56.5813,18.2553,0.0,613.12,1.338,1039.36,1060.86,1462.27,20.6173,13.2233,76.8187
800,16.6467,10.2667,194.123,56.6107,21.148,0.0,613.12,1.158,2078.72,2745.34,2530.3,48.8173,13.14,76.464
815,16.5767,10.0,192.747,56.5093,21.0847,0.0,613.12,1.23,3741.7,4415.49,3641.34,74.8613,13.0767,75.8747
830,16.5067,10.0,191.072,56.6027,21.0033,0.266667,613.12,1.828,4186.11,5490.69,4207.62,86.9013,13.0073,75.0267
845,16.4547,9.86667,189.824,56.5653,21.1653,1.0,613.12,1.90267,6924.29,8980.14,8336.04,140.109,12.9133,75.5867
900,16.4367,9.4,189.483,56.5547,20.8227,1.0,613.12,1.60267,7383.04,8708.78,7354.37,129.563,12.9,76.1387
915,16.3753,9.0,189.525,56.4373,20.9047,0.6,613.163,1.98133,8443.56,8981.16,9618.43,130.837,12.87,75.936
930,16.354,9.53333,188.843,56.3253,57.2187,1.0,616.085,1.53,21427.5,63300.3,63521.5,643.275,12.9107,75.3387
945,16.446,10.0,187.584,56.0107,62.548,0.533333,619.541,2.21067,17766.4,68217.5,72056.8,673.077,13.1967,74.816
1000,16.5233,10.0,187.659,55.7813,43.6867,0.0,618.944,2.69067,18311.2,39228.8,45733.9,549.888,13.578,73.1813
1015,16.55,10.0,188.043,55.7947,20.8233,0.466667,616.192,1.81667,6329.0,11911.9,7906.3,135.789,13.788,72.192
1030,16.5533,10.1333,187.509,56.0267,27.4953,0.6,614.464,1.91867,4551.68,11804.0,17538.7,209.136,13.7393,71.6853
1045,16.648,11.0,187.435,55.8667,81.4027,0.0,619.029,1.78733,10191.9,38405.5,90718.2,877.013,13.7853,70.4933
1100,16.8367,11.0,187.904,55.5067,81.5813,0.0,620.779,2.12533,9146.37,25381.5,90898.4,873.813,14.3047,69.792
1115,17.0127,12.4667,188.651,55.184,81.5627,0.0,621.12,2.408,8658.94,19337.2,91947.0,890.88,14.892,68.136
1130,17.224,13.7333,188.363,54.9067,81.7627,0.0,621.035,2.66267,8207.36,15459.0,90237.6,898.219,15.45,66.0027
1145,17.4173,14.0,188.779,54.7413,81.4027,0.0,621.333,2.042,8515.58,13236.2,87588.9,898.688,15.9427,64.8213
1200,17.6373,14.0,189.173,54.6027,81.424,0.0,621.333,2.43,10134.5,10851.7,85721.1,904.661,16.4213,63.472
1215,17.8547,14.9333,188.96,54.32,81.5013,0.0,621.12,3.44333,13321.6,10121.2,83572.1,908.075,16.9267,62.2507
1230,18.0793,15.0,189.632,54.1093,81.4213,0.0,620.565,2.80333,18260.7,9942.02,80011.3,901.589,17.3073,59.8693
1245,18.282,15.9333,189.867,54.0507,81.3227,0.0,621.12,1.94133,25776.1,9354.24,76608.9,892.843,17.686,59.5253
1300,18.5073,16.0,189.952,54.064,81.5013,0.0,621.12,2.686,35359.4,8658.94,72654.8,881.408,18.214,59.136
1315,18.7173,16.0,190.24,53.9413,81.504,0.0,620.907,3.11,47239.2,8393.73,68455.1,870.613,18.7373,57.8133
1330,18.934,16.0,190.176,53.9253,68.72,0.0,620.608,3.362,60506.1,8099.84,63679.1,851.883,19.1727,56.2667
1345,19.118,16.0,190.133,54.1173,51.392,0.0,620.48,3.81133,73856.3,8099.84,59665.1,832.384,19.5127,54.9573
1400,19.324,16.3333,191.051,53.608,51.488,0.0,620.48,3.91067,82062.0,8157.18,54689.8,799.573,20.2693,52.1467
1415,19.5167,17.0,190.869,53.0133,51.5707,0.0,619.84,3.584,88315.2,7977.98,48332.8,766.421,20.6187,50.7973
1430,19.6867,17.0,190.667,52.3387,51.736,0.0,619.84,4.002,92733.4,8114.18,42631.2,731.136,20.3873,47.7533
1445,19.8447,17.0,190.933,51.3333,51.6507,0.0,619.712,3.73533,94497.5,8092.67,36950.0,702.251,20.432,49.7067
1500,19.9973,17.0,191.595,51.5813,43.7813,0.0,620.053,3.3,95005.4,8178.69,31166.5,660.843,20.5187,49.952
1515,20.1287,17.0,191.157,49.6,41.4347,0.0,619.157,3.15267,93022.9,7676.93,24794.5,615.275,20.6093,48.9627
1530,20.2307,17.0,191.307,47.84,38.6067,0.0,618.816,2.79333,91056.8,7461.89,19951.6,571.477,20.5773,48.1413
1545,20.3187,17.0,190.816,47.7307,31.208,0.0,618.645,2.55333,90423.3,7347.2,16334.2,525.205,20.4933,46.0373
1600,20.38,17.0,189.995,46.0587,21.0027,0.0,618.56,2.22,87556.1,7175.17,13495.0,473.088,20.2573,44.5733
1615,20.4033,17.0,190.165,45.7787,21.0033,0.0,618.347,2.012,85098.5,7132.16,11651.8,422.912,19.8833,42.44
1630,20.41,17.0,189.675,43.504,20.9207,0.0,618.048,2.49267,79031.0,7189.5,10134.5,359.221,19.5407,42.7707
1645,20.3967,17.0,189.44,43.016,21.2467,0.0,617.92,2.882,80636.6,7368.7,9253.89,321.312,19.3033,42.3627
1700,20.36,17.0,189.152,42.1493,21.0033,0.0,617.707,1.99733,77275.1,7168.0,8099.84,267.381,19.0593,42.504
1715,20.316,17.0,188.587,41.2853,20.8233,0.0,617.28,2.22267,72168.8,6551.55,7103.49,212.085,18.8367,42.3173
1730,20.2667,17.0,188.139,41.2107,21.0033,0.0,616.64,2.82533,25878.2,3949.57,3949.57,111.685,18.62,41.844
1745,20.2133,17.0,188.64,41.104,20.9213,0.0,615.381,2.37733,2014.21,1275.9,1347.58,24.732,18.4007,42.024
1800,20.1413,17.0,189.259,40.268,21.0827,0.0,614.656,1.80667,1942.53,1842.18,1476.61,19.5,18.208,42.6533
1815,20.0667,16.8667,189.109,40.348,14.5313,0.0,614.4,1.48267,1354.75,1039.36,695.296,10.3473,18.0193,43.12
1830,20.006,16.0,189.056,40.68,11.6867,0.0,614.4,1.73867,0.0,0.0,0.0,1.07933,17.8347,43.2507
1845,19.9173,16.0,189.472,41.2027,11.7033,0.0,320.357,1.44533,0.0,0.0,0.0,-3.708,17.6247,43.2613
1900,19.8527,15.8667,190.219,41.5013,11.524,0.0,20.768,0.723333,0.0,0.0,0.0,-3.708,17.398,43.3893
1915,19.7653,15.0,189.632,41.8213,11.6053,0.0,1.398,1.09,0.0,0.0,0.0,-3.57733,17.1853,43.5547
1930,19.684,15.0,189.781,41.9253,11.524,0.0,0.826,1.38733,0.0,0.0,0.0,-3.44667,16.9713,43.7653
1945,19.598,14.4667,190.411,41.9813,11.4427,0.0,1.09,1.05667,0.0,0.0,0.0,-3.512,16.746,43.7627
2000,19.5,13.0667,190.411,42.2107,11.768,0.0,1.266,1.35,0.0,0.0,0.0,-3.38133,16.4927,44.248
2015,19.4193,13.0,190.197,42.3547,11.6867,0.0,1.31,1.122,0.0,0.0,0.0,-3.44667,16.2907,44.624
2030,19.3333,13.0,190.101,42.576,11.6867,0.0,1.31,1.156,0.0,0.0,0.0,-3.38133,16.1233,45.0587
2045,19.2493,13.0,189.845,42.6347,11.524,0.0,1.31,0.702,0.0,0.0,0.0,-3.44667,15.9613,45.2427
2100,19.1473,13.0,190.005,42.736,11.6053,0.0,1.31,0.468667,0.0,0.0,0.0,-3.44667,15.7913,45.456
2115,19.04,12.2667,189.963,42.936,11.524,0.0,1.31,0.807333,0.0,0.0,0.0,-3.38133,15.6093,45.744
2130,18.94,12.0,190.315,43.0933,11.6867,0.0,1.31,0.626,0.0,0.0,0.0,-3.38133,15.4507,46.3413
2145,18.85,11.8,190.027,43.7173,11.524,0.0,1.31,0.163333,0.0,0.0,0.0,-3.38133,15.294,46.8347
2200,18.7487,11.6667,189.355,44.6853,11.7033,0.0,1.31,0.184,0.0,0.0,0.0,-3.316,15.1387,47.5333
2215,18.6527,11.4,189.984,44.8027,11.6053,0.0,1.31,0.186,0.0,0.0,0.0,-3.512,14.94,47.7547
2230,18.55,11.5333,189.931,44.664,11.6867,0.0,1.31,0.377333,0.0,0.0,0.0,-3.316,14.7547,48.2053
2245,18.4487,11.4667,189.269,45.2,11.6053,0.0,1.31,0.129333,0.0,0.0,0.0,-3.316,14.536,48.72
2300,18.336,11.7333,189.824,45.8427,11.6053,0.0,1.31,0.0,0.0,0.0,0.0,-3.25067,14.344,49.4427
2315,18.224,11.6667,190.016,46.168,11.6867,0.0,1.31,0.227333,0.0,0.0,0.0,-3.25067,14.1407,49.8747
2330,18.1153,11.3333,189.835,46.6133,11.7033,0.0,1.354,0.22,0.0,0.0,0.0,-3.316,13.9393,50.136
2345,17.9967,11.5333,190.496,46.8427,11.6053,0.0,1.31,0.137333,0.0,0.0,0.0,-3.25067,13.754,50.5627
0,17.8827,11.9333,190.037,47.0107,11.6053,0.0,1.354,0.854,0.0,0.0,0.0,-3.38133,13.61,50.8827
15,17.7913,11.6,190.368,47.216,11.4427,0.0,1.354,0.104,0.0,0.0,0.0,-3.18533,13.4547,51.2453
30,17.67,11.5333,190.517,47.4693,11.6867,0.0,1.31,0.0386667,0.0,0.0,0.0,-3.18533,13.298,51.7307
45,17.566,11.6,190.027,48.0133,11.7847,0.0,1.31,0.0,0.0,0.0,0.0,-3.18533,13.144,52.4
100,17.4593,11.3333,190.773,48.08,11.768,0.0,1.354,0.129333,0.0,0.0,0.0,-3.18533,12.9887,52.768
115,17.36,11.3333,191.221,48.3973,11.622,0.0,1.31,0.148,0.0,0.0,0.0,-3.25067,12.8607,52.9973
130,17.25,11.0667,190.816,48.7147,11.7033,0.0,1.354,0.0,0.0,0.0,0.0,-3.18533,12.74,53.4293
145,17.13,11.0667,191.147,48.7173,11.524,0.0,1.002,0.0593333,0.0,0.0,0.0,-3.316,12.6467,53.4667
200,17.0247,11.1333,190.528,48.8,11.768,0.0,1.178,0.121333,0.0,0.0,0.0,-3.18533,12.5767,53.7387
215,16.9307,11.2,189.771,48.84,11.7033,0.0,1.31,0.08,0.0,0.0,0.0,-3.38133,12.536,53.9307
230,16.8333,11.0667,190.667,49.1653,11.7033,0.0,1.31,0.178667,0.0,0.0,0.0,-3.12,12.4613,54.6133
245,16.7367,11.0,190.656,48.7893,11.6053,0.0,1.31,0.142,0.0,0.0,0.0,-3.12,12.3653,54.368
300,16.6353,11.0,189.984,49.0427,11.6867,0.0,1.31,0.0,0.0,0.0,0.0,-3.25067,12.2387,54.5867
315,16.5167,11.0,189.355,49.2987,11.866,0.0,1.31,0.212667,0.0,0.0,0.0,-3.18533,12.1067,54.984
330,16.424,11.0,189.6,49.3893,11.622,0.0,1.31,0.152667,0.0,0.0,0.0,-3.18533,12.0187,55.16
345,16.3047,11.0,189.536,49.5093,11.6053,0.0,1.222,0.173333,0.0,0.0,0.0,-3.12,12.0,55.5067
400,16.2127,11.0,189.451,49.2347,11.7847,0.0,1.178,0.425333,0.0,0.0,0.0,-3.25067,11.9433,55.1013
415,16.1293,10.6667,189.461,49.3253,11.3613,0.0,1.222,0.399333,0.0,0.0,0.0,-3.10733,11.8867,55.3547
430,16.0387,9.86667,189.205,49.4107,11.6053,0.0,1.31,0.855333,0.0,0.0,0.0,-3.316,11.832,55.688
445,15.934,9.0,188.469,49.3547,11.524,0.0,0.914,0.822,0.0,0.0,0.0,-3.25067,11.78,55.9947
500,15.85,9.33333,187.861,49.4293,11.7033,0.0,1.002,0.659333,0.0,0.0,0.0,-3.25067,11.7267,56.0773
515,15.7493,10.0,188.363,49.6213,11.6053,0.0,8.56,0.673333,0.0,0.0,0.0,-3.25067,11.68,56.3307
530,15.672,10.0,188.0,49.5973,11.7033,0.0,233.985,1.13733,0.0,0.0,0.0,-3.18533,11.6267,56.624
545,15.5967,10.0,187.925,49.6053,11.6867,0.0,612.053,0.582,0.0,766.976,0.0,-0.0646667,11.6067,56.7227
600,15.5007,10.0,187.339,49.6027,15.59,0.0,612.48,0.205333,2222.08,7317.85,1670.14,12.9247,11.57,56.7467
615,15.4287,10.0,187.915,49.576,21.0673,0.0,613.845,0.748667,7311.36,44037.5,7490.56,58.3853,11.5667,56.5973
630,15.378,10.0,187.541,49.6,21.068,0.0,615.232,1.84667,9203.71,54539.6,10313.4,101.472,11.6033,57.0453
645,15.3367,9.0,187.915,49.2907,21.228,0.0,616.299,2.47667,10821.3,63799.3,13811.0,151.573,11.7353,57.216
700,15.3167,9.13333,187.723,49.1867,21.2633,0.0,617.024,1.788,11537.7,69981.5,19049.1,205.269,11.95,56.488
715,15.314,10.0,187.733,49.3787,21.166,0.0,617.749,2.22733,12060.7,75268.1,25815.7,257.728,12.16,55.728
730,15.3433,10.0,188.043,49.08,20.742,0.0,618.304,2.25867,12555.6,79216.6,33166.7,310.667,12.4633,55.048
745,15.3973,10.5333,188.085,48.856,23.33,0.0,619.115,2.34067,13136.6,81395.7,41103.4,363.797,12.8567,54.4587
800,15.47,11.3333,187.616,48.9147,31.224,0.0,619.328,2.148,13708.6,81920.0,48362.8,415.424,13.2833,53.8693
815,15.5747,12.0,189.163,48.5653,38.7853,0.0,619.84,2.87867,14298.5,82168.5,55154.0,464.469,13.7313,53.4
830,15.7053,12.0667,188.619,48.5173,41.3373,0.0,619.883,3.18067,15014.6,82294.1,61396.3,513.387,14.1733,52.7307
845,15.8513,12.7333,188.757,48.5333,40.936,0.0,620.224,2.722,13546.2,66740.2,54299.3,493.787,14.6093,52.3227
900,15.9827,13.0,189.376,48.6613,48.708,0.0,619.541,2.54867,12571.3,64483.3,53982.5,541.909,14.9967,51.9733
915,16.1527,13.0,189.227,48.4427,27.3327,0.0,618.944,2.32467,9124.18,25540.6,21650.8,286.645,15.3567,51.7067
930,16.2613,13.5333,189.867,48.5893,23.3127,0.0,617.28,1.794,11661.0,22633.8,20703.2,271.84,15.5433,51.5787
945,16.364,14.0,189.013,48.6853,23.7693,0.0,617.408,1.79133,14813.9,20511.4,23060.5,309.184,15.6273,51.6267
1000,16.4873,14.0,189.483,48.3413,36.4267,0.0,617.963,1.77533,14183.1,31417.7,36932.9,441.621,15.8133,51.3653
1015,16.642,14.0,190.187,48.3973,35.6113,0.0,618.859,2.81867,15314.9,26560.5,30091.9,412.48,16.0607,50.6187
1030,16.7947,14.0,190.208,47.9893,55.6847,0.0,620.011,2.09733,15996.2,36611.4,56059.2,652.48,16.348,50.072
1045,16.994,14.7333,190.549,47.9813,62.7147,0.0,621.547,2.194,18531.7,36352.7,72081.4,733.408,16.7773,49.2827
1100,17.1853,15.0,190.219,48.2133,21.766,0.0,619.2,2.04733,16376.5,17393.7,21833.7,317.76,17.1807,48.336
1115,17.31,15.0,190.549,47.7307,21.4267,0.0,617.963,1.468,16061.1,15466.5,19721.6,300.875,17.27,48.0187
1130,17.444,15.0,190.485,46.2987,33.7633,0.0,618.944,1.48067,16046.8,14404.9,32954.4,413.269,17.42,48.4453
1145,17.5413,15.0,190.315,46.7413,37.0947,0.0,618.219,1.544,15200.3,14111.4,35790.2,429.461,17.6047,46.7947
1200,17.7693,15.1333,190.965,45.7573,97.0907,0.0,622.016,2.344,22257.0,17494.7,87485.1,1028.27,18.0387,46.4827
1215,17.982,16.0,191.573,46.6747,34.184,0.0,620.608,2.68,19170.6,16605.9,38013.6,493.813,18.696,45.0293
1230,18.18,16.0,190.784,46.7227,57.3533,0.0,620.48,2.85267,25747.5,19312.0,50016.3,666.923,19.1007,43.7067
1245,18.3353,16.9333,191.52,47.12,49.5933,0.0,619.541,1.71333,25728.3,16827.7,46942.9,609.28,19.2347,44.0213
1300,18.5547,17.0,191.157,46.4213,56.3467,0.0,620.992,2.096,29758.8,11889.7,50508.5,647.797,19.5127,44.48
1315,18.69,17.0,191.371,46.6587,36.9013,0.0,619.456,2.83133,28765.9,7203.84,39274.5,472.181,19.796,43.2507
1330,18.86,17.0,191.381,45.4827,60.8873,0.0,619.712,2.31,47268.2,8944.3,51071.7,666.677,20.0527,43.6987
1345,19.0547,17.0,191.701,45.7867,67.148,0.0,620.864,2.56067,68777.3,9633.11,59247.3,789.803,20.5153,42.848
1400,19.2253,17.0,191.925,45.9493,44.1653,0.0,619.883,2.614,67294.5,8020.99,47655.6,621.328,21.5107,40.4347
1415,19.432,17.0,191.413,44.7067,51.6533,0.0,620.48,3.52733,91231.6,9440.26,51407.5,789.973,21.6133,39.612
1430,19.6227,17.1333,191.68,43.6613,51.3067,0.0,620.395,4.16933,89429.3,9368.58,42117.1,731.072,21.4507,34.9307
1445,19.788,18.0,192.032,44.5973,48.9773,0.0,620.437,3.35067,91422.7,8687.62,37118.0,701.824,21.652,36.6387
1500,19.9613,18.0,192.203,44.536,45.2613,0.0,620.437,3.598,95278.4,8429.57,30490.6,666.112,21.828,35.796
1515,20.1073,18.0,191.691,43.48,41.4347,0.0,620.011,3.85667,94830.6,8938.5,25638.2,647.979,21.884,35.8907
1530,20.242,18.0,192.544,42.1733,33.202,0.0,619.072,2.70867,71995.4,6874.11,17463.0,468.965,21.8813,35.6627
1545,20.3227,18.0,192.331,41.4747,21.7033,0.0,617.963,2.26533,50189.7,6408.19,14053.4,327.733,21.608,33.7187
1600,20.4133,18.0,191.947,43.0093,24.422,0.0,618.176,2.76667,85164.0,8580.1,15280.1,482.059,21.1813,33.648
1615,20.458,17.2667,191.851,41.6733,20.9853,0.0,617.963,2.43933,79021.4,7304.19,12491.1,397.6,20.7813,34.3813
1630,20.4807,17.0,191.573,40.408,20.8233,0.0,617.877,2.37333,81835.3,7426.05,10163.9,374.357,20.392,34.4147
1645,20.4767,17.0,191.445,39.28,20.8867,0.0,617.451,2.65667,79227.6,7168.0,8802.3,321.088,20.0607,35.096
1700,20.4433,17.0,191.115,39.0693,21.246,0.0,617.28,2.64933,76122.8,7010.3,7727.1,267.456,19.7487,35.3333
1715,20.3933,17.0,190.56,38.5707,21.102,0.0,617.067,2.98933,72130.6,6458.37,6859.78,215.349,19.4753,35.9
1730,20.3533,16.2667,190.304,38.688,20.8233,0.0,616.171,2.112,21533.4,3806.21,3576.83,106.172,19.244,36.68
1745,20.2787,16.0,190.453,38.508,20.9033,0.0,615.296,2.158,1978.37,2329.6,1698.82,25.396,19.0333,37.4467
1800,20.23,16.0,190.144,39.024,20.9047,0.0,614.464,2.22933,1598.46,1734.66,1318.91,18.6027,18.7787,37.6267
1815,20.1593,16.0,191.04,39.0827,14.306,0.0,614.357,2.13733,1154.05,953.344,523.264,10.608,18.454,38.0867
1830,20.0987,16.0,190.773,38.8773,11.524,0.0,613.973,1.82,0.0,0.0,0.0,1.58733,18.1953,38.8187
1845,20.0267,16.0,190.453,38.9773,11.426,0.0,434.416,1.31467,0.0,0.0,0.0,-3.57733,18.054,39.5933
1900,19.9433,16.0,190.411,39.6253,11.866,0.0,41.8407,1.46533,0.0,0.0,0.0,-3.57733,17.884,40.0547
1915,19.8633,15.2667,190.848,39.768,11.5073,0.0,1.75,1.944,0.0,0.0,0.0,-3.64267,17.6987,40.4613
1930,19.7867,14.8667,190.997,39.9293,11.6867,0.0,0.694,1.48267,0.0,0.0,0.0,-3.57733,17.5253,41.0133
1945,19.7007,14.0,190.208,39.9293,11.72,0.0,0.65,1.452,0.0,0.0,0.0,-3.64267,17.3733,41.4747
2000,19.61,14.0,191.147,40.18,11.6053,0.0,0.65,1.50867,0.0,0.0,0.0,-3.64267,17.1893,41.7733
2015,19.54,14.0,191.307,40.0933,11.6053,0.0,0.65,1.41867,0.0,0.0,0.0,-3.57733,17.0187,42.1253
2030,19.4447,13.6667,190.517,40.1373,11.622,0.0,0.65,1.19467,0.0,0.0,0.0,-3.38133,16.852,42.448
2045,19.3733,13.0,190.475,40.3427,11.7033,0.0,0.694,0.622,0.0,0.0,0.0,-3.708,16.678,42.8747
2100,19.29,13.0,190.603,40.6227,11.6053,0.0,0.782,0.722667,0.0,0.0,0.0,-3.57733,16.5393,43.2213
2115,19.2167,13.0,191.264,40.8013,11.524,0.0,0.914,0.416667,0.0,0.0,0.0,-3.57733,16.3727,43.552
2130,19.122,12.6667,191.221,41.048,11.524,0.0,1.178,0.336,0.0,0.0,0.0,-3.64267,16.212,43.8693
2145,19.0227,12.0,190.443,41.344,11.8827,0.0,1.266,0.231333,0.0,0.0,0.0,-3.64267,16.074,44.1013
2200,18.958,12.0,191.115,41.6267,11.6053,0.0,1.178,0.129333,0.0,0.0,0.0,-3.57733,15.9373,44.4213
2215,18.89,12.9333,190.581,42.096,11.524,0.0,1.266,0.127333,0.0,0.0,0.0,-3.44667,15.792,45.3787
2230,18.8027,13.0,190.357,42.424,11.524,0.0,1.31,0.0,0.0,0.0,0.0,-3.57733,15.642,45.7867
2245,18.7227,13.0,190.891,42.8667,11.6867,0.0,1.222,0.236,0.0,0.0,0.0,-3.57733,15.4753,46.5973
2300,18.634,13.0,191.509,43.12,11.7033,0.0,1.31,0.32,0.0,0.0,0.0,-3.38133,15.2933,46.992
2315,18.548,13.0,191.189,43.272,11.6867,0.0,1.31,0.342,0.0,0.0,0.0,-3.25067,15.1193,47.6107
2330,18.4673,12.1333,191.147,43.6347,11.6053,0.0,1.31,0.321333,0.0,0.0,0.0,-3.316,15.0247,48.2667
2345,18.36,12.0,191.637,43.8907,11.622,0.0,1.31,0.524,0.0,0.0,0.0,-3.316,14.892,48.456
0,18.274,11.6667,192.096,43.72,11.524,0.0,1.31,0.146667,0.0,0.0,0.0,-3.18533,14.7613,48.6987
15,18.1667,11.0667,191.008,44.1147,11.6867,0.0,1.266,0.316,0.0,0.0,0.0,-3.316,14.6733,48.8347
30,18.0833,11.0,191.765,44.1573,11.4427,0.0,1.31,0.180667,0.0,0.0,0.0,-3.316,14.574,49.3173
45,17.9867,11.0,191.755,43.9627,11.524,0.0,1.31,0.264667,0.0,0.0,0.0,-3.38133,14.472,49.0533
100,17.8933,11.0,191.477,44.0267,11.8827,0.0,1.31,0.658,0.0,0.0,0.0,-3.44667,14.3627,49.6347
115,17.8027,11.0,191.424,44.1733,11.6867,0.0,1.31,0.441333,0.0,0.0,0.0,-3.38133,14.2433,49.9867
130,17.722,10.4667,191.947,44.1707,11.6867,0.0,1.31,0.606667,0.0,0.0,0.0,-3.18533,14.0227,51.3147
145,17.6393,10.0,191.893,44.424,11.524,0.0,1.31,0.0,0.0,0.0,0.0,-3.316,13.9033,50.768
200,17.5467,10.0,191.253,44.6667,11.866,0.0,1.31,0.0,0.0,0.0,0.0,-3.38133,13.8333,50.8533
215,17.474,10.0,191.275,44.936,11.7027,0.0,1.31,0.138,0.0,0.0,0.0,-3.18533,13.6467,52.024
230,17.3727,9.86667,191.573,45.1067,11.524,0.0,1.31,0.216667,0.0,0.0,0.0,-3.18533,13.5633,52.5813
245,17.3167,9.0,191.691,45.032,11.6867,0.0,1.266,0.0773333,0.0,0.0,0.0,-3.316,13.476,52.3733
300,17.206,9.0,191.904,45.0933,11.7847,0.0,1.31,0.145333,0.0,0.0,0.0,-3.38133,13.2987,53.0533
315,17.1013,9.53333,192.661,45.2613,11.6053,0.0,1.266,0.0,0.0,0.0,0.0,-3.316,13.1307,53.5707
330,17.0107,8.66667,192.427,45.3893,11.4427,0.0,1.266,0.036,0.0,0.0,0.0,-3.18533,12.9493,54.0827
345,16.924,8.0,192.523,45.4267,11.7033,0.0,1.31,0.0,0.0,0.0,0.0,-3.44667,12.7887,54.3867
400,16.8567,8.0,193.205,45.512,11.6867,0.0,1.266,0.0,0.0,0.0,0.0,-3.316,12.6573,54.7173
415,16.756,8.0,193.451,45.576,11.6053,0.0,1.178,0.0,0.0,0.0,0.0,-3.18533,12.5073,55.184
430,16.6593,8.0,193.792,45.632,11.6053,0.0,1.09,0.0413333,0.0,0.0,0.0,-3.316,12.38,55.96
445,16.5413,8.86667,194.016,45.68,11.524,0.0,0.914,0.0746667,0.0,0.0,0.0,-3.18533,12.1733,56.656
500,16.446,8.73333,195.819,45.6507,11.7847,0.0,1.046,0.0853333,0.0,0.0,0.0,-3.18533,12.0967,55.7707
515,16.3473,7.0,195.787,45.6213,11.524,0.0,12.82,0.044,0.0,0.0,0.0,-3.25067,12.0127,55.808
530,16.254,7.0,195.648,45.6347,11.6053,0.0,237.859,0.0,0.0,0.0,0.0,-3.12,11.8273,56.7333
545,16.1533,7.0,196.128,45.6213,11.4427,0.0,611.371,0.406667,0.0,831.488,0.0,1.45733,11.672,56.976
600,16.0533,7.0,197.035,45.6027,16.5327,0.0,612.011,0.282667,2422.78,11107.3,2300.93,18.0793,11.5767,56.696
615,15.9727,7.0,197.035,45.5627,21.0847,0.0,613.333,0.036,6651.9,39219.2,6723.58,57.444,11.478,57.0373
630,15.8967,7.0,196.981,45.4907,20.9853,0.0,615.211,0.0,8902.66,52275.9,9997.99,102.517,11.5293,55.7893
645,15.8433,7.0,196.331,45.408,21.1013,0.0,616.896,0.0,10528.4,61502.8,13803.5,151.403,11.7073,54.5333
700,15.8167,7.0,196.437,45.3173,21.246,0.0,618.347,0.0,11494.7,69206.0,19069.6,206.293,11.9473,53.28
715,15.8033,8.86667,196.256,45.2427,20.9847,0.0,619.541,0.176667,12075.0,74877.6,25604.1,256.96,12.284,52.12
730,15.8267,9.0,196.416,45.104,21.0847,0.0,620.096,0.266667,12598.6,78946.3,32692.9,309.643,12.6873,51.2853
745,15.87,9.66667,196.043,44.96,23.0213,0.0,620.907,0.145333,13172.1,81627.8,40704.7,362.965,13.154,50.672
800,15.9593,11.2,196.288,44.776,31.452,0.0,621.717,0.150667,13724.3,82094.8,47885.0,413.035,13.7127,50.336
815,16.0673,12.0,195.669,44.6907,38.068,0.0,622.229,0.764,14304.6,81955.5,54471.3,461.227,14.3293,49.736
830,16.2107,12.6667,196.309,44.4587,41.516,0.0,622.315,0.345333,14877.4,82315.9,60503.4,509.419,14.9513,49.3493
845,16.368,14.0,196.0,44.6373,41.336,0.0,622.784,0.782,14669.8,83208.9,65852.8,556.928,15.4507,48.0533
900,16.5987,14.1333,196.139,44.384,51.8347,0.0,623.04,1.26133,14068.4,85535.4,70694.2,603.819,16.0987,46.6133
915,16.8373,15.6,195.84,44.1467,51.752,0.0,623.467,0.928,13157.7,83951.6,74517.2,645.205,16.7307,45.0187
930,17.0607,16.0,196.053,44.6853,51.7173,0.0,622.997,1.91667,12290.0,80680.3,77742.1,684.501,17.72,42.7213
945,17.3047,16.1333,195.936,45.2827,51.408,0.0,622.656,2.318,11775.3,74995.0,80472.7,726.571,18.0107,43.7333
1000,17.5513,17.0,194.933,46.128,53.3947,0.0,622.315,2.93333,11221.7,67160.7,82463.4,761.088,18.2693,43.624
1015,17.8233,17.0,193.461,46.1067,79.8213,0.0,622.016,2.96933,10614.4,56306.3,84448.6,793.429,18.6127,43.408
1030,18.1267,17.0,193.013,46.0507,81.5013,0.0,621.888,2.68867,9683.97,42844.2,85349.7,813.653,19.0127,43.2107
1045,18.4453,17.9333,193.461,45.824,81.5813,0.0,622.187,2.40067,9139.2,31974.7,86485.7,841.344,19.4187,42.8773
1100,18.7287,18.1333,193.643,45.6507,81.424,0.0,622.4,2.20533,8694.78,23302.1,86676.8,858.112,19.858,42.432
1115,19.016,19.0,193.632,45.3787,81.5013,0.0,622.613,1.79267,8350.72,17831.9,86152.5,873.003,20.3067,41.9387
1130,19.3307,19.0,193.941,44.8667,81.504,0.0,622.485,2.05733,7977.98,14792.0,84497.7,884.565,20.696,41.096
1145,19.634,19.0,194.293,44.4133,81.584,0.0,622.997,1.80867,8228.86,12863.5,82217.6,891.264,21.3253,40.624
1200,19.9153,19.5333,194.88,45.0987,81.2427,0.0,622.571,2.65133,9697.96,10385.7,80000.3,895.275,21.6733,38.924
1215,20.196,20.0,194.795,44.1787,81.6027,0.0,622.485,1.51267,12556.3,9540.61,77217.8,895.829,22.1613,38.0293
1230,20.4893,20.0,195.019,44.1653,81.384,0.0,622.784,1.928,17423.0,9540.61,74287.8,891.264,22.6547,37.8573
1245,20.76,20.0,195.787,44.4453,81.2427,0.0,622.571,2.79333,24684.5,8931.33,70983.7,882.219,23.1973,39.0387
1300,21.0093,20.0,195.957,44.688,81.3813,0.0,620.779,3.788,34112.9,8200.19,67152.6,872.96,23.368,38.6827
1315,21.28,20.9333,196.469,44.8587,68.8667,0.0,620.48,3.652,45032.8,7942.14,62802.6,856.917,23.396,39.3747
1330,21.5067,21.0,196.043,45.2773,51.2373,0.0,620.48,3.20467,57898.3,7870.46,58365.3,837.931,23.476,38.724
1345,21.7333,21.3333,196.587,45.2213,50.912,0.0,620.139,3.59533,70617.8,7662.59,53922.5,816.64,23.544,37.9773
1400,21.9293,22.0,196.459,45.2587,51.1547,0.0,620.139,2.53733,79192.1,7727.1,48939.0,789.291,23.8867,38.364
1415,22.1107,22.0,196.811,44.8853,51.1573,0.0,620.352,2.812,86114.3,7712.77,44086.6,759.808,24.004,38.0747
1430,22.292,21.7333,197.003,44.7973,51.24,0.0,620.139,2.63133,91805.0,7934.98,38715.4,726.016,24.1507,38.4827
1445,22.468,20.0,197.259,44.936,50.3733,0.0,619.755,2.91267,92083.5,7734.27,32849.9,690.304,24.204,38.6453
1500,22.6347,20.0,196.875,43.088,41.3373,0.0,619.328,2.79733,92553.2,7490.56,27065.0,651.499,24.22,38.1813
1515,22.7813,20.0,196.992,42.0267,41.516,0.0,619.243,2.55533,90772.8,7225.34,21770.2,610.027,24.224,37.6173
1530,22.892,20.0,196.117,41.2467,37.4027,0.0,618.987,2.622,88156.8,7096.32,17738.4,565.675,24.1653,37.8413
1545,22.984,20.0,195.456,41.068,30.508,0.0,618.688,2.40067,87485.1,6988.8,14691.7,519.701,23.94,36.484
1600,23.0467,20.0,196.192,41.02,20.6607,0.0,618.56,2.79733,84746.2,6909.95,12468.9,469.269,23.556,37.9853
1615,23.0947,20.0,194.805,40.4133,20.7407,0.0,618.432,2.47933,82037.4,6909.95,10879.0,419.712,23.1413,39.1693
1630,23.0893,20.0,194.133,40.2227,20.9207,0.0,618.005,2.23667,79880.2,6974.46,9612.29,367.979,22.7307,39.1667
1645,23.0693,20.0,193.877,40.06,20.742,0.0,617.92,2.42733,77567.3,7003.14,8651.78,316.523,22.388,40.0053
1700,23.008,19.8667,194.549,40.08,20.742,0.0,617.408,2.72133,73894.6,6909.95,7698.43,263.424,22.0173,39.9707
1715,22.96,19.2,193.877,39.516,20.9207,0.0,617.28,1.982,69607.4,6358.02,6788.1,211.072,21.6853,38.5373
1730,22.8867,19.0,193.408,39.0547,20.7413,0.0,616.64,1.56533,16926.4,3627.01,3347.46,97.2747,21.3613,38.304
1745,22.8013,19.0,193.323,38.756,20.742,0.0,615.616,1.724,2107.39,2351.1,1763.33,26.7773,21.1307,38.8733
1800,22.732,19.0,194.304,38.8987,20.84,0.0,615.36,0.430667,1691.65,1813.5,1404.93,18.9653,20.904,39.9213
1815,22.644,19.0,194.112,39.5827,15.8313,0.0,615.296,0.0386667,1283.07,1125.38,609.28,10.1387,20.6813,41.3907
1830,22.5707,19.0,194.325,39.9973,11.2467,0.0,614.656,0.0,71.68,0.0,0.0,1.65267,20.438,41.944
1845,22.484,18.2667,193.792,40.1427,11.7033,0.0,472.587,0.0,0.0,0.0,0.0,-3.56467,20.194,41.84
1900,22.4187,18.0,193.941,40.288,11.328,0.0,54.8907,0.036,0.0,0.0,0.0,-3.708,19.9367,42.0267
1915,22.3307,17.0667,194.112,40.7653,11.3447,0.0,2.146,1.05867,0.0,0.0,0.0,-3.904,19.7247,43.9333
1930,22.2267,17.0,194.368,40.8493,11.328,0.0,0.694,0.0493333,0.0,0.0,0.0,-3.708,19.554,44.0693
1945,22.1413,16.6667,194.944,41.016,11.23,0.0,0.65,0.0,0.0,0.0,0.0,-3.708,19.352,44.344
2000,22.068,16.0,195.541,41.232,11.2133,0.0,0.65,0.504,0.0,0.0,0.0,-3.708,19.1613,45.176
2015,21.984,16.0,195.883,41.3973,11.4427,0.0,0.65,0.497333,0.0,0.0,0.0,-3.77333,18.9687,45.7493
2030,21.8933,16.0,196.107,41.632,11.426,0.0,0.65,0.653333,0.0,0.0,0.0,-3.64267,18.7773,46.0373
2045,21.8213,16.0,197.408,41.792,11.426,0.0,0.65,0.547333,0.0,0.0,0.0,-3.77333,18.5747,46.384
2100,21.7093,15.3333,197.76,42.008,11.5407,0.0,0.65,0.445333,0.0,0.0,0.0,-3.512,18.3633,46.768
2115,21.6013,14.0,197.728,41.8827,11.524,0.0,0.65,0.589333,0.0,0.0,0.0,-3.512,18.1553,47.1893
2130,21.4987,14.0,198.485,42.2347,11.5073,0.0,0.65,0.519333,0.0,0.0,0.0,-3.708,17.9767,47.6667
2145,21.3907,14.0,198.581,42.3067,11.7033,0.0,0.65,0.634667,0.0,0.0,0.0,-3.64267,17.7673,48.0133
2200,21.2693,14.0,199.029,42.8133,11.5073,0.0,0.694,1.28133,0.0,0.0,0.0,-3.512,17.5687,48.1813
2215,21.148,13.0667,199.392,42.8133,11.524,0.0,0.65,0.616667,0.0,0.0,0.0,-3.708,17.36,48.1387
2230,21.0267,13.0,198.507,42.6747,11.4093,0.0,0.738,0.589333,0.0,0.0,0.0,-3.708,17.168,47.9333
2245,20.8973,12.0667,198.581,42.2053,11.3447,0.0,0.914,0.568,0.0,0.0,0.0,-3.708,16.994,47.896
2300,20.7973,12.0,198.219,41.9147,11.7033,0.0,1.046,0.0773333,0.0,0.0,0.0,-3.44667,16.8193,47.9413
2315,20.704,12.0,197.632,42.3147,11.426,0.0,1.88067,0.234,0.0,0.0,0.0,-3.64267,16.666,48.8293
2330,20.5813,11.2667,197.664,42.3147,11.6053,0.0,1.09,0.100667,0.0,0.0,0.0,-3.57733,16.5073,49.3493
2345,20.4913,11.0,197.472,42.6053,11.2633,0.0,1.134,0.0,0.0,0.0,0.0,-3.44667,16.358,49.8053
0,20.39,11.0,197.632,42.696,11.5073,0.0,1.134,0.188,0.0,0.0,0.0,-3.512,16.23,50.1813
15,20.2707,11.0,197.685,42.7067,11.6053,0.0,1.266,0.314667,0.0,0.0,0.0,-3.512,16.098,50.2773
30,20.176,11.2,198.016,42.744,11.3447,0.0,1.134,0.129333,0.0,0.0,0.0,-3.38133,15.9673,50.304
45,20.0813,11.8,197.355,42.7413,11.5887,0.0,1.266,0.078,0.0,0.0,0.0,-3.512,15.8473,50.3307
100,19.9807,12.0,197.696,42.768,11.6053,0.0,1.134,0.0,0.0,0.0,0.0,-3.512,15.7033,50.4373
115,19.87,11.3333,197.355,42.9173,11.6867,0.0,1.178,0.036,0.0,0.0,0.0,-3.512,15.5327,51.2107
130,19.7693,11.0,196.992,43.1653,11.6053,0.0,1.222,0.444,0.0,0.0,0.0,-3.316,15.3507,52.4427
145,19.664,11.0,197.504,43.392,11.524,0.0,1.09,0.681333,0.0,0.0,0.0,-3.38133,15.098,53.9413
200,19.5407,10.5333,197.92,43.456,11.524,0.0,1.134,1.30933,0.0,0.0,0.0,-3.44667,14.8613,55.384
215,19.424,10.0,197.984,43.3787,11.6053,0.0,1.134,0.832667,0.0,0.0,0.0,-3.25067,14.7233,55.4213
230,19.3187,10.0,198.507,43.352,11.524,0.0,1.266,0.623333,0.0,0.0,0.0,-3.512,14.6733,55.0347
245,19.2167,10.0,197.92,43.32,11.6053,0.0,1.266,0.0493333,0.0,0.0,0.0,-3.38133,14.5913,54.3787
300,19.0893,10.0,197.013,43.32,11.7033,0.0,1.178,0.0953333,0.0,0.0,0.0,-3.25067,14.4647,54.8613
315,18.9873,10.0,197.312,43.336,11.5887,0.0,1.266,0.364,0.0,0.0,0.0,-3.316,14.3667,55.28
330,18.8833,10.0,197.376,43.3413,11.866,0.0,1.134,0.106667,0.0,0.0,0.0,-3.12,14.226,55.7707
345,18.77,10.8,197.291,43.3653,11.3613,0.0,1.222,0.0,0.0,0.0,0.0,-3.38133,13.8707,57.2773
400,18.67,10.3333,198.859,43.3947,11.7033,0.0,1.09,0.0,0.0,0.0,0.0,-3.25067,13.66,57.424
415,18.5633,10.0,198.848,43.3493,11.622,0.0,1.134,0.08,0.0,0.0,0.0,-3.042,13.5933,57.6
430,18.4493,10.0,198.987,43.2667,11.866,0.0,0.87,0.434667,0.0,0.0,0.0,-3.25067,13.5993,58.1813
445,18.3327,9.06667,199.275,43.2747,11.6867,0.0,1.046,0.259333,0.0,0.0,0.0,-3.38133,13.576,58.3307
500,18.224,9.0,198.763,43.3307,11.7033,0.0,1.794,0.0,0.0,0.0,0.0,-3.25067,13.45,58.0293
515,18.1113,9.0,198.965,43.2667,11.5073,0.0,26.6087,0.391333,0.0,0.0,0.0,-3.25067,13.3687,58.6027
530,17.99,9.0,200.32,43.2133,11.866,0.0,380.475,0.934667,0.0,0.0,0.0,-3.01667,13.3167,59.5147
545,17.89,8.46667,200.395,43.2293,11.4427,0.0,612.224,0.297333,351.232,1182.72,71.68,2.68,13.2633,59.5893
600,17.796,8.0,200.128,43.2747,18.5793,0.0,612.779,0.410667,3784.7,16568.7,3024.9,23.002,13.2133,59.408
615,17.7287,8.73333,200.64,43.384,21.0673,0.0,614.763,0.0,7755.78,46491.0,7433.22,65.8187,13.1967,58.9893
630,17.65,9.0,200.459,43.1867,20.9213,0.0,616.341,0.3,9375.74,56016.9,10134.9,108.992,13.28,58.9627
645,17.608,9.0,199.605,43.2533,20.9853,0.0,617.28,0.0906667,10614.8,63247.7,13617.2,157.749,13.4153,59.8453
700,17.5767,9.0,199.787,43.5947,21.3273,0.0,618.773,0.0,11287.2,69197.8,18438.8,208.395,13.6187,56.9893
715,17.568,9.0,200.373,43.784,21.2473,0.0,619.968,0.0,11788.3,74484.4,24733.0,258.805,13.928,55.072
730,17.604,9.0,200.096,43.824,21.1647,0.0,620.864,0.0,12268.9,78266.4,31662.1,309.451,14.286,54.544
745,17.6427,9.6,200.651,43.776,22.8247,0.0,621.675,0.0,12806.8,80328.0,39286.1,360.683,14.7333,54.3333
800,17.7447,12.6667,200.277,43.8187,31.3867,0.0,621.973,0.234,13330.4,80898.7,46481.4,411.328,15.2407,54.4427
815,17.8233,14.0,199.797,43.7653,37.468,0.0,621.888,0.58,13989.2,80934.2,53144.2,459.989,15.806,55.3227
830,17.9613,14.7333,200.299,43.816,41.436,0.0,621.973,1.48067,14678.0,81311.1,58963.3,507.477,16.29,55.8987
845,18.1107,15.0,199.829,43.7387,36.8653,0.0,621.248,1.03333,12520.8,62783.5,48654.0,449.259,16.8473,56.3067
900,18.2967,15.3333,199.531,43.8507,42.0773,0.0,621.163,1.08333,14684.5,73329.3,61571.1,542.112,17.2867,56.1013
915,18.51,16.0,199.072,43.728,51.504,0.0,622.357,1.362,16900.8,85019.3,75188.9,690.304,17.684,55.8827
930,18.7433,16.1333,199.413,43.4827,57.4747,0.0,622.272,1.78133,14383.8,82264.1,79071.9,712.341,18.264,55.5253
945,18.9867,17.0,198.944,43.344,76.12,0.0,622.315,1.63733,14032.2,77127.7,83121.5,752.213,18.7353,55.0693
1000,19.2547,17.0,198.88,43.3547,81.0827,0.0,622.4,2.06467,13595.3,71002.8,85316.9,793.6,19.178,54.8747
1015,19.5087,17.0,198.965,43.3307,65.0707,0.0,621.717,1.77133,11217.2,51322.2,74235.2,702.261,19.5693,54.88
1030,19.7267,17.0,198.752,43.464,70.336,0.0,621.248,2.088,11897.2,40473.9,76711.9,760.736,19.7947,55.1813
1045,19.9967,17.0,198.944,43.552,74.8147,0.0,621.931,1.496,11437.4,34118.3,82408.8,816.917,20.0907,55.28
1100,20.2787,17.2,198.347,43.5973,76.6187,0.0,621.973,2.23533,10736.0,26536.6,83927.0,866.987,20.4747,55.3093
1115,20.5187,17.9333,198.603,43.68,73.5173,0.0,621.376,2.38467,8960.0,18712.2,75967.8,795.392,20.7,55.8133
1130,20.7333,18.0,198.624,43.7813,71.876,0.0,621.077,2.93267,8859.65,15782.2,72736.8,806.389,20.904,55.92
1145,20.9667,18.0,198.048,43.8987,77.06,0.0,621.035,2.78733,13073.1,17364.7,79077.4,895.936,21.1573,55.8267
1200,21.2133,18.0,197.856,43.8987,78.84,0.0,621.077,2.95667,13681.0,13179.9,76434.1,895.317,21.4787,55.6587
1215,21.4693,18.0,197.792,43.9493,81.0827,0.0,620.907,2.874,14334.0,10727.4,76188.3,904.021,21.7867,54.848
1230,21.7173,18.0,197.792,43.9973,81.0027,0.0,620.736,2.60533,19879.3,11027.8,74080.3,914.603,22.0733,54.3093
1245,21.9067,18.0,197.664,43.9653,68.9147,0.0,620.736,2.76667,27473.9,10549.2,64109.9,839.776,22.144,54.3733
1300,22.1067,18.0,197.536,44.096,79.9813,0.0,620.565,2.79867,35711.7,9325.57,66128.6,882.901,22.404,53.704
1315,22.2853,18.0,196.832,44.168,63.7693,0.0,620.224,2.64867,42964.3,7949.31,57980.2,796.651,22.5227,53.072
1330,22.4613,18.0,196.715,44.3013,55.5867,0.0,620.011,2.91667,51021.1,7985.15,50231.3,757.717,22.632,52.9973
1345,22.6187,18.0,197.344,44.4853,53.336,0.0,619.84,3.27,68816.9,8128.51,51362.5,801.259,22.7653,52.7573
1400,22.7947,18.0,197.472,44.832,50.8107,0.0,619.84,3.134,78424.7,8099.84,47322.5,789.163,22.9667,52.8053
1415,22.94,18.0,197.621,45.2107,44.992,0.0,619.413,2.792,75174.6,7748.61,38723.6,666.88,23.0427,52.3733
1430,23.0707,17.4667,197.632,45.5893,44.0307,0.0,619.797,3.11467,77794.6,9338.88,35465.6,656.064,23.0013,53.0907
1445,23.2173,17.0,196.864,45.9787,42.6453,0.0,619.925,2.68133,75477.0,12426.9,32855.4,655.595,23.008,53.3227
1500,23.324,17.7333,196.917,46.4373,36.4967,0.0,619.413,2.902,62864.7,10528.8,25562.5,506.208,22.932,53.68
1515,23.3947,18.0,197.195,46.9573,44.01,0.0,619.243,2.76667,86805.2,11596.1,25251.8,629.173,22.7413,54.6107
1530,23.4987,18.0,196.181,47.2773,34.3953,0.0,619.328,2.494,61760.9,12076.0,22230.4,460.859,22.656,55.4267
1545,23.5413,18.0,195.477,47.8693,25.168,0.0,618.005,2.53333,42039.3,12721.2,18418.3,330.176,22.372,55.736
1600,23.5547,18.0,195.317,48.2427,23.606,0.0,618.048,2.37933,43406.0,13022.9,17294.3,332.629,21.952,56.6613
1615,23.552,18.0,195.147,48.4773,22.5653,0.0,617.493,2.23067,31772.0,10785.8,13624.3,254.843,21.62,57.2427
1630,23.544,18.0,194.325,48.6667,22.1407,0.0,617.493,1.95467,70671.0,11402.6,14779.1,384.197,21.3,57.944
1645,23.524,18.0,194.08,48.7093,20.8227,0.0,617.28,2.03533,39123.6,9274.37,11117.2,231.488,21.0307,58.8827
1700,23.492,18.0,193.845,48.84,20.8227,0.0,617.109,2.11533,40455.5,8866.13,10600.4,220.773,20.7973,59.5653
1715,23.4253,18.0,193.12,49.0347,20.742,0.0,616.64,1.398,39759.9,7748.27,9238.87,184.293,20.5747,60.0107
1730,23.372,18.0,193.845,49.1333,20.7427,0.0,615.915,1.80667,6408.19,3211.26,4171.78,57.552,20.392,60.5333
1745,23.316,17.0667,193.888,49.2293,20.742,0.0,615.36,1.21933,5053.44,2731.01,2960.38,46.268,20.1293,61.0773
1800,23.232,16.6667,193.696,49.32,20.7407,0.0,614.912,1.07267,3325.95,2179.07,2243.58,28.9507,19.9233,61.624
1815,23.148,16.0,192.651,49.3413,17.1333,0.0,614.4,1.29667,1870.85,1182.72,953.344,14.736,19.632,62.2347
1830,23.0413,16.0,193.365,49.528,11.2947,0.0,612.693,1.09,150.528,0.0,0.0,2.10867,19.3833,62.832
1845,22.936,16.0,192.992,49.6107,11.5073,0.0,306.496,0.677333,0.0,0.0,0.0,-3.22533,19.1673,63.128
1900,22.82,15.8667,193.493,49.7387,11.2467,0.0,32.052,0.614,0.0,0.0,0.0,-3.77333,18.9193,63.5627
1915,22.7173,15.0,193.472,49.6987,11.4907,0.0,1.574,0.718,0.0,0.0,0.0,-3.708,18.6553,64.32
1930,22.5853,15.0,193.365,49.8107,11.328,0.0,0.65,0.349333,0.0,0.0,0.0,-3.57733,18.4293,64.6053
1945,22.484,15.0,193.493,49.7653,11.426,0.0,0.65,0.492667,0.0,0.0,0.0,-3.44667,18.1987,65.0667
2000,22.36,15.0,194.048,49.7067,11.3447,0.0,0.65,0.412667,0.0,0.0,0.0,-3.57733,18.006,65.2853
2015,22.2293,15.0,193.248,49.7307,11.426,0.0,0.65,0.235333,0.0,0.0,0.0,-3.64267,17.796,65.5467
2030,22.124,15.0,193.931,49.5893,11.5073,0.0,0.65,0.036,0.0,0.0,0.0,-3.512,17.606,65.9013
2045,22.008,15.0,193.643,49.2507,11.524,0.0,0.65,0.475333,0.0,0.0,0.0,-3.77333,17.44,66.1947
2100,21.8987,15.0,192.96,48.8053,11.328,0.0,0.65,0.0746667,0.0,0.0,0.0,-3.44667,17.2827,66.6613
2115,21.784,14.5333,193.611,49.0427,11.328,0.0,0.65,0.0,0.0,0.0,0.0,-3.64267,17.138,66.8987
2130,21.664,14.0,193.163,48.9413,11.3447,0.0,0.65,0.0,0.0,0.0,0.0,-3.64267,16.9967,67.1173
2145,21.5347,14.0,192.501,48.7867,11.426,0.0,0.65,0.0,0.0,0.0,0.0,-3.708,16.8667,67.3493
2200,21.4373,14.0,193.952,48.6187,11.6867,0.0,0.65,0.0,0.0,0.0,0.0,-3.512,16.738,67.7227
2215,21.3133,14.0,193.493,48.696,11.7033,0.0,0.65,0.0,0.0,0.0,0.0,-3.64267,16.5987,68.064
2230,21.1867,14.0,193.419,48.584,11.426,0.0,0.65,0.0,0.0,0.0,0.0,-3.38133,16.4573,68.216
2245,21.0613,14.0,194.165,48.3333,11.6053,0.0,0.65,0.0,0.0,0.0,0.0,-3.512,16.3527,68.512
2300,20.9573,14.0,193.717,48.0667,11.524,0.0,0.65,0.0,0.0,0.0,0.0,-3.38133,16.2567,68.6107
2315,20.8613,14.0,194.389,48.0693,11.6053,0.0,0.65,0.0,0.0,0.0,0.0,-3.44667,16.2,68.7307
2330,20.7493,14.0,194.987,47.7067,11.622,0.0,0.65,0.0,0.0,0.0,0.0,-3.44667,16.1253,68.832
2345,20.6613,13.1333,194.421,47.0613,11.6053,0.0,0.65,0.118667,0.0,0.0,0.0,-3.38133,16.08,69.44
0,20.5627,13.0,195.541,47.728,11.7033,0.0,0.65,0.0,0.0,0.0,0.0,-3.512,16.0347,69.032
15,20.4587,12.5333,195.243,47.5653,11.6053,0.0,0.65,0.176,0.0,0.0,0.0,-3.512,15.9693,69.488
30,20.37,12.0,196.011,47.3947,11.524,0.0,0.65,0.0826667,0.0,0.0,0.0,-3.38133,15.8913,69.5893
45,20.2747,12.0,196.576,46.824,11.866,0.0,0.65,0.0,0.0,0.0,0.0,-3.44667,15.8807,69.7573
100,20.176,12.2667,197.248,46.8,11.6053,0.0,0.694,0.308,0.0,0.0,0.0,-3.316,15.8887,70.1147
115,20.1,12.8,197.291,47.064,11.5073,0.0,0.65,0.0,0.0,0.0,0.0,-3.44667,15.8807,70.2133
130,20.02,12.9333,197.131,47.3573,11.622,0.0,0.65,0.0,0.0,0.0,0.0,-3.316,15.8467,70.1787
145,19.9353,12.0667,197.536,47.0293,11.6053,0.0,0.65,0.044,0.0,0.0,0.0,-3.512,15.804,70.6773
200,19.846,12.0,197.728,47.1067,11.6053,0.0,0.65,0.0,0.0,0.0,0.0,-3.57733,15.7513,70.616
215,19.772,12.0,197.76,47.0,11.524,0.0,0.65,0.0,0.0,0.0,0.0,-3.316,15.69,70.7893
230,19.6987,12.0,198.624,47.248,11.6867,0.0,0.65,0.0,0.0,0.0,0.0,-3.38133,15.6207,71.0027
245,19.62,12.0,200.416,47.344,11.7033,0.0,0.65,0.0,0.0,0.0,0.0,-3.12,15.5667,71.1627
300,19.54,12.0,200.651,46.888,11.524,0.0,0.65,0.160667,0.0,0.0,0.0,-3.38133,15.5267,71.456
315,19.4527,12.0,201.12,46.632,11.524,0.0,0.65,0.290667,0.0,0.0,0.0,-3.44667,15.502,71.9413
330,19.37,12.0,201.451,46.8,11.524,0.0,0.65,0.181333,0.0,0.0,0.0,-3.57733,15.5,71.856
345,19.3127,12.0,201.547,46.9627,11.6053,0.0,0.65,0.0,0.0,0.0,0.0,-3.57733,15.464,71.632
400,19.2373,12.0,202.123,46.968,11.7847,0.0,0.65,0.111333,0.0,0.0,0.0,-3.64267,15.4067,71.5813
415,19.1733,12.0,202.496,47.0987,11.6867,0.0,0.694,0.0,0.0,0.0,0.0,-3.512,15.38,71.5493
430,19.1033,12.0,202.645,47.4213,11.6053,0.0,0.694,0.15,0.0,0.0,0.0,-3.44667,15.3433,71.8587
445,19.03,12.0,202.592,47.5253,11.622,0.0,0.738,0.0,0.0,0.0,0.0,-3.708,15.2993,71.864
500,18.9547,12.0,202.827,46.712,11.524,0.0,1.09,1.09533,0.0,0.0,0.0,-3.44667,15.2927,72.208
515,18.9033,12.0,203.403,47.1867,11.5073,0.0,3.24467,0.405333,0.0,0.0,0.0,-3.316,15.316,72.6667
530,18.84,12.0,203.093,47.3013,11.622,0.0,52.068,0.197333,0.0,0.0,0.0,-3.38133,15.2773,72.696
545,18.7893,12.0,203.136,47.4293,11.4427,0.0,368.373,0.187333,0.0,0.0,0.0,-1.11867,15.2467,72.944
600,18.7133,12.0,203.456,47.44,11.524,0.0,612.373,0.234,0.0,0.0,0.0,4.02,15.2067,73.0427
615,18.6653,12.0,203.563,47.7227,14.7927,0.0,613.76,0.0413333,688.128,709.632,602.112,15.6993,15.2033,72.752
630,18.6233,12.0,203.947,47.8053,21.166,0.0,613.76,0.0,1662.98,2064.38,1705.98,28.468,15.2367,72.376
645,18.5613,12.0,203.552,47.8613,21.002,0.0,614.272,0.0,2351.1,2644.99,2315.26,38.96,15.2893,72.0427
700,18.5267,12.0,203.328,47.6533,20.9207,0.0,614.4,0.078,4014.08,4501.5,4164.61,70.8107,15.3387,72.2373
715,18.5167,12.0,203.413,47.7013,20.986,0.0,615.104,0.0,5282.82,6429.7,5884.93,99.9573,15.4173,71.992
730,18.5067,12.0,203.488,47.928,20.986,0.0,615.616,0.163333,7153.66,9152.17,8128.51,136.064,15.5433,71.736
745,18.5133,12.0667,203.307,48.4,21.182,0.0,616.043,0.609333,8629.93,12951.2,10916.2,164.155,15.714,71.4507
800,18.5133,12.9333,202.379,48.4507,21.002,0.0,616.64,0.555333,10742.8,16642.0,13937.3,208.789,15.9,70.7787
815,18.536,13.0,202.869,48.3307,21.0847,0.0,616.683,0.634,10986.8,15021.4,13006.8,218.72,16.086,69.9867
830,18.564,13.4667,202.923,48.7067,20.9047,0.0,617.152,0.75,11358.2,15272.6,13573.5,226.176,16.3187,69.192
845,18.6093,14.0,202.336,49.1893,25.4107,0.0,617.707,1.072,14864.4,31478.4,26658.1,345.44,16.568,68.7067
900,18.6873,14.1333,202.315,48.7093,40.2867,0.0,619.925,1.11,18843.0,48204.5,41061.0,492.096,16.9387,67.8
915,18.8027,14.9333,202.485,48.344,28.3933,0.0,620.096,1.14733,16685.1,32370.7,30522.0,388.16,17.43,67.424
930,18.9,15.0667,201.952,48.5973,25.088,0.0,619.371,0.745333,14972.2,28885.0,29199.0,361.451,17.8527,66.8533
945,19.0333,16.0,201.408,48.6907,36.216,0.0,620.651,0.829333,16138.9,39276.5,41648.1,476.117,18.2553,66.44
1000,19.2213,16.0,200.949,48.6,49.2547,0.0,621.888,1.09133,15558.7,49153.4,56300.9,596.245,18.7607,65.7867
1015,19.438,16.9333,200.885,48.6613,53.5813,0.0,622.357,1.76467,14040.4,46531.9,63993.2,639.36,19.4587,63.5813
1030,19.6887,21.4667,199.968,49.0,56.5707,0.0,622.613,3.57733,14140.8,42150.6,64105.1,692.821,20.3167,56.296
1045,19.9513,22.0,198.773,48.808,52.936,0.0,621.931,3.50867,14942.9,33157.1,62133.6,632.939,21.136,51.8613
1100,20.232,22.1333,198.283,48.5387,77.2547,0.0,623.04,4.40733,19893.6,32929.8,81267.4,898.112,21.8747,49.7947
1115,20.548,24.0,196.853,48.2747,70.3787,0.0,623.509,4.21067,20381.7,28343.0,79612.6,910.741,23.1187,42.7227
1130,20.8133,24.0,195.915,48.0293,32.0013,0.0,621.291,4.42267,14985.9,17291.3,29867.3,369.525,23.8533,42.2667
1145,20.992,24.9333,195.392,48.0427,44.3887,0.0,620.139,2.78933,10199.0,13589.5,38714.7,451.403,23.744,46.8373
1200,21.264,25.0,194.603,47.8107,81.1013,0.0,622.272,4.32267,12012.2,13473.8,80082.3,924.715,24.3787,40.8613
1215,21.6093,25.0,193.749,47.04,81.5227,0.0,622.997,4.69333,14884.9,14111.4,77957.8,943.147,26.484,30.66
1230,21.912,25.0,193.312,46.7573,77.8187,0.0,622.869,4.28067,19202.0,12391.1,72458.2,923.008,26.496,30.5293
1245,22.2067,25.5333,193.28,46.0613,79.2,0.0,622.699,4.51533,25819.8,10786.1,69522.8,913.877,26.8227,28.6827
1300,22.4853,25.8,193.024,46.1813,65.6107,0.0,622.4,4.70733,30974.6,8601.6,57657.7,749.461,26.9853,36.2267
1315,22.7667,25.0667,193.003,45.2453,56.48,0.0,622.187,4.22067,45617.2,8465.41,60623.5,832.789,27.1253,34.7493
1330,23.0467,25.2667,192.971,44.6907,49.676,0.0,622.357,4.542,58641.1,8236.03,55902.2,817.259,27.36,32.3253
1345,23.3013,25.7333,192.853,44.6987,49.4987,0.0,622.101,5.194,70316.7,8945.66,50242.6,813.707,27.6613,26.6413
1400,23.5053,26.0,192.971,44.4933,46.456,0.0,621.76,4.57533,73444.4,8006.66,42705.6,726.027,27.9667,26.6653
1415,23.7307,26.0,193.205,44.192,49.1587,0.0,621.675,5.07067,82180.8,9253.89,40440.5,751.605,27.9747,30.0013
1430,23.968,25.5333,192.896,43.0933,50.992,0.0,621.504,4.888,87359.5,8981.5,35590.1,724.651,28.004,28.0707
1445,24.172,25.0,193.803,43.5547,45.212,0.0,621.291,3.86333,91903.3,8974.34,31982.9,701.44,28.5093,29.568
1500,24.368,25.0,193.76,42.3173,40.0347,0.0,621.291,4.23133,87126.0,7899.14,25058.0,623.445,29.608,24.3973
1515,24.5107,25.0,193.824,41.88,36.328,0.0,620.907,4.632,81723.4,7483.39,20313.4,556.693,29.908,22.6593
1530,24.636,25.0,193.749,41.4107,28.148,0.0,620.011,4.70267,72015.2,6730.75,16247.5,470.011,29.3587,22.2607
1545,24.768,25.0,193.952,40.7747,24.2267,0.0,620.224,3.83533,86753.3,7497.73,15136.1,523.861,29.1013,22.788
1600,24.8813,25.0,193.483,39.8947,20.6593,0.0,619.883,4.082,81029.8,7010.3,12648.4,456.501,28.3667,23.5467
1615,24.968,25.0,192.736,40.1107,20.7253,0.0,619.84,4.334,80571.1,7397.38,11558.2,421.419,27.5173,23.972
1630,25.032,25.0,192.917,39.4107,20.8407,0.0,619.84,5.04,78230.9,7454.72,10356.7,370.859,26.86,23.48
1645,25.08,25.0,192.64,38.0,20.66,0.0,619.413,4.12067,74424.3,7325.7,9268.22,315.104,26.4493,24.7907
1700,25.092,25.0,192.619,37.968,20.8227,0.0,619.2,4.10133,70038.9,7254.02,8436.74,261.675,26.1213,25.6493
1715,25.092,24.7333,192.395,37.4667,20.8233,0.0,618.901,4.328,64763.2,6587.39,7332.86,209.621,25.8013,26.2773
1730,25.096,24.0,192.149,36.6267,20.742,0.0,617.963,4.35067,10005.8,3641.34,3411.97,88.3853,25.4213,25.892
1745,25.088,24.0,191.968,36.22,20.8233,0.0,617.28,3.76267,3189.76,2609.15,2229.25,32.284,25.1333,27.3747
1800,25.06,24.0,191.659,36.532,20.5453,0.0,617.109,3.92667,2523.14,1992.7,1748.99,23.768,24.816,27.5347
1815,25.02,23.1333,191.04,35.74,15.5553,0.0,616.725,4.08667,1892.35,1369.09,1297.41,14.6067,24.5013,28.36
1830,24.9573,23.0,190.773,35.1293,11.3447,0.0,616.64,3.754,609.28,71.68,0.0,4.03333,24.1813,28.612
1845,24.892,23.0,190.88,35.3027,11.034,0.0,457.259,2.66333,0.0,0.0,0.0,-3.552,23.8707,29.812
1900,24.812,22.3333,191.851,35.5253,10.74,0.0,55.15,2.864,0.0,0.0,0.0,-3.96933,23.6093,30.192
1915,24.756,22.0,191.829,36.148,11.0507,0.0,2.18933,3.96867,0.0,0.0,0.0,-3.904,23.284,30.764
1930,24.68,21.9333,191.531,36.1467,11.1487,0.0,0.65,3.66733,0.0,0.0,0.0,-3.96933,23.068,31.4733
1945,24.6173,21.2,191.755,35.6893,11.1153,0.0,0.826,3.368,0.0,0.0,0.0,-4.03467,22.8933,31.7333
2000,24.5373,21.0,192.587,35.7987,10.9527,0.0,0.87,2.68467,0.0,0.0,0.0,-3.96933,22.74,32.36
2015,24.4867,21.0,192.32,36.5773,11.23,0.0,1.134,2.43533,0.0,0.0,0.0,-4.03467,22.592,33.056
2030,24.4333,21.0,191.893,37.2787,11.3447,0.0,0.87,2.84667,0.0,0.0,0.0,-3.904,22.4693,34.824
2045,24.3693,20.1333,191.456,37.6733,11.4093,0.0,0.826,2.57133,0.0,0.0,0.0,-4.16467,22.3533,35.688
2100,24.3,20.0,191.979,37.7413,11.3447,0.0,0.694,2.16667,0.0,0.0,0.0,-3.904,22.2147,36.9173
2115,24.228,20.0,191.179,38.0013,11.328,0.0,0.65,1.588,0.0,0.0,0.0,-3.904,22.0213,37.9493
2130,24.144,19.9333,191.381,37.708,11.132,0.0,0.65,1.702,0.0,0.0,0.0,-3.96933,21.7587,38.7747
2145,24.0573,19.0,191.787,37.8493,11.524,0.0,0.65,1.33467,0.0,0.0,0.0,-4.03467,21.504,39.5813
2200,23.9733,18.3333,191.787,38.1267,11.2133,0.0,0.65,1.79,0.0,0.0,0.0,-3.904,21.2413,40.4187
2215,23.9,18.0,191.531,38.388,11.1487,0.0,0.65,1.38533,0.0,0.0,0.0,-3.83867,21.0173,41.1867
2230,23.8067,18.0,190.325,38.724,11.23,0.0,0.65,0.942,0.0,0.0,0.0,-3.83867,20.7547,41.7413
2245,23.716,18.0,190.251,39.264,11.1153,0.0,0.65,1.348,0.0,0.0,0.0,-3.96933,20.5933,42.128
2300,23.6067,18.0,191.189,39.3467,11.5073,0.0,0.65,1.61,0.0,0.0,0.0,-3.83867,20.4707,42.4133
2315,23.5227,17.0667,190.912,39.4787,11.3447,0.0,0.65,1.88467,0.0,0.0,0.0,-3.77333,20.3467,42.9947
2330,23.4253,17.0,190.699,39.7387,11.426,0.0,0.65,1.97867,0.0,0.0,0.0,-3.64267,20.2253,43.3733
2345,23.344,17.8667,191.403,39.872,11.5887,0.0,0.65,1.948,0.0,0.0,0.0,-3.83867,20.0793,43.4667
0,23.252,18.0,190.443,39.9573,11.5073,0.0,0.65,2.19067,0.0,0.0,0.0,-3.904,19.916,43.7413
15,23.156,17.1333,190.357,40.0667,11.426,0.0,0.65,1.892,0.0,0.0,0.0,-3.83867,19.7773,44.0107
30,23.0507,17.0,190.933,40.04,11.3447,0.0,0.65,1.53467,0.0,0.0,0.0,-3.57733,19.6567,44.1093
45,22.964,17.0,190.325,40.044,11.5073,0.0,0.782,1.182,0.0,0.0,0.0,-3.708,19.5107,44.472
100,22.8787,17.0,189.483,40.2067,11.4093,0.0,0.738,0.998,0.0,0.0,0.0,-3.512,19.3673,44.336
115,22.7827,17.0,190.24,40.4293,11.426,0.0,0.65,0.352667,0.0,0.0,0.0,-3.64267,19.1833,44.4053
130,22.7013,17.0,190.08,40.6613,11.2467,0.0,0.65,0.199333,0.0,0.0,0.0,-3.708,19.0053,44.8933
145,22.5933,17.0,189.632,40.6093,11.7033,0.0,0.914,0.538,0.0,0.0,0.0,-3.64267,18.844,44.3707
200,22.5107,16.9333,189.504,40.5893,11.4093,0.0,0.914,0.708667,0.0,0.0,0.0,-3.83867,18.6933,44.4293
215,22.4187,16.0667,190.24,40.5787,11.6053,0.0,0.87,1.0,0.0,0.0,0.0,-3.708,18.6267,44.68
230,22.3187,16.0,190.4,40.58,11.622,0.0,0.914,1.28067,0.0,0.0,0.0,-3.708,18.57,45.4
245,22.2213,16.0,189.408,40.568,11.3447,0.0,0.65,0.996,0.0,0.0,0.0,-3.904,18.51,46.3707
300,22.144,16.0,190.325,40.8,11.5073,0.0,0.65,0.494667,0.0,0.0,0.0,-3.57733,18.346,47.184
315,22.0493,16.0,189.973,40.9533,11.5073,0.0,0.65,1.08533,0.0,0.0,0.0,-3.708,18.1247,47.7227
330,21.964,16.0,190.229,40.9867,11.524,0.0,0.65,1.14467,0.0,0.0,0.0,-3.708,17.9833,48.424
345,21.86,15.5333,190.165,41.0453,11.7033,0.0,0.65,0.728667,0.0,0.0,0.0,-3.77333,17.792,48.4587
400,21.78,15.0,190.197,41.16,11.6053,0.0,0.65,0.036,0.0,0.0,0.0,-3.64267,17.636,48.1893
415,21.6747,15.0,189.995,41.2133,11.5073,0.0,0.65,0.712,0.0,0.0,0.0,-3.708,17.5033,48.2
430,21.5653,15.0,189.227,41.2667,11.524,0.0,0.65,0.475333,0.0,0.0,0.0,-3.44667,17.3287,48.528
445,21.476,15.0,190.24,41.312,11.5073,0.0,0.65,0.427333,0.0,0.0,0.0,-3.708,17.162,48.232
500,21.3627,15.0,190.464,41.2907,11.524,0.0,1.794,0.850667,0.0,0.0,0.0,-3.512,17.0273,48.2293
515,21.256,13.6667,190.304,41.2427,11.6053,0.0,31.132,0.565333,0.0,0.0,0.0,-3.708,16.838,48.8693
530,21.152,13.0,190.539,41.312,11.4427,0.0,392.603,0.0746667,0.0,0.0,0.0,-3.434,16.618,49.296
545,21.0413,12.1333,190.421,41.3173,11.6867,0.0,613.12,0.0,465.92,2716.67,523.264,3.852,16.4013,50.0373
600,20.9347,12.0,190.432,41.3333,19.5387,0.0,613.803,0.310667,3454.98,16203.8,3347.46,26.83,16.2607,50.0587
615,20.856,12.0,191.531,41.3093,20.9853,0.0,615.403,0.299333,6795.26,38303.1,7110.66,66.9493,16.2367,49.84
630,20.7627,12.1333,191.563,41.28,20.562,0.0,616.725,0.908,8952.83,51347.5,10270.7,112.267,16.286,50.2987
0,20.2,13.0,207.84,31.58,11.72,0.0,0.65,0.0,0.0,0.0,0.0,-3.12,16.07,39.08
15,20.1593,13.0,207.499,31.624,11.524,0.0,0.65,0.0,0.0,0.0,0.0,-2.808,16.04,38.968
30,20.074,13.0,207.36,31.6507,11.622,0.0,0.65,0.088,0.0,0.0,0.0,-2.964,16.016,38.9467
45,19.9773,13.0,207.445,31.6987,11.7847,0.0,0.65,0.127333,0.0,0.0,0.0,-3.02933,15.9427,39.076
100,19.8933,13.0,207.84,31.7707,11.5887,0.0,0.65,0.0,0.0,0.0,0.0,-2.886,15.8627,40.0413
115,19.8127,13.0,207.648,31.912,11.6053,0.0,0.65,0.0,0.0,0.0,0.0,-2.886,15.6847,41.6613
130,19.722,13.5333,207.701,31.98,11.622,0.0,0.65,0.036,0.0,0.0,0.0,-2.964,15.5567,41.4747
145,19.6387,17.0,208.309,32.08,11.6867,0.0,0.65,0.0,0.0,0.0,0.0,-2.886,15.506,41.24
200,19.5613,17.0,208.384,32.2693,11.768,0.0,0.65,0.37,0.0,0.0,0.0,-2.886,15.52,41.5947
215,19.468,17.0,208.512,32.6733,11.524,0.0,0.65,1.32067,0.0,0.0,0.0,-2.886,15.7093,41.2627
230,19.3933,17.0,207.947,32.7653,11.622,0.0,0.65,1.72333,0.0,0.0,0.0,-2.886,15.9513,41.372
245,19.33,17.0,207.616,32.948,11.6867,0.0,0.65,1.84067,0.0,0.0,0.0,-3.12,16.1233,41.936
300,19.298,17.0,208.075,33.2053,11.7847,0.0,0.65,1.88533,0.0,0.0,0.0,-3.12,16.312,41.8093
315,19.2367,17.0,207.904,33.452,11.6053,0.0,0.65,1.64267,0.0,0.0,0.0,-2.964,16.468,42.1773
330,19.19,16.8667,207.733,33.632,11.8493,0.0,0.65,1.71333,0.0,0.0,0.0,-3.12,16.55,43.12
345,19.1447,16.0,206.667,33.8213,11.6867,0.0,0.65,1.53667,0.0,0.0,0.0,-2.964,16.5767,44.1173
400,19.0873,16.0,206.251,34.024,11.866,0.0,0.65,1.866,0.0,0.0,0.0,-2.808,16.5967,44.8533
415,19.0467,16.0,205.771,34.2987,11.6053,0.0,0.65,1.78467,0.0,0.0,0.0,-3.18533,16.628,45.4293
430,19.01,16.0,205.397,34.464,11.768,0.0,0.694,1.92,0.0,0.0,0.0,-2.964,16.7,45.648
445,18.97,16.0,205.173,34.604,11.7033,0.0,0.826,2.106,0.0,0.0,0.0,-3.12,16.7573,46.2827
500,18.9387,16.0,206.133,34.876,11.7033,0.0,5.00133,2.404,0.0,0.0,0.0,-2.73,16.784,46.6693
515,18.9233,16.0,205.963,34.94,11.6867,0.0,98.3613,2.364,0.0,0.0,0.0,-3.042,16.87,47.2533
530,18.8733,16.0,205.803,35.3707,11.6867,0.0,465.813,2.97133,0.0,0.0,0.0,-0.676,16.918,47.8293
545,18.8733,16.0,205.803,35.2373,12.4507,0.0,614.4,2.90933,0.0,150.528,0.0,8.186,17.0033,48.48
600,18.8433,16.0,205.344,35.3893,21.572,0.0,614.4,3.33867,1326.08,2644.99,1512.45,23.0807,17.054,48.3893
615,18.8333,16.0,205.355,35.4587,21.4267,0.0,614.72,2.88533,2609.15,8300.2,3318.78,43.832,17.126,48.6133
630,18.8267,16.0,205.195,35.6453,21.328,0.0,615.403,2.66867,4400.81,12513.6,4917.25,71.8613,17.1873,48.44
645,18.83,16.0,205.557,35.916,21.652,0.0,615.488,2.716,6250.5,10715.8,6745.09,107.357,17.2507,48.8907
700,18.8733,16.0,205.419,36.2547,21.4093,0.0,616.384,3.14933,8177.66,34353.8,11574.6,169.648,17.4233,48.6213
715,18.9073,16.0,205.664,36.6547,28.1307,0.0,618.432,2.904,12942.7,73654.3,21934.8,314.496,17.76,47.824
730,18.9873,16.1333,204.821,36.2013,36.148,0.0,619.328,3.91133,14477.3,78525.8,27209.7,380.48,18.216,47.256
745,19.0667,17.0,205.248,35.336,37.5067,0.0,619.413,3.85333,13809.3,65085.4,30579.4,380.853,18.6733,45.4533
800,19.1613,17.3333,205.877,35.66,34.7547,0.0,618.56,4.50933,11374.3,55615.5,32107.9,338.304,19.0293,46.1173
815,19.328,18.0,205.568,35.7,64.0,0.0,620.651,2.80667,17616.9,88899.6,53403.6,586.859,19.4533,43.9947
830,19.5053,17.8,206.411,34.5787,61.2227,0.0,621.376,2.70667,14778.7,70527.0,44464.1,532.352,20.0453,42.8987
845,19.672,17.2667,206.656,34.2493,61.7247,0.0,621.888,2.258,14821.7,73962.2,49682.4,538.421,20.4813,41.0347
900,19.858,18.0667,206.315,33.9707,78.3413,0.0,622.187,1.64867,15630.3,86917.1,62414.8,662.677,20.9947,38.6947
915,20.054,19.0,206.923,33.4187,75.2027,0.0,622.656,2.20867,15515.6,80270.7,63354.2,685.291,21.64,34.008
930,20.2813,19.0,207.765,33.0453,74.7813,0.0,622.741,1.58933,13981.7,70052.5,59210.4,662.997,22.16,33.7453
945,20.5173,19.0,207.723,32.916,84.5307,0.0,622.955,2.02333,14778.4,71614.5,67698.7,745.301,22.436,34.712
1000,20.7507,19.0,208.213,32.712,90.0853,0.0,622.912,2.37533,15538.9,61030.4,67412.0,765.205,22.768,33.8093
1015,20.976,19.0,208.437,32.644,84.2667,0.0,622.613,2.868,14499.8,50259.3,63473.0,745.28,22.9973,33.36
1030,21.236,19.0,208.597,32.6413,105.621,0.0,622.784,2.72133,13473.8,46776.3,77359.8,892.032,23.2707,32.3573
1045,21.532,19.7333,208.448,32.5333,95.5547,0.0,622.955,2.918,16110.9,34735.4,68810.1,872.981,23.676,31.616
1100,21.8067,20.5333,208.885,32.452,92.776,0.0,622.699,1.81933,22502.7,31214.3,60827.0,840.405,24.052,31.4213
1115,22.0453,21.0,209.397,32.5333,71.5653,0.0,622.357,2.36,25202.7,28068.5,42136.9,625.792,24.3147,30.448
1130,22.228,21.0,208.917,32.48,47.008,0.0,620.437,2.65533,22697.3,24197.8,28119.0,439.296,24.1587,28.3173
1145,22.3933,21.0,208.789,32.4587,39.844,0.0,619.669,2.60733,19828.7,21361.3,23721.3,377.035,23.9373,27.5707
1200,22.5173,20.9333,209.131,32.7253,31.3867,0.0,619.115,3.272,18913.3,19100.3,20010.3,331.904,23.7373,27.2387
1215,22.5813,20.2667,210.571,31.8613,43.62,0.0,618.944,2.628,22461.1,21111.5,23735.6,397.248,23.5813,26.8213
1230,22.7893,20.0,213.259,30.288,57.3947,0.0,619.541,3.60467,26563.9,23223.0,34502.0,533.013,23.56,26.688
1245,22.9827,20.0,212.779,30.3733,80.1653,0.0,620.565,3.59267,29825.7,19357.7,48484.4,691.499,23.68,26.268
1300,23.2027,20.0,211.659,30.212,98.9973,0.0,621.376,3.66267,41178.5,18920.1,54972.4,861.888,24.0653,26.6907
1315,23.3867,20.0,211.115,30.2507,79.2427,0.0,621.077,3.44467,38035.5,20945.6,41754.6,670.571,24.496,26.5
1330,23.572,20.0,209.472,29.8187,95.712,0.0,621.547,4.04067,51590.5,21124.4,44754.3,795.392,24.728,26.436
1345,23.7573,20.9333,210.133,30.0973,81.264,0.0,621.163,3.022,49804.6,19292.8,37187.6,681.109,25.0973,27.0307
1400,23.9333,21.0,209.803,30.124,75.2427,0.0,621.12,3.59933,61150.5,15452.2,36659.2,705.579,25.3453,26.8453
1415,24.112,21.0,209.365,29.5693,92.4827,0.0,621.248,3.53067,82362.4,13508.6,37315.9,802.197,25.6453,27.172
1430,24.2813,21.7333,209.035,29.2373,59.032,0.0,620.565,3.106,49754.1,12613.6,26808.3,511.936,25.916,25.4973
1445,24.428,22.0,208.971,28.972,59.4747,0.0,620.48,2.42267,56262.7,17072.1,29237.2,570.325,25.904,25.424
1500,24.5627,22.0,208.789,28.9733,77.3227,0.0,620.864,3.77533,82990.4,16691.9,28992.9,707.947,25.9653,26.2653
1515,24.704,22.0,208.117,28.452,63.4987,0.0,620.565,4.07733,93121.2,9654.95,20209.0,654.741,26.1787,26.5747
1530,24.8067,22.0,208.789,28.9747,51.752,0.0,619.84,4.53667,90630.8,8293.38,17888.6,608.832,26.2267,25.2147
1545,24.9253,22.0,208.352,28.5107,40.7533,0.0,619.797,3.12,73258.3,8357.89,14957.2,487.872,26.0093,24.3973
1600,24.976,22.0,208.32,28.2693,36.702,0.0,619.2,4.21533,56859.3,11997.9,17092.6,422.571,25.7013,23.8587
1615,25.032,22.0,206.891,27.7787,33.2373,0.0,619.456,3.93133,71057.4,13639.0,17322.7,467.669,25.456,24.072
1630,25.088,22.0,206.763,28.032,20.7413,0.0,619.243,3.64667,75680.4,12427.6,14735.7,423.819,25.2067,23.776
1645,25.084,22.0,206.368,26.7573,21.0673,0.0,618.859,2.75,59450.7,8924.16,12082.5,312.907,24.94,23.972
1700,25.088,21.5333,206.475,27.324,20.9853,0.0,618.475,3.366,50028.5,8536.75,10091.2,241.685,24.6787,24.052
1715,25.036,21.0,205.781,27.1493,21.444,0.0,617.92,3.04867,27089.6,7182.34,8049.32,180.805,24.4173,24.3293
1730,25.0013,20.8667,205.429,26.764,20.9033,0.0,617.195,2.64133,9152.85,5354.5,5404.67,94.6427,24.144,24.4413
1745,24.9493,20.0,206.069,26.1733,21.4733,0.0,616.768,1.444,7734.27,4773.89,5383.17,81.7333,23.9213,24.5493
1800,24.876,20.0,205.92,26.404,21.1487,0.0,616.64,1.88133,4888.58,3318.78,3433.47,52.9293,23.6707,24.5693
1815,24.7987,20.0,205.771,26.4547,21.0833,0.0,616.213,1.784,2422.78,1641.47,1670.14,24.394,23.3613,24.684
1830,24.7013,20.0,205.504,26.1813,11.6867,0.0,616.0,0.848667,688.128,301.056,71.68,7.97667,23.0693,24.924
1845,24.632,20.0,205.824,26.4067,11.426,0.0,404.896,0.65,0.0,0.0,0.0,-2.05333,22.8013,25.2307
1900,24.548,19.8667,206.219,26.6547,11.3113,0.0,77.32,0.982,0.0,0.0,0.0,-3.316,22.5213,25.6973
1915,24.4747,19.0,205.472,27.22,11.622,0.0,5.52867,2.24667,0.0,0.0,0.0,-3.38133,22.248,26.2573
1930,24.392,18.8667,205.067,26.7907,11.524,0.0,0.826,1.234,0.0,0.0,0.0,-3.18533,21.976,26.6067
1945,24.296,18.0,205.685,27.1867,11.5887,0.0,0.65,1.61467,0.0,0.0,0.0,-3.25067,21.7427,27.06
2000,24.2053,18.0,205.024,27.3773,11.4427,0.0,0.694,1.55533,0.0,0.0,0.0,-3.316,21.532,27.524
2015,24.1093,17.4667,204.693,27.7987,11.426,0.0,0.738,2.14933,0.0,0.0,0.0,-3.18533,21.3253,28.0747
2030,24.0093,17.7333,205.045,28.2307,11.6867,0.0,0.694,3.53333,0.0,0.0,0.0,-3.25067,21.1467,28.912
2045,23.9093,18.0,204.021,28.4733,11.5407,0.0,0.65,2.74333,0.0,0.0,0.0,-3.25067,20.684,30.36
2100,23.82,18.0,203.232,28.4733,11.5073,0.0,0.65,2.19333,0.0,0.0,0.0,-3.12,20.5,30.68
2115,23.6973,18.0,203.616,29.0467,11.67,0.0,0.65,2.91267,0.0,0.0,0.0,-3.12,20.484,31.1747
2130,23.5973,17.6667,203.04,29.3893,11.5073,0.0,0.65,2.53667,0.0,0.0,0.0,-3.25067,20.378,32.0453
2145,23.504,17.0,203.413,29.5613,11.426,0.0,0.65,3.22467,0.0,0.0,0.0,-3.12,20.1687,33.356
2200,23.3907,17.0,203.477,29.896,11.4427,0.0,0.65,3.68867,0.0,0.0,0.0,-3.10733,19.7027,34.9533
2215,23.308,17.0,203.083,30.1253,11.6053,0.0,0.65,3.62067,0.0,0.0,0.0,-3.042,19.7033,34.996
2230,23.2053,17.0,202.869,30.292,11.524,0.0,0.65,3.412,0.0,0.0,0.0,-3.12,19.6227,35.3867
2245,23.1067,16.6667,202.475,30.4587,11.524,0.0,0.65,3.55333,0.0,0.0,0.0,-3.18533,19.5147,35.7413
2300,22.988,16.0,202.507,30.5707,11.7033,0.0,0.65,5.09733,0.0,0.0,0.0,-3.17267,19.3587,36.3333
2315,22.88,16.0,202.763,30.7133,11.524,0.0,0.65,4.53933,0.0,0.0,0.0,-2.964,19.2247,36.6973
2330,22.784,16.0,202.645,30.7733,11.622,0.0,0.65,3.39133,0.0,0.0,0.0,-3.042,19.0727,37.3387
2345,22.6573,16.0,202.091,30.88,11.6053,0.0,0.65,4.32333,0.0,0.0,0.0,-3.042,18.9707,37.8173
0,22.536,16.0,202.379,30.9693,11.7033,0.0,0.65,3.84267,0.0,0.0,0.0,-2.886,18.8867,38.12
15,22.452,16.0,202.24,31.0587,11.426,0.0,0.65,3.56133,0.0,0.0,0.0,-3.18533,18.804,38.2453
30,22.3333,16.0,201.877,31.0333,11.7033,0.0,0.65,3.65067,0.0,0.0,0.0,-3.10733,18.73,38.396
45,22.2307,15.8667,201.536,30.9667,11.6053,0.0,0.65,3.47533,0.0,0.0,0.0,-3.10733,18.622,38.5493
100,22.124,15.0,202.496,30.9787,11.6867,0.0,0.65,3.052,0.0,0.0,0.0,-3.02933,18.5233,38.6573
115,22.0307,15.0,201.739,31.0573,11.524,0.0,0.65,3.02067,0.0,0.0,0.0,-3.042,18.4327,38.6627
130,21.9427,15.0,201.845,31.124,11.6053,0.0,0.65,2.654,0.0,0.0,0.0,-2.886,18.3307,38.72
145,21.8547,15.0,202.133,31.1147,11.6867,0.0,0.65,1.86733,0.0,0.0,0.0,-3.02933,18.1927,39.048
200,21.7547,15.0,201.579,31.0853,11.6867,0.0,0.65,1.65733,0.0,0.0,0.0,-3.12,18.108,38.928
215,21.6587,15.0,200.96,30.9973,11.524,0.0,0.65,1.02333,0.0,0.0,0.0,-2.964,18.0667,38.7747
230,21.572,15.0,200.939,31.0973,11.7847,0.0,0.65,1.904,0.0,0.0,0.0,-3.02933,17.9873,39.0667
245,21.488,15.0,201.515,31.2227,11.524,0.0,0.65,1.42533,0.0,0.0,0.0,-3.042,17.8967,39.2787
300,21.4213,15.0,201.685,31.3227,11.5073,0.0,0.65,0.503333,0.0,0.0,0.0,-3.12,17.81,39.528
315,21.3373,15.7333,201.408,31.1693,11.622,0.0,0.65,1.15333,0.0,0.0,0.0,-3.12,17.7033,39.8733
330,21.244,16.0,200.757,31.3213,11.6867,0.0,0.65,1.482,0.0,0.0,0.0,-2.886,17.5947,40.1933
345,21.148,16.0,201.685,31.1053,11.768,0.0,0.65,1.91933,0.0,0.0,0.0,-3.042,17.53,39.824
400,21.0707,15.4667,201.141,31.2147,11.4427,0.0,0.65,1.204,0.0,0.0,0.0,-3.12,17.506,39.6733
415,20.996,15.0,201.045,31.2907,11.6053,0.0,0.65,0.935333,0.0,0.0,0.0,-2.964,17.4613,39.784
430,20.904,15.0,200.437,31.1973,11.6053,0.0,0.65,0.999333,0.0,0.0,0.0,-3.12,17.3667,39.9493
445,20.828,15.0,201.621,31.1907,11.524,0.0,0.87,1.50067,0.0,0.0,0.0,-2.964,17.31,40.3693
500,20.7413,15.0,201.451,31.1347,11.7033,0.0,6.84733,1.41467,0.0,0.0,0.0,-3.042,17.246,40.472
515,20.688,15.0,201.003,31.172,11.7033,0.0,146.309,1.51333,0.0,0.0,0.0,-2.886,17.1847,40.6547
530,20.592,14.8667,201.365,31.1067,11.5073,0.0,606.997,2.28667,0.0,587.776,0.0,1.014,17.1053,41.0
545,20.532,14.0,202.059,31.3053,19.7993,0.0,613.931,1.26267,623.616,3963.9,1505.28,15.06,17.0267,41.0053
600,20.4767,14.0,202.208,31.428,21.1473,0.0,615.403,2.13333,7648.26,42840.7,7254.02,66.652,16.9867,41.44
615,20.4267,14.0,201.557,31.2293,21.0673,0.0,616.896,2.33333,11065.0,58608.3,10865.7,123.301,17.0253,41.5293
630,20.39,14.3333,202.144,31.216,21.2287,0.0,617.536,2.54533,9223.85,48784.7,10857.1,149.024,17.176,41.1827
645,20.3533,15.0,201.333,31.2787,20.9853,0.0,616.299,2.54733,4558.85,21805.1,7081.98,99.4347,17.3053,41.18
700,20.3053,15.0,201.291,31.1987,21.1487,0.0,616.0,2.43933,4752.38,17890.0,6673.41,91.424,17.326,42.3573
715,20.2947,15.0,202.624,31.5613,27.852,0.0,616.853,2.334,10664.6,49848.3,17442.8,261.163,17.3713,41.616
730,20.34,15.0,202.048,31.4987,40.656,0.0,619.541,2.21,15286.6,72435.0,29678.3,427.424,17.7387,39.8947
745,20.38,15.5333,202.283,31.4067,33.86,0.0,619.499,2.54,11066.0,50511.9,25075.0,331.264,18.1693,38.992
800,20.4487,16.0,202.443,31.4213,44.9587,0.0,619.456,2.95267,12396.9,64129.7,34582.5,438.389,18.5067,38.572
815,20.548,16.0,203.104,31.3147,51.6533,0.0,621.12,2.73267,15300.6,89052.5,50214.2,562.965,19.0413,37.7173
830,20.66,16.0,203.2,31.1853,68.8773,0.0,621.76,2.63533,15093.1,89631.4,56511.1,616.619,19.6347,36.948
845,20.8133,16.0,203.605,31.1667,81.7413,0.0,621.888,3.386,15222.8,92367.5,60923.9,659.605,20.1727,36.3427
900,20.9867,16.6667,203.979,31.0933,66.4307,0.0,622.016,3.31133,14054.4,74156.0,52690.3,598.779,20.708,35.6147
915,21.0947,18.0,204.661,31.2067,21.5547,0.0,618.133,2.96067,4458.5,13695.7,9411.58,145.952,20.7107,35.6173
930,21.1733,18.0,204.523,31.4747,57.1087,0.0,618.005,2.138,10206.2,47497.9,39007.6,457.147,20.44,35.704
945,21.3827,18.0,205.141,31.412,97.284,0.0,621.717,2.466,14943.2,73207.8,66324.5,788.928,20.972,35.0053
1000,21.6013,18.9333,204.832,31.1587,105.771,0.0,622.656,2.85467,13300.4,69335.0,71056.0,824.533,21.8613,33.6773
1015,21.8387,19.1333,205.867,31.0067,111.355,0.0,622.784,2.96,13658.8,58996.1,75912.5,868.437,22.2893,33.812
1030,22.0787,20.0,206.325,30.9307,108.568,0.0,622.613,2.828,11889.7,43985.6,72482.8,871.211,22.6587,33.152
1045,22.3,20.0,205.952,30.9467,111.605,0.0,622.485,3.14667,12742.0,34796.9,74948.6,916.224,22.9973,32.7573
1100,22.58,20.0,206.667,30.86,111.163,0.0,622.827,3.35267,11236.7,28984.7,73367.6,951.211,23.416,32.24
1115,22.852,20.0,207.627,30.8053,108.293,0.0,622.571,2.84933,14032.2,22394.2,71322.3,974.805,23.8453,31.528
1130,23.1107,19.8667,207.115,30.7307,89.7867,0.0,622.443,2.686,21256.9,21942.3,54763.5,843.776,24.4627,30.1413
1145,23.3227,19.0,208.16,30.8173,64.3213,0.0,620.821,3.14733,13201.4,15703.0,40919.0,591.413,25.5747,27.6813
1200,23.5213,19.0,207.851,30.8947,110.96,0.0,621.973,3.524,17795.1,17516.5,67990.9,1027.46,29.3933,22.2467
1215,23.7573,19.5333,207.701,30.9413,95.6773,0.0,621.973,3.982,19320.8,17220.9,57212.9,915.221,28.1293,23.7973
1230,23.9027,20.0,207.573,31.0893,84.1707,0.0,621.76,4.19267,19155.6,11258.2,55872.2,886.315,26.6373,25.9347
1245,24.0493,20.7333,208.267,31.1547,98.0253,0.0,621.845,3.178,28743.7,11337.0,53174.3,892.203,26.7107,25.9147
1300,24.3627,21.0,210.059,30.9507,81.6373,0.0,621.291,2.33667,32363.9,11209.0,43935.7,764.213,26.7013,26.1427
1315,24.5613,21.0,210.315,31.0347,95.316,0.0,621.675,3.95267,45481.6,10364.2,50642.9,890.149,27.1947,25.124
1330,24.7613,21.0,210.133,30.9707,64.5293,0.0,621.461,3.028,41386.7,10865.0,35119.1,635.765,27.4333,24.6693
1345,24.864,21.0,210.197,31.044,61.128,0.0,619.84,2.89933,42970.5,15230.3,31552.2,603.936,26.7187,25.0573
1400,25.104,21.0,209.472,30.7667,98.6533,0.0,621.675,2.20733,81002.5,13673.1,42199.7,896.043,26.52,27.5787
1415,25.2813,21.3333,210.155,31.0987,77.7007,0.0,621.675,2.84133,80885.1,9089.02,33067.7,769.952,26.8267,28.284
1430,25.3347,21.4667,209.589,32.3933,83.6227,0.0,621.461,2.40933,77809.0,13317.1,34884.3,741.675,26.9427,28.004
1445,25.4307,21.0,212.907,32.992,42.9253,0.0,620.651,4.29733,45910.7,12161.7,23906.3,411.029,26.9293,27.9827
1500,25.572,20.0,221.653,32.4947,41.6547,0.0,619.029,3.86133,38873.8,9490.09,22085.6,389.525,26.4947,26.9587
1515,25.7733,18.0,234.261,31.0,58.6453,0.0,619.285,3.364,90619.9,7985.15,17801.9,637.803,26.1333,27.9587
1530,25.8573,18.6667,233.365,30.78,41.236,0.0,619.669,4.26267,65233.6,8250.37,13961.9,507.045,26.0493,28.0987
1545,25.872,20.0,223.061,30.2547,22.0267,0.0,618.261,2.86467,12663.5,6608.9,8300.54,137.557,25.7493,27.8013
1600,25.872,20.0,218.251,30.144,25.0873,0.0,617.451,2.46933,23623.7,8214.19,11581.1,236.341,25.3187,28.648
1615,25.888,20.7333,214.741,30.0013,30.6193,0.0,618.603,3.214,86259.0,10844.5,14512.1,519.296,24.9733,29.476
1630,25.86,20.0667,212.864,29.8373,21.4093,0.0,618.56,2.972,81281.0,8006.66,10063.5,412.971,24.66,29.448
1645,25.804,20.0,211.424,29.68,21.41,0.0,618.56,2.87267,79888.4,7798.78,9734.14,358.955,24.34,29.48
1700,25.752,20.0,210.187,29.6227,21.2467,0.0,618.517,2.956,73677.1,7762.94,9089.02,293.467,24.0973,29.584
1715,25.692,20.0,208.597,29.6333,20.8233,0.0,618.005,3.10733,43307.3,6623.23,6945.79,209.349,23.8893,29.628
1730,25.6267,20.0,208.245,29.4613,21.3453,0.0,617.152,1.66933,4695.04,4544.51,3490.82,61.352,23.7173,29.912
1745,25.576,20.0,207.787,29.4707,20.9047,0.0,616.683,1.79867,5512.19,4566.02,3361.79,64.84,23.5893,30.2453
1800,25.504,20.0,207.584,29.52,21.3273,0.0,616.64,2.13,3949.57,3971.07,2537.47,49.3827,23.4587,29.9907
1815,25.4347,20.0,206.923,29.3147,20.8393,0.0,616.299,1.57733,2293.76,2630.66,1684.48,26.0747,23.2933,29.7907
1830,25.3413,20.0,206.592,29.24,16.614,0.0,616.0,1.11,666.624,659.456,143.36,8.56333,23.1,29.9147
1845,25.2747,20.0,207.285,29.3387,11.5887,0.0,603.371,0.496,0.0,0.0,0.0,-0.896667,22.9133,30.252
1900,25.1947,19.6667,206.507,29.488,11.28,0.0,240.904,0.222667,0.0,0.0,0.0,-3.25067,22.728,30.6427
1915,25.112,19.0,206.368,29.5747,11.3113,0.0,17.7373,0.196667,0.0,0.0,0.0,-3.18533,22.5293,30.66
1930,25.024,18.4667,205.749,29.58,11.4427,0.0,1.178,0.0,0.0,0.0,0.0,-3.434,22.296,30.644
1945,24.928,18.0,206.656,29.7133,11.5887,0.0,0.65,0.230667,0.0,0.0,0.0,-3.316,22.1013,31.3667
2000,24.8267,18.0,205.963,29.9307,11.4427,0.0,0.65,0.498,0.0,0.0,0.0,-3.316,21.9227,32.044
2015,24.74,17.6667,205.685,30.0413,11.6867,0.0,0.65,0.0986667,0.0,0.0,0.0,-3.238,21.7533,32.584
2030,24.6387,17.0,206.635,30.1933,11.328,0.0,0.65,0.737333,0.0,0.0,0.0,-3.316,21.5107,33.1507
2045,24.544,17.0,205.76,30.3813,11.6053,0.0,0.65,1.142,0.0,0.0,0.0,-3.18533,21.2773,33.8
2100,24.4533,16.6667,205.589,30.5573,11.426,0.0,0.606667,0.599333,0.0,0.0,0.0,-3.18533,21.0773,34.516
2115,24.3547,16.0,205.877,30.7413,11.524,0.0,0.65,0.300667,0.0,0.0,0.0,-3.042,20.8093,35.3307
2130,24.2293,16.0,205.803,30.9653,11.426,0.0,0.65,1.13333,0.0,0.0,0.0,-3.38133,20.588,35.656
2145,24.1093,16.0,205.312,31.076,11.426,0.0,0.65,1.51533,0.0,0.0,0.0,-3.18533,20.376,36.2613
2200,24.004,16.0,205.696,31.1893,11.6053,0.0,0.65,0.94,0.0,0.0,0.0,-3.12,20.15,36.3693
2215,23.888,16.0,205.259,31.224,11.328,0.0,0.65,0.907333,0.0,0.0,0.0,-3.10733,19.9653,36.4467
2230,23.7667,16.0,205.259,31.276,11.6053,0.0,0.65,0.648,0.0,0.0,0.0,-3.10733,19.7387,36.9707
2245,23.62,16.0,205.877,31.3213,11.7847,0.0,0.65,0.815333,0.0,0.0,0.0,-3.12,19.4593,37.544
2300,23.492,16.0,205.344,31.352,11.6053,0.0,0.65,1.12667,0.0,0.0,0.0,-3.17267,19.2113,37.944
2315,23.3613,16.0,205.728,31.348,11.4427,0.0,0.65,0.758,0.0,0.0,0.0,-2.886,18.994,37.9707
2330,23.2507,16.0,204.629,31.3173,11.622,0.0,0.65,1.27667,0.0,0.0,0.0,-3.16,18.8733,37.1173
2345,23.132,16.0,205.547,31.268,11.6053,0.0,0.65,1.47733,0.0,0.0,0.0,-3.042,18.772,37.1013
0,23.0,16.0,204.064,31.232,11.6867,0.0,0.65,1.50133,0.0,0.0,0.0,-3.12,18.71,37.2027
15,22.8907,16.0,203.669,31.2707,11.524,0.0,0.65,1.58,0.0,0.0,0.0,-3.12,18.6533,37.268
30,22.7827,16.0,204.16,31.204,11.5073,0.0,0.65,1.522,0.0,0.0,0.0,-3.10733,18.5693,37.252
45,22.6693,16.0,203.349,31.1347,11.6867,0.0,0.65,1.112,0.0,0.0,0.0,-3.12,18.4767,37.5253
100,22.5547,15.1333,202.432,31.1147,11.5073,0.0,0.65,1.45533,0.0,0.0,0.0,-3.18533,18.3647,38.04
115,22.452,15.0,199.819,31.1693,11.524,0.0,0.65,1.35333,0.0,0.0,0.0,-3.042,18.256,38.6227
130,22.3333,15.0,200.256,31.232,11.8827,0.0,0.65,1.55,0.0,0.0,0.0,-3.042,18.1413,39.0947
145,22.2253,15.0,199.851,31.188,11.6053,0.0,0.65,0.578667,0.0,0.0,0.0,-3.12,18.03,39.2533
200,22.12,15.0,200.032,31.1427,11.6867,0.0,0.65,0.036,0.0,0.0,0.0,-3.042,17.916,39.3013
215,22.028,15.0,199.861,31.076,11.4427,0.0,0.65,0.0,0.0,0.0,0.0,-2.964,17.7993,39.48
230,21.9187,15.0,199.36,31.032,11.6867,0.0,0.65,0.0,0.0,0.0,0.0,-3.042,17.6653,39.7693
245,21.816,15.0,199.787,31.028,11.6053,0.0,0.65,0.0,0.0,0.0,0.0,-3.12,17.528,40.7333
300,21.7053,15.0,200.064,31.088,11.524,0.0,0.65,0.0,0.0,0.0,0.0,-2.964,17.38,41.296
315,21.5933,15.0,199.968,31.1227,11.6053,0.0,0.65,0.0,0.0,0.0,0.0,-3.12,17.202,41.3973
330,21.4947,15.0,200.939,31.12,11.622,0.0,0.694,0.0,0.0,0.0,0.0,-2.964,17.0587,41.824
345,21.3893,15.0,201.557,31.18,11.6867,0.0,0.65,0.0,0.0,0.0,0.0,-3.042,16.9193,42.008
400,21.2733,15.0,200.629,31.1573,11.866,0.0,0.65,0.0906667,0.0,0.0,0.0,-2.73,16.7807,41.928
415,21.164,15.0,201.589,31.148,11.4427,0.0,0.65,0.821333,0.0,0.0,0.0,-2.964,16.6867,41.856
430,21.048,14.4667,200.928,31.1533,11.6867,0.0,0.65,1.15067,0.0,0.0,0.0,-2.964,16.5607,41.904
445,20.9387,14.0,200.661,31.208,11.6053,0.0,1.266,0.816,0.0,0.0,0.0,-2.964,16.4467,41.9307
500,20.8507,14.0,201.291,31.192,11.524,0.0,19.8027,0.589333,0.0,0.0,0.0,-2.808,16.36,41.8613
515,20.7307,14.0,201.44,31.1947,11.6867,0.0,301.101,0.892667,0.0,0.0,0.0,-2.808,16.2553,42.16
530,20.6307,14.0,200.939,31.1333,14.0113,0.0,613.248,0.684667,946.176,6020.78,809.984,3.64467,16.142,42.6187
545,20.544,14.0,201.877,31.232,21.246,0.0,614.315,0.778667,5497.86,33308.7,4637.7,30.1733,16.03,43.0693
600,20.458,14.0,201.397,31.272,21.2293,0.0,615.659,1.89267,8135.68,48207.2,7053.31,68.1867,16.0173,42.4853
615,20.38,14.0,201.216,31.2027,21.166,0.0,616.555,1.97333,10206.5,58075.8,9146.37,113.328,16.06,42.3067
630,20.3267,14.0,200.928,31.3533,21.4087,0.0,617.536,1.70267,10957.5,64845.1,10936.3,162.085,16.1673,42.1173
645,20.294,14.0,201.152,31.256,21.0667,0.0,618.219,1.42933,11344.6,69836.8,12999.3,212.971,16.332,41.272
700,20.266,14.0,202.272,31.332,21.426,0.0,619.157,1.554,11681.1,75183.4,16039.9,266.144,16.5647,40.356
715,20.2507,14.0,202.592,31.3307,28.9933,0.0,619.499,1.99933,11868.2,79200.3,20230.8,318.944,16.8587,39.716
730,20.298,15.4667,202.325,31.5387,33.956,0.0,620.139,2.156,12083.2,81816.2,25717.4,371.221,17.194,39.244
745,20.3667,16.0,202.539,31.5173,41.596,0.0,620.693,1.84333,12262.7,83550.2,31991.1,424.491,17.618,38.7067
800,20.444,16.4,203.136,31.404,46.0627,0.0,621.291,1.53867,12498.3,84437.7,39024.0,477.013,18.128,38.064
815,20.5613,16.9333,203.157,31.3693,51.488,0.0,621.76,2.318,12771.3,85033.0,45148.8,525.525,18.6453,37.5307
830,20.6733,17.0,203.232,31.3013,51.656,0.0,621.76,2.264,12998.7,84443.1,50356.2,573.781,19.1653,37.016
845,20.8507,17.9333,203.296,31.3333,61.8213,0.0,621.803,2.51667,12899.7,86398.3,54542.3,619.669,19.6687,36.428
900,21.044,18.1333,204.021,31.344,81.5627,0.0,622.229,2.01533,12485.3,86529.4,58747.6,663.296,20.4013,35.652
915,21.2693,19.0,203.861,31.26,81.76,0.0,622.485,2.87267,11953.5,84508.7,61740.4,703.744,21.1467,34.9107
930,21.4907,19.0,204.949,31.1947,81.664,0.0,622.4,3.14667,11580.8,80106.8,64806.9,745.6,21.6707,34.512
945,21.752,19.0,205.515,31.152,81.8427,0.0,622.571,3.05467,11343.9,73083.6,66595.5,779.52,22.1693,34.2333
1000,22.0067,19.3333,205.205,31.072,81.7413,0.0,622.997,3.136,11823.8,64921.6,67988.1,812.971,22.7333,33.7067
1015,22.2867,20.0,205.835,31.024,93.6387,0.0,622.997,3.19867,13358.4,52050.6,65559.2,825.877,23.24,33.2573
1030,22.5333,20.0,206.176,31.04,75.728,0.0,621.888,3.288,9560.75,37694.8,48772.4,709.419,23.6147,32.8053
1045,22.7413,20.0,206.837,31.0813,88.6973,0.0,621.632,3.066,8937.81,33044.5,58613.8,810.507,23.8227,32.9067
1100,23.02,20.0,206.549,31.04,91.0107,0.0,622.315,3.19467,9046.02,25678.5,62470.8,882.368,24.22,32.4667
1115,23.272,20.9333,207.2,31.0267,81.664,0.0,622.4,3.34933,8279.04,18167.8,66388.0,922.624,24.74,31.7053
1130,23.5453,21.0,207.04,30.9893,81.5813,0.0,622.827,3.46533,7942.14,15530.0,65241.1,934.741,25.2427,31.432
1145,23.824,21.0,206.773,30.8893,81.3413,0.0,622.4,3.306,7963.65,13331.1,62611.5,938.965,25.6173,31.148
1200,24.0933,21.1333,207.531,30.836,81.4027,0.0,622.4,3.93067,9461.76,10922.7,60254.9,941.099,26.104,30.5493
1215,24.3773,22.0,206.859,30.7373,81.4827,0.0,622.443,3.66867,12240.2,9856.0,57578.8,938.112,26.6947,29.964
1230,24.608,22.1333,206.624,30.6707,81.2,0.0,622.101,4.53333,16785.4,9468.93,55080.3,936.491,26.688,29.26
1245,24.8813,23.0,206.741,30.672,81.664,0.0,622.144,3.42733,24306.3,8615.94,52401.5,927.659,26.88,30.0467
1300,25.116,22.8,207.275,30.812,81.344,0.0,622.4,3.24267,33833.0,8257.54,49152.0,918.357,27.2973,30.1467
1315,25.3507,22.0,207.445,30.8053,81.0213,0.0,622.144,3.756,45483.3,8515.58,46478.7,917.675,27.6667,27.0347
1330,25.5533,22.0,208.64,31.112,81.2427,0.0,621.973,3.94333,56265.4,8479.74,42213.4,885.803,28.3333,25.496
1345,25.752,22.0,208.523,31.1973,71.6907,0.0,621.504,3.57733,61635.2,8522.75,34564.1,774.464,29.0653,25.272
1400,25.9587,22.2,207.477,31.0707,77.9653,0.0,621.163,5.254,73450.8,8601.6,32951.0,809.237,28.776,25.256
1415,26.108,23.0,208.0,31.2653,80.9227,0.0,620.736,4.82667,83817.8,7483.39,31115.9,796.672,28.2827,26.752
1430,26.26,23.0,208.053,31.2613,80.9413,0.0,620.48,4.57067,89483.9,7325.7,26434.2,765.312,28.1893,27.7373
1445,26.4,22.0,210.219,31.4627,80.9227,0.0,620.48,5.354,91411.8,7268.35,22917.1,729.344,28.3173,28.6107
1500,26.5333,22.0,211.04,31.5973,69.5147,0.0,620.139,4.49533,77043.0,6981.63,18796.9,628.661,28.156,29.04
1515,26.6587,22.0,208.981,31.6667,46.196,0.0,619.328,4.77533,76630.0,6006.78,14370.5,535.296,27.8333,29.0227
1530,26.736,22.0,208.768,31.5307,47.222,0.0,619.925,4.16333,84826.8,7583.74,15760.4,605.44,27.548,29.3627
1545,26.8133,22.0,208.235,31.2747,46.9653,0.0,619.968,3.926,85284.2,7727.1,17201.2,552.725,27.2747,29.5213
1600,26.884,22.0,207.904,31.252,40.9507,0.0,619.84,3.83067,88408.1,7784.45,14591.3,540.736,26.9933,29.9387
1615,26.92,22.0,207.68,31.244,23.1833,0.0,619.456,3.37667,66625.5,6071.3,9265.83,383.299,26.7133,30.1067
1630,26.88,22.0,206.027,31.1987,21.1493,0.0,618.603,3.73133,48877.6,5899.26,7446.87,286.141,26.3387,31.4573
1645,26.8307,22.0,205.621,31.38,21.0833,0.0,617.621,3.646,36453.7,3863.55,5755.9,177.536,25.92,32.2933
1700,26.8067,22.0,205.195,31.5627,21.0027,0.0,618.304,3.532,74981.4,7626.75,9081.86,303.061,25.6307,32.5427
1715,26.772,22.0,205.099,31.6827,21.1833,0.0,618.176,3.12067,37702.7,5426.18,5662.72,215.121,25.4027,32.744
1730,26.6973,22.0,204.352,31.8253,20.822,0.0,616.896,2.56733,3146.75,1483.78,1641.47,33.4573,25.1907,33.0747
1745,26.6347,22.0,203.957,31.9587,20.7253,0.0,616.64,3.014,2372.61,2530.3,2171.9,32.012,24.936,33.5293
1800,26.56,22.0,204.224,32.0213,21.084,0.0,616.469,2.22333,1584.13,1261.57,989.184,24.3,24.7187,33.9253
1815,26.4653,22.0,204.064,32.16,20.562,0.0,616.299,1.90267,831.488,781.312,530.432,15.4793,24.54,34.4653
1830,26.404,22.0,203.925,32.332,18.7433,0.0,616.043,1.95733,0.0,0.0,0.0,6.88467,24.3507,34.8133
1845,26.3107,22.0,203.669,32.4227,11.2467,0.0,616.0,2.39467,0.0,0.0,0.0,1.15733,24.1373,35.0707
1900,26.2173,21.0667,203.627,32.484,11.23,0.0,337.307,2.808,0.0,0.0,0.0,-3.16,23.9187,35.14
1915,26.1373,21.0,204.235,32.492,11.1653,0.0,17.824,2.06533,0.0,0.0,0.0,-3.44667,23.7387,35.14
1930,26.052,20.6667,203.413,32.528,11.622,0.0,1.266,2.11733,0.0,0.0,0.0,-3.25067,23.552,35.2507
1945,25.9627,20.2,203.584,32.556,11.23,0.0,0.65,1.734,0.0,0.0,0.0,-3.57733,23.372,35.5507
2000,25.856,20.0,204.139,32.628,11.4093,0.0,0.694,2.43667,0.0,0.0,0.0,-3.38133,23.176,36.2
2015,25.7613,20.0,203.819,32.724,11.426,0.0,0.65,2.32267,0.0,0.0,0.0,-3.38133,23.02,36.7587
2030,25.6733,20.0,203.573,32.84,11.426,0.0,0.65,1.71667,0.0,0.0,0.0,-3.38133,22.88,37.1387
2045,25.588,20.0,203.808,32.904,11.328,0.0,0.65,2.234,0.0,0.0,0.0,-3.38133,22.7467,37.32
2100,25.4813,19.4667,203.541,32.972,11.5887,0.0,0.65,1.58067,0.0,0.0,0.0,-3.25067,22.604,37.6027
2115,25.3853,19.0,203.424,33.096,11.328,0.0,0.65,1.60133,0.0,0.0,0.0,-3.316,22.4293,37.9867
2130,25.288,19.0,203.776,33.076,11.328,0.0,0.694,2.428,0.0,0.0,0.0,-3.18533,22.276,38.4507
2145,25.1893,19.0,203.147,33.1067,11.3447,0.0,0.65,1.52133,0.0,0.0,0.0,-3.25067,22.144,38.7667
2200,25.1107,19.0,202.773,33.184,11.67,0.0,0.65,2.17,0.0,0.0,0.0,-3.316,22.0147,39.168
2215,25.0093,19.0,202.688,33.1307,11.4427,0.0,0.65,2.23067,0.0,0.0,0.0,-3.18533,21.8787,39.792
2230,24.9027,19.0,202.923,33.26,11.23,0.0,0.65,2.76267,0.0,0.0,0.0,-3.12,21.7667,40.3213
2245,24.8013,19.0,202.805,33.2293,11.524,0.0,0.65,2.42733,0.0,0.0,0.0,-3.18533,21.6573,40.8907
2300,24.712,18.9333,202.805,33.404,11.4093,0.0,0.65,2.61267,0.0,0.0,0.0,-3.18533,21.568,41.4773
2315,24.6267,18.0667,202.773,33.48,11.23,0.0,0.694,1.90867,0.0,0.0,0.0,-3.25067,21.4453,42.04
2330,24.5213,18.0,202.176,33.2733,11.524,0.0,0.65,1.516,0.0,0.0,0.0,-3.25067,21.3347,42.336
2345,24.448,18.0,202.261,33.38,11.524,0.0,0.65,1.13733,0.0,0.0,0.0,-3.12,21.248,42.648
0,24.3587,18.0,202.56,33.3133,11.5073,0.0,0.65,1.80333,0.0,0.0,0.0,-3.25067,21.1747,42.9547
15,24.2613,18.0,202.101,33.332,11.6867,0.0,0.65,1.47133,0.0,0.0,0.0,-3.44667,21.1,43.512
30,24.1773,18.0,201.941,33.3773,11.5073,0.0,0.65,1.82867,0.0,0.0,0.0,-3.18533,21.012,43.736
45,24.0907,18.0,202.411,33.2947,11.622,0.0,0.65,1.68267,0.0,0.0,0.0,-3.238,20.928,44.008
100,24.012,18.0,202.528,33.6693,11.426,0.0,0.65,1.29867,0.0,0.0,0.0,-3.25067,20.832,44.304
115,23.9307,18.0,202.187,33.6173,11.7033,0.0,0.65,0.716,0.0,0.0,0.0,-3.10733,20.7107,44.4213
130,23.8493,17.8667,201.835,33.456,11.4427,0.0,0.65,0.851333,0.0,0.0,0.0,-3.18533,20.6173,44.6907
145,23.7787,17.0,201.653,33.7333,11.3447,0.0,0.65,0.483333,0.0,0.0,0.0,-3.12,20.5187,45.1547
200,23.6813,17.0,202.048,33.6747,11.524,0.0,0.65,0.234667,0.0,0.0,0.0,-3.042,20.3947,45.656
215,23.6,17.0,201.739,33.4747,11.4093,0.0,0.65,0.627333,0.0,0.0,0.0,-3.25067,20.2647,45.8827
230,23.524,17.0,201.803,33.4387,11.4427,0.0,0.65,0.0853333,0.0,0.0,0.0,-3.10733,20.1447,46.12
245,23.4253,17.0,201.536,33.4587,11.524,0.0,0.65,0.126667,0.0,0.0,0.0,-3.316,20.02,46.4667
300,23.3613,17.0,202.443,33.4453,11.4427,0.0,0.65,0.072,0.0,0.0,0.0,-3.042,19.9167,46.7307
315,23.288,17.0,201.856,33.324,11.6053,0.0,0.65,0.118667,0.0,0.0,0.0,-3.12,19.82,46.68
330,23.2,17.0,201.771,32.9267,11.5073,0.0,0.65,0.479333,0.0,0.0,0.0,-3.12,19.7193,46.9333
345,23.1027,17.0,202.123,32.5493,11.4427,0.0,0.65,0.493333,0.0,0.0,0.0,-3.12,19.6467,47.304
400,23.0,17.0,201.984,32.4933,11.7033,0.0,0.65,0.656667,0.0,0.0,0.0,-3.10733,19.5413,47.5787
415,22.9173,17.0,202.005,32.264,11.524,0.0,0.65,1.41333,0.0,0.0,0.0,-3.10733,19.456,47.816
430,22.828,16.6667,202.784,32.288,11.6867,0.0,0.694,1.11933,0.0,0.0,0.0,-3.18533,19.368,48.0267
445,22.7493,16.0,202.709,32.924,11.3613,0.0,2.454,0.265333,0.0,0.0,0.0,-3.10733,19.264,48.3467
500,22.6787,16.0,202.123,33.0613,11.6053,0.0,35.0813,0.07,0.0,0.0,0.0,-3.01667,19.134,48.6773
515,22.5747,16.0,202.379,32.78,11.6053,0.0,457.499,0.181333,0.0,437.248,0.0,-1.18267,18.9727,49.3493
530,22.5,16.0,202.763,32.664,15.8973,0.0,614.592,0.124667,2336.77,11903.0,2544.64,16.8313,18.8667,49.2827
545,22.436,16.0,202.859,33.2533,21.002,0.0,616.0,0.0,7117.82,35965.6,6458.37,50.7853,18.8067,49.304
600,22.3667,16.0,202.891,33.2987,20.9853,0.0,617.152,0.707333,9833.81,49285.8,8529.92,92.4907,18.8,49.1333
615,22.316,16.0,203.051,33.872,20.9047,0.0,617.877,0.684,11316.6,52626.8,10062.5,134.816,18.8113,49.3147
630,22.288,16.0,203.68,34.1333,21.002,0.0,618.389,1.16333,11474.3,56169.8,10964.3,168.069,18.9047,49.6133
645,22.28,16.9333,203.509,34.352,20.724,0.0,619.115,1.212,12069.2,61311.7,12398.9,206.4,19.04,49.0667
700,22.284,17.0,203.392,33.9373,27.8233,0.0,619.627,1.91533,14247.3,76761.8,16949.2,298.315,19.2467,47.5867
715,22.292,17.0,203.467,33.5773,33.3533,0.0,620.523,1.576,14405.6,80412.7,20483.4,350.293,19.5127,45.976
730,22.332,17.0,204.139,33.6693,41.32,0.0,621.12,2.24667,13910.7,83165.2,25668.3,395.776,19.8053,44.7733
745,22.3667,17.5333,204.683,33.2187,41.4347,0.0,621.12,2.42467,13135.9,82504.4,31094.1,429.483,20.1833,44.0267
800,22.4173,18.0,205.568,33.0307,48.752,0.0,621.205,2.426,12950.9,81802.6,37176.7,473.429,20.6173,43.3013
815,22.588,18.0,207.776,33.624,51.5733,0.0,621.76,2.22533,13187.1,82264.1,43130.9,520.256,21.0867,42.528
830,22.748,18.1333,209.429,33.5773,51.816,0.0,622.357,1.978,13264.9,81764.4,48098.0,566.293,21.544,41.9067
845,22.9147,19.0,209.184,33.5747,73.3173,0.0,622.4,2.21333,13122.9,83957.1,52254.0,610.816,22.0027,41.3227
900,23.1027,19.0,209.653,33.6747,81.5013,0.0,622.656,2.21,12799.3,84120.9,56363.7,654.293,22.524,40.5867
915,23.3173,19.0,208.939,34.0227,81.6613,0.0,622.997,2.672,12526.9,82509.8,59596.8,698.368,23.0507,39.9253
930,23.54,19.0,209.088,34.0187,81.4027,0.0,622.699,3.44933,12133.0,78564.0,62581.4,743.936,23.4653,39.6587
945,23.776,19.7333,208.416,34.28,81.76,0.0,622.741,3.55867,11350.7,71273.1,63791.1,765.184,23.8227,39.4293
1000,24.008,20.5333,208.384,34.1693,81.4827,0.0,622.4,4.062,10965.0,63346.0,64957.1,793.173,24.168,39.1227
1015,24.2653,21.0,207.947,34.176,81.4827,0.0,622.4,3.374,10786.1,50973.4,66134.0,816.256,24.504,38.6867
1030,24.508,21.0,207.851,33.9067,81.0213,0.0,622.613,3.28533,9942.02,38976.2,65426.8,828.587,24.8907,38.644
1045,24.72,21.0,208.384,33.8013,87.0347,0.0,622.485,3.48667,9698.3,28708.9,62226.4,828.971,25.3653,38.1107
1100,24.9213,21.0,217.792,33.8173,81.2613,0.0,622.528,3.66267,9003.01,21048.7,59334.7,815.744,25.796,37.5787
1115,25.2253,21.9333,230.229,34.2213,96.752,0.0,622.4,4.40133,8780.8,17063.9,61169.7,857.579,26.1187,36.7133
1130,25.5533,22.0,230.816,33.8,91.2187,0.0,622.827,3.24933,9246.72,15228.9,62772.6,919.296,26.5013,36.592
1145,25.824,22.0,227.232,33.7227,96.832,0.0,622.955,4.468,9597.95,13724.3,61194.2,923.008,26.9413,35.1573
1200,26.0747,22.9333,224.373,33.592,102.627,0.0,622.485,3.80533,11696.1,11272.2,59293.7,918.571,27.3387,34.8347
1215,26.316,23.5333,220.608,33.5,92.92,0.0,622.869,3.79333,16032.4,10435.2,55203.2,890.411,27.8587,34.1107
1230,26.5333,24.0,217.259,33.4613,85.04,0.0,622.229,3.49667,18832.7,9833.47,46616.6,787.819,28.016,33.6627
1245,26.7733,24.5333,216.928,33.3893,90.912,0.0,622.699,3.08,25034.8,9267.88,47363.4,837.717,28.352,33.6867
1300,26.984,24.6667,216.608,33.3827,86.8747,0.0,622.443,4.10267,32104.4,8400.9,44722.9,810.795,28.6973,32.9867
1315,27.2307,24.0,213.653,33.2347,94.664,0.0,622.4,3.30067,42972.5,8494.08,44466.2,864.939,28.9187,31.9133
1330,27.4253,24.2,212.96,33.1693,74.184,0.0,622.059,3.49267,43950.1,7913.47,34484.2,702.549,29.1827,31.976
1345,27.5853,24.9333,212.427,33.1827,67.5387,0.0,621.632,3.49267,53141.5,8386.56,33095.7,673.792,29.312,30.9107
1400,27.7453,25.0,210.923,32.896,71.68,0.0,621.163,4.106,66560.0,8601.6,32469.0,731.243,29.264,30.0827
1415,27.932,25.5333,210.133,32.808,74.3173,0.0,621.76,4.17733,72788.7,8601.6,28650.2,709.867,29.4013,30.3827
1430,28.0947,26.0,210.229,32.5973,80.3227,0.0,621.845,3.62667,87952.0,9712.64,28999.7,783.189,29.592,30.1627
1445,28.2813,26.0,208.864,32.156,65.7093,0.0,621.931,3.48467,77957.8,8881.15,25304.4,658.347,29.76,29.4173
1500,28.4227,26.0,210.08,32.284,67.5147,0.0,621.248,3.34933,77548.2,8680.45,21242.5,617.472,29.8707,30.0093
1515,28.5227,26.0,209.493,32.0453,59.0187,0.0,621.12,3.80133,89492.1,9038.85,19087.4,661.568,29.848,28.936
1530,28.6453,26.0,209.077,31.7827,50.7067,0.0,621.12,3.718,89079.8,8587.26,16205.1,621.568,29.7707,28.288
1545,28.7573,26.0,208.608,31.3387,44.616,0.0,620.821,3.168,82242.9,8257.54,14275.9,540.821,29.472,27.224
1600,28.8373,26.0,206.997,31.2413,40.7173,0.0,620.565,3.572,86362.8,9898.67,14384.5,535.808,29.168,27.6907
1615,28.884,26.0,207.189,30.9787,24.9433,0.0,620.608,2.858,80614.7,9576.11,12770.3,456.64,28.9787,27.5867
1630,28.908,26.0,207.136,30.8773,20.8393,0.0,620.48,1.744,81188.2,9046.02,12597.9,420.779,28.8253,27.952
1645,28.924,26.0,207.328,30.7427,20.8393,0.0,620.48,2.34133,78566.7,8752.13,12313.3,366.101,28.5787,27.7253
1700,28.916,25.6667,206.197,30.2507,21.0033,0.0,620.139,2.22533,69263.4,8343.55,10585.8,285.739,28.356,27.8547
1715,28.868,25.0,205.365,30.34,20.7407,0.0,619.499,2.80333,36019.2,5877.76,7425.02,190.267,28.1107,27.6533
1730,28.8173,25.0,205.152,30.1493,21.084,0.0,618.219,2.82267,7533.57,2874.37,4057.09,59.656,27.8507,27.8787
1745,28.748,25.0,204.992,29.9947,20.9047,0.0,617.92,2.538,7985.15,4114.43,5304.32,75.048,27.5947,28.2453
1800,28.6747,24.8667,204.555,30.0987,20.8233,0.0,617.707,2.80733,4594.69,2953.22,3770.37,43.348,27.4053,28.6773
1815,28.632,24.8,204.213,30.2667,20.84,0.0,617.28,2.716,3505.15,2279.42,2996.22,28.6507,27.2093,29.0507
1830,28.5493,24.0,204.416,30.352,20.904,0.0,617.28,2.734,2666.5,1720.32,1870.85,18.5367,27.0027,29.4493
1845,28.4747,24.0,204.885,30.4,11.1487,0.0,617.067,2.31133,551.936,71.68,150.528,2.76,26.7787,29.8387
1900,28.4173,23.0667,205.216,30.5373,11.23,0.0,312.605,2.89467,0.0,0.0,0.0,-3.57733,26.5613,30.3467
1915,28.332,23.0,204.299,30.728,11.328,0.0,15.892,2.474,0.0,0.0,0.0,-3.512,26.3427,30.796
1930,28.24,23.0,204.085,30.8693,11.034,0.0,1.354,2.02867,0.0,0.0,0.0,-3.512,26.1133,31.2267
1945,28.1507,23.0,203.787,30.9707,11.1153,0.0,0.65,1.67133,0.0,0.0,0.0,-3.44667,25.8973,31.652
2000,28.072,23.0,204.245,31.0813,11.3447,0.0,0.65,2.16667,0.0,0.0,0.0,-3.512,25.7053,32.0827
2015,27.9693,22.2667,204.747,31.192,11.4427,0.0,0.65,1.672,0.0,0.0,0.0,-3.512,25.5053,32.5387
2030,27.868,22.0,204.907,31.3053,11.426,0.0,0.65,1.80933,0.0,0.0,0.0,-3.512,25.264,33.1867
2045,27.776,22.0,205.013,31.424,11.3113,0.0,0.65,1.69667,0.0,0.0,0.0,-3.64267,25.0813,33.6373
2100,27.6733,22.0,204.661,31.5533,10.9527,0.0,0.65,1.662,0.0,0.0,0.0,-3.64267,24.8907,34.22
2115,27.58,22.0,204.629,31.7,11.2467,0.0,0.65,1.63067,0.0,0.0,0.0,-3.38133,24.688,34.9387
2130,27.492,22.0,204.747,31.8813,11.1487,0.0,0.65,1.642,0.0,0.0,0.0,-3.44667,24.5227,35.48
2145,27.3987,22.0,204.021,32.0947,11.7033,0.0,0.65,1.484,0.0,0.0,0.0,-3.316,24.384,35.884
2200,27.2987,21.6667,203.797,32.2573,11.034,0.0,0.65,1.54333,0.0,0.0,0.0,-3.708,24.2293,36.312
2215,27.224,21.0,203.851,32.3853,11.034,0.0,0.65,0.755333,0.0,0.0,0.0,-3.512,24.0707,36.672
2230,27.1213,21.0,203.776,32.512,11.2467,0.0,0.65,1.05867,0.0,0.0,0.0,-3.25067,23.912,37.1573
2245,27.016,21.0,203.104,32.612,11.2133,0.0,0.65,1.41667,0.0,0.0,0.0,-3.38133,23.7587,37.492
2300,26.916,20.2667,203.424,32.7253,11.3113,0.0,0.65,1.432,0.0,0.0,0.0,-3.25067,23.576,37.8093
2315,26.7947,20.0,203.755,32.7747,11.23,0.0,0.65,1.53,0.0,0.0,0.0,-3.25067,23.428,38.2533
2330,26.7013,20.0,203.627,32.8853,11.426,0.0,0.65,1.80533,0.0,0.0,0.0,-3.18533,23.232,38.9933
2345,26.576,20.0,203.712,32.912,11.426,0.0,0.65,2.138,0.0,0.0,0.0,-3.316,23.0347,39.5333
0,26.4507,20.0,203.211,33.06,11.4093,0.0,0.65,1.75267,0.0,0.0,0.0,-3.38133,22.8653,39.9707
15,26.352,19.2,203.179,33.088,11.1487,0.0,0.65,1.28133,0.0,0.0,0.0,-3.316,22.66,40.592
30,26.2387,19.0,203.253,33.192,11.426,0.0,0.65,0.802,0.0,0.0,0.0,-3.18533,22.416,41.2493
45,26.14,19.0,203.232,33.156,11.4093,0.0,0.65,0.524667,0.0,0.0,0.0,-3.18533,22.216,41.5867
100,26.052,18.4667,202.848,33.0093,11.23,0.0,0.65,0.674667,0.0,0.0,0.0,-3.12,22.0493,41.6587
115,25.9413,18.0,202.944,32.9453,11.328,0.0,0.65,1.086,0.0,0.0,0.0,-3.12,21.896,41.824
130,25.8253,18.0,202.955,33.1227,11.5887,0.0,0.65,1.21667,0.0,0.0,0.0,-3.25067,21.7267,42.4907
145,25.6933,18.0,203.093,33.136,11.328,0.0,0.65,0.900667,0.0,0.0,0.0,-3.12,21.508,43.0347
200,25.588,17.9333,203.595,33.004,11.2467,0.0,0.65,1.08267,0.0,0.0,0.0,-3.12,21.34,43.1333
215,25.4813,17.2667,203.029,32.8147,11.524,0.0,0.65,1.14333,0.0,0.0,0.0,-3.38133,21.1933,43.3387
230,25.352,17.0,203.723,32.672,11.7033,0.0,0.65,1.25133,0.0,0.0,0.0,-3.12,21.048,43.488
245,25.228,17.0,202.912,32.5787,11.23,0.0,0.65,0.708,0.0,0.0,0.0,-3.18533,20.8987,43.64
300,25.112,16.6667,202.987,32.7853,11.426,0.0,0.65,1.22667,0.0,0.0,0.0,-3.12,20.7547,43.976
315,25.0053,16.0,202.784,32.6867,11.3447,0.0,0.65,1.10133,0.0,0.0,0.0,-3.18533,20.5987,44.0293
330,24.876,16.0,203.157,32.5893,11.5073,0.0,0.65,0.578667,0.0,0.0,0.0,-3.18533,20.5027,44.1093
345,24.744,16.0,202.571,32.2813,11.2467,0.0,0.65,0.775333,0.0,0.0,0.0,-3.10733,20.2993,45.3493
400,24.628,16.0,203.381,32.1027,11.3113,0.0,0.65,0.789333,0.0,0.0,0.0,-3.042,19.9753,46.048
415,24.5027,16.0,204.533,32.228,11.524,0.0,0.65,0.358,0.0,0.0,0.0,-3.18533,19.7587,46.104
430,24.3827,16.0,206.144,32.0053,11.5073,0.0,0.65,2.21867,0.0,0.0,0.0,-3.18533,19.622,45.824
445,24.2227,16.0,205.984,31.9987,11.2467,0.0,1.618,1.93933,0.0,0.0,0.0,-2.964,19.5233,46.4853
500,24.1027,15.7333,205.675,32.0507,11.7033,0.0,28.7573,1.622,0.0,0.0,0.0,-3.12,19.456,47.6907
515,23.9787,15.1333,204.512,32.0373,11.4427,0.0,360.576,1.17333,0.0,0.0,0.0,-2.73,19.4033,48.592
530,23.872,15.0,203.371,32.1147,12.71,0.0,614.101,0.948,430.08,4192.6,501.76,5.63533,19.2907,49.4053
545,23.768,15.0,204.011,32.108,20.9207,0.0,615.381,1.08,5583.87,33166.7,5311.49,37.6867,19.2067,49.8213
600,23.656,15.0,203.936,31.972,20.904,0.0,615.957,1.73933,4350.98,24394.4,5132.29,51.604,19.1667,50.2347
615,23.5547,15.0,203.659,32.1307,21.166,0.0,615.744,1.07267,4178.94,21429.6,5698.56,66.8053,19.12,51.0027
630,23.464,14.6667,203.584,32.1453,20.9213,0.0,615.445,0.806667,1849.34,7046.14,4150.27,43.92,19.092,52.0213
645,23.396,14.5333,204.096,32.3307,20.986,0.0,615.36,0.400667,2379.78,9210.2,5361.66,56.5387,19.04,53.1173
700,23.344,14.8667,203.84,32.368,21.1653,0.0,616.981,0.352667,8006.66,46511.4,13408.9,183.163,18.9967,53.584
715,23.332,14.0,203.925,32.484,31.1107,0.0,619.285,1.13733,12619.1,79790.1,22694.6,327.019,19.112,52.9733
730,23.324,14.3333,203.936,32.6747,41.3373,0.0,619.883,2.22667,13129.0,83083.3,28426.2,384.384,19.3607,51.7707
745,23.336,15.0,204.043,32.62,46.4053,0.0,620.48,2.164,13566.6,84882.8,35044.0,439.019,19.6387,50.0
800,23.352,15.0,204.533,32.4,51.7333,0.0,620.907,2.69,13762.6,86147.1,41459.7,491.861,19.9607,48.9333
815,23.38,16.4667,204.245,32.3987,51.4027,0.0,621.077,2.832,13896.4,85819.4,46585.2,535.424,20.2827,47.4933
830,23.48,17.8667,203.509,32.508,76.7413,0.0,621.12,2.83733,14412.5,85377.0,51789.8,583.765,20.6253,46.792
845,23.564,18.0,203.445,32.4547,81.2453,0.0,621.12,3.14867,14318.9,87173.8,55446.2,629.483,20.9173,46.6987
900,23.68,18.5333,203.979,32.556,81.1013,0.0,621.291,3.158,13967.4,86824.3,58613.8,674.133,21.172,46.3227
915,23.8307,19.0,203.883,32.5813,81.0213,0.0,621.419,3.09,13531.1,85134.0,60153.9,718.379,21.492,45.8747
930,23.9627,19.0,204.555,32.5933,81.344,0.0,621.248,3.34467,13487.4,79571.6,61737.6,757.461,21.6613,46.112
945,24.1,19.0,204.576,32.592,81.3413,0.0,621.12,3.42533,12978.2,72624.8,63143.9,793.728,21.8067,45.6053
1000,24.2653,19.0,204.715,32.592,81.2613,0.0,621.291,3.51,11989.7,63690.1,63326.9,804.693,21.972,45.016
1015,24.448,19.0,205.013,32.5853,91.0427,0.0,621.589,3.35933,11489.3,52961.3,66046.6,847.061,22.2147,44.5147
1030,24.588,18.8667,205.685,32.584,84.4667,0.0,621.291,2.8,9992.19,40575.0,65855.5,858.965,22.4347,44.2187
1045,24.7613,18.0,206.112,32.5747,108.533,0.0,621.248,3.392,9769.98,31257.9,65451.3,886.229,22.5973,43.3307
1100,24.948,18.3333,206.251,32.548,110.517,0.0,621.163,3.204,9640.96,23881.7,64719.5,908.8,22.7667,42.648
1115,25.0947,19.0,206.059,32.5427,108.704,0.0,621.12,3.61267,9440.26,18884.6,63714.6,927.957,22.8307,41.1493
1130,25.2587,19.0,206.805,32.54,83.8027,0.0,620.907,3.24667,8666.11,15631.7,58889.6,875.093,22.9453,40.3973
1145,25.404,18.1333,206.229,32.532,108.595,0.0,621.12,2.72067,9533.44,14736.0,60670.0,941.397,23.1467,40.2587
1200,25.5587,18.0,206.187,32.5413,104.787,0.0,620.992,3.58933,13000.0,12425.2,57827.3,952.661,23.312,40.2947
1215,25.7187,18.0,207.029,32.492,102.603,0.0,621.077,3.382,19835.6,13574.5,55159.5,954.133,23.4867,40.5507
1230,25.8467,18.5333,206.336,32.5373,86.2187,0.0,620.181,3.22267,20065.6,14598.8,48679.6,790.123,23.4827,39.9173
1245,25.9867,19.4,206.763,32.532,103.301,0.0,620.821,3.276,30328.1,13760.9,54255.6,925.888,23.544,40.6133
1300,26.048,19.9333,205.877,32.6507,68.376,0.0,619.541,3.38733,29473.5,11888.6,38552.9,648.512,23.54,39.5053
1315,26.1253,19.2,206.784,32.764,97.448,0.0,620.096,3.49133,45948.9,14491.6,47515.0,881.237,23.4,39.352
1330,26.22,19.0,205.877,32.8453,77.4133,0.0,619.925,3.28733,41738.9,14856.9,37935.8,722.645,23.4787,39.1587
1345,26.3147,18.2667,205.685,33.032,108.592,0.0,620.309,3.36667,66292.4,15558.7,44939.9,896.512,23.4987,39.136
1400,26.4333,18.0,206.101,33.136,110.597,0.0,620.48,3.29,78883.5,11758.9,39664.3,861.013,23.7453,39.172
1415,26.5413,18.0,206.72,33.332,106.528,0.0,620.139,2.948,86422.9,11043.8,34369.5,836.779,23.9347,39.0987
1430,26.6467,18.5333,206.4,33.5747,82.3493,0.0,619.712,2.62133,81464.0,11323.4,29029.7,749.227,23.9827,39.3213
1445,26.744,19.0,207.115,33.8467,75.1173,0.0,619.755,3.40467,86133.4,11029.5,25288.7,715.499,24.004,39.5
1500,26.8093,19.0,206.848,34.06,73.5173,0.0,619.115,3.40267,83225.3,9647.79,20473.2,655.829,23.964,40.3187
1515,26.856,19.0,207.275,34.38,50.5227,0.0,618.56,3.06133,74986.8,8572.93,16555.3,567.36,23.792,41.544
1530,26.868,19.0,206.891,34.708,51.1573,0.0,618.56,2.724,84276.6,9067.52,15737.5,601.408,23.5147,43.7707
1545,26.896,19.0,206.112,35.172,43.3427,0.0,618.389,3.002,84082.7,8336.38,13917.5,553.472,23.212,45.3653
1600,26.864,18.2667,205.685,35.6667,37.3867,0.0,617.963,3.152,82589.0,7963.65,12440.2,504.597,22.8307,46.9147
1615,26.8187,18.0,205.099,36.068,21.962,0.0,617.877,2.81,79233.0,7777.28,11165.7,451.093,22.4987,48.0
1630,26.7667,18.0,204.427,36.604,21.3447,0.0,617.92,3.08,77742.1,7970.82,10677.6,405.483,22.1867,49.2027
1645,26.672,18.0,204.565,36.98,21.0847,0.0,617.408,2.99,75126.1,8042.5,10350.6,352.213,21.892,49.84
1700,26.56,18.0,203.989,37.296,21.3273,0.0,617.28,2.54467,70852.6,8214.53,9827.33,296.437,21.6453,51.1893
1715,26.46,18.0,203.552,37.6213,20.9047,0.0,616.853,2.484,29496.0,5870.59,6114.3,195.835,21.428,52.3413
1730,26.356,18.0,203.2,37.8853,21.0833,0.0,615.829,2.18133,4652.03,3799.04,3067.9,50.2213,21.1893,52.36
1745,26.2387,18.0,203.435,37.8267,20.806,0.0,615.36,2.34733,3928.06,2996.22,2637.82,42.5427,20.98,52.096
1800,26.1333,18.0,202.731,37.8173,21.0013,0.0,615.36,1.57267,2874.37,1935.36,1784.83,31.3093,20.788,52.8667
1815,26.0133,17.2,203.189,37.808,20.9693,0.0,614.528,1.44133,2558.98,1161.22,1225.73,22.436,20.62,54.0587
1830,25.876,17.0,202.283,37.2933,19.0027,0.0,614.4,1.36933,2128.9,0.0,645.12,16.3787,20.468,54.992
1845,25.7347,17.0,203.147,37.4973,11.23,0.0,589.184,0.965333,150.528,0.0,0.0,3.73533,20.2473,55.6507
1900,25.5867,17.0,202.805,37.7493,11.1153,0.0,170.008,0.956667,0.0,0.0,0.0,-3.042,20.0847,55.6853
1915,25.436,16.2667,203.029,37.1267,11.4907,0.0,11.7207,1.164,0.0,0.0,0.0,-3.10733,19.9093,55.7973
1930,25.276,16.0,202.901,37.7293,11.2467,0.0,1.178,0.883333,0.0,0.0,0.0,-3.12,19.752,55.9173
1945,25.1333,16.0,202.379,37.5187,11.328,0.0,0.782,0.406667,0.0,0.0,0.0,-3.18533,19.596,55.88
2000,25.0,16.0,202.72,36.4773,11.328,0.0,1.134,0.756,0.0,0.0,0.0,-3.09467,19.4593,56.016
2015,24.8533,16.0,202.901,36.1773,11.0507,0.0,1.222,0.718,0.0,0.0,0.0,-3.12,19.3567,56.224
2030,24.724,16.0,203.509,36.292,11.524,0.0,1.178,0.326667,0.0,0.0,0.0,-3.042,19.3027,56.1147
2045,24.5867,16.0,203.595,36.604,11.328,0.533333,1.09,0.337333,0.0,0.0,0.0,-3.10733,19.2133,56.12
2100,24.4787,16.0,203.307,35.9267,11.328,0.0,0.694,0.816,0.0,0.0,0.0,-3.25067,19.1667,56.272
2115,24.364,16.0,204.224,35.7307,11.5073,0.0,0.738,0.602,0.0,0.0,0.0,-2.964,19.082,55.8613
2130,24.2347,16.0,203.648,35.9253,11.2467,0.0,0.958,0.414667,0.0,0.0,0.0,-3.12,18.988,55.5147
2145,24.124,16.0,204.064,35.6693,11.328,0.0,1.222,0.241333,0.0,0.0,0.0,-3.18533,18.924,55.2987
2200,24.012,16.0,203.819,35.452,11.622,0.0,0.958,0.0593333,0.0,0.0,0.0,-3.02933,18.8933,54.9627
2215,23.9,16.0,204.011,35.3253,11.6053,0.0,0.65,0.337333,0.0,0.0,0.0,-3.042,18.8467,54.8213
2230,23.7907,16.0,203.915,35.4173,11.426,0.0,0.65,0.114,0.0,0.0,0.0,-3.25067,18.752,54.3333
2245,23.6787,16.0,204.245,35.2133,11.426,0.0,0.65,0.100667,0.0,0.0,0.0,-3.042,18.6433,53.8533
2300,23.572,16.0,203.307,34.936,11.524,0.0,0.65,0.364,0.0,0.0,0.0,-3.10733,18.538,53.6453
2315,23.452,16.0,203.211,35.132,11.7033,0.0,0.65,0.121333,0.0,0.0,0.0,-3.02933,18.4287,53.6613
2330,23.3627,15.6667,203.573,35.1187,11.6053,0.0,0.65,0.0,0.0,0.0,0.0,-3.042,18.3393,53.6773
2345,23.256,15.0,203.68,35.0453,11.6053,0.0,0.65,0.147333,0.0,0.0,0.0,-3.042,18.228,53.52
0,23.152,14.5333,205.312,35.0387,11.524,0.0,0.65,0.0413333,0.0,0.0,0.0,-3.18533,18.104,53.0933
15,23.028,14.0,205.749,34.9387,11.6867,0.0,0.65,0.106667,0.0,0.0,0.0,-2.964,17.9627,52.6027
30,22.924,13.6667,205.568,34.9587,11.6053,0.0,0.65,0.103333,0.0,0.0,0.0,-3.18533,17.832,52.2827
45,22.8013,13.0,205.92,34.6587,11.4427,0.0,0.65,0.261333,0.0,0.0,0.0,-2.964,17.7167,52.2693
100,22.6853,13.0,205.952,34.6453,11.426,0.0,0.65,0.23,0.0,0.0,0.0,-2.964,17.5853,52.512
115,22.5613,13.0,205.835,34.8173,11.7033,0.0,0.65,0.109333,0.0,0.0,0.0,-3.12,17.446,52.8667
130,22.4493,13.0,206.112,34.9027,11.524,0.0,0.65,0.0,0.0,0.0,0.0,-3.042,17.3027,53.2427
145,22.3187,13.0,206.123,34.8227,11.426,0.0,0.65,0.052,0.0,0.0,0.0,-3.042,17.152,53.9573
200,22.1933,12.7333,206.656,34.7413,11.622,0.0,0.65,0.0,0.0,0.0,0.0,-2.964,16.834,54.8747
215,22.076,12.1333,207.851,34.5627,11.6053,0.0,0.65,0.463333,0.0,0.0,0.0,-2.964,16.558,55.1013
230,21.9333,12.0,208.523,34.464,11.3447,0.0,0.65,0.486667,0.0,0.0,0.0,-3.042,16.3867,55.1173
245,21.8253,12.0,209.547,34.6773,11.524,0.0,0.65,0.036,0.0,0.0,0.0,-2.73,16.2473,55.216
300,21.7027,12.0,209.312,34.6653,11.524,0.0,0.65,0.292667,0.0,0.0,0.0,-2.886,16.13,55.336
315,21.5627,11.2667,208.501,34.8613,11.6053,0.0,0.65,0.0,0.0,0.0,0.0,-2.73,15.996,55.672
330,21.4453,11.0,209.579,34.7347,11.4427,0.0,0.65,0.0,0.0,0.0,0.0,-2.886,15.8673,55.8747
345,21.3027,11.0,208.203,34.6027,11.6053,0.0,0.65,0.110667,0.0,0.0,0.0,-3.12,15.7453,56.1413
400,21.1867,11.7333,208.811,34.5867,11.7033,0.0,0.65,0.072,0.0,0.0,0.0,-3.10733,15.596,55.9333
415,21.0693,12.0,208.427,34.6,11.5073,0.0,0.65,0.0,0.0,0.0,0.0,-2.964,15.494,55.5253
430,20.9293,12.0,208.416,34.636,11.768,0.0,0.65,0.0,0.0,0.0,0.0,-2.964,15.38,55.3307
445,20.8213,12.0,208.555,34.5853,11.5073,0.0,1.662,0.0,0.0,0.0,0.0,-2.808,15.2787,55.248
500,20.7067,12.0,208.235,34.576,11.524,0.0,33.3267,0.0933333,0.0,0.0,0.0,-2.808,15.1513,55.176
515,20.5853,10.5333,208.373,34.556,11.524,0.0,410.021,0.111333,0.0,0.0,0.0,-1.97467,15.0767,55.1467
530,20.4847,10.0,208.181,34.624,14.7113,0.0,612.779,0.0,867.328,5081.77,845.824,8.5,14.98,55.464
545,20.3767,10.0,208.053,34.716,21.182,0.0,613.803,0.0,4630.53,25245.0,4379.65,37.064,14.9033,55.5707
600,20.2787,10.0,208.811,34.78,21.0667,0.0,615.403,0.0,7325.7,40788.0,7175.17,74.5147,14.9133,55.5627
615,20.22,10.0,208.992,34.744,21.2647,0.0,616.597,0.036,8895.49,47886.3,8830.98,111.125,14.9687,55.5413
630,20.1527,10.0,209.248,34.7627,21.1647,0.0,617.408,0.0906667,9454.59,52001.5,10320.6,151.851,15.092,55.0293
645,20.1033,10.0,209.355,34.908,21.572,0.0,618.219,0.0493333,10149.5,57778.2,12569.9,196.032,15.2587,54.064
700,20.08,10.0,209.504,34.9987,21.4267,0.0,619.2,0.0,10823.0,65470.5,15251.5,245.227,15.4673,53.4987
715,20.08,11.8667,209.643,35.1427,28.1307,0.0,620.011,0.163333,11638.8,72611.2,18921.5,304.405,15.742,52.712
730,20.11,12.0,209.803,35.48,34.1173,0.0,620.651,0.036,11781.5,75606.7,23512.4,351.211,16.042,52.728
745,20.1513,12.9333,209.76,35.5227,41.516,0.0,621.205,0.344667,12126.2,78042.5,28864.5,404.693,16.4367,52.0533
800,20.2267,13.3333,210.656,35.6307,44.1253,0.0,621.504,0.358,12405.4,79487.0,34885.6,453.973,16.9633,51.736
815,20.328,14.0,210.101,35.66,51.5733,0.0,621.845,0.350667,12985.0,81581.4,41343.7,508.693,17.4787,51.072
830,20.4633,14.4667,210.464,35.6253,51.6533,0.0,622.528,0.22,13494.3,80792.2,46282.1,552.683,17.9787,50.5147
845,20.6053,15.0,210.133,35.4773,71.3813,0.0,622.869,1.18133,14491.0,82908.5,50875.1,606.165,18.536,50.0347
900,20.7693,15.4667,210.325,35.4027,71.8373,0.0,622.443,0.713333,12570.3,73938.3,47478.1,588.011,19.126,49.3893
915,20.9707,16.0,209.909,35.5667,81.3013,0.0,622.784,0.841333,13897.0,79369.6,55364.3,672.427,19.6513,48.752
930,21.1947,16.0,210.027,35.4333,81.6427,0.0,623.04,1.06267,13329.1,71898.5,55154.0,687.787,20.17,48.1013
945,21.436,17.4667,210.389,35.3707,76.9787,0.0,622.869,1.25533,13659.5,64484.7,54991.5,698.965,20.668,47.5067
1000,21.6827,18.5333,210.176,35.3627,91.9973,0.0,623.04,1.284,13365.9,62667.4,62567.8,773.867,21.1413,47.0107
1015,21.9573,19.0,210.208,35.2813,107.443,0.0,623.509,1.31333,13473.1,52518.9,65585.2,826.709,21.6653,46.5493
1030,22.2147,19.6667,209.621,35.3307,103.173,0.0,623.467,1.816,11716.3,41002.3,64230.7,834.773,22.2573,45.3333
1045,22.5027,21.0,209.141,35.5093,94.9173,0.0,623.552,2.14267,10485.4,32514.0,63070.2,863.147,22.8053,43.8693
1100,22.776,21.0,209.504,35.4947,86.128,0.0,623.339,2.14933,9992.19,24357.5,61721.3,879.317,23.3827,42.464
1115,23.0627,21.0,208.768,35.5333,84.9493,0.0,623.467,2.14067,9490.43,18963.1,58993.3,874.027,23.9213,41.6893
1130,23.3627,21.0,208.021,35.5307,84.0053,0.0,623.04,2.36133,9433.09,16649.6,59168.1,901.973,24.3973,40.3293
1145,23.6413,21.9333,208.224,35.3493,108.88,0.0,623.211,3.002,9619.46,15185.9,58231.5,925.611,24.912,39.2747
1200,23.948,22.0,207.723,35.248,99.2107,0.0,623.125,2.32467,10936.7,11874.6,56685.9,937.6,25.4627,38.4587
1215,24.2413,22.0,207.563,35.128,95.024,0.0,623.467,2.14067,13479.9,10763.6,54501.4,935.723,26.0373,37.9413
1230,24.528,22.8667,206.549,34.968,81.1813,0.0,623.125,2.964,17286.5,10035.2,51839.0,931.115,26.4947,36.348
1245,24.7893,23.9333,206.283,34.7747,81.184,0.0,623.04,2.946,23884.5,8881.15,48627.7,918.357,26.872,35.34
1300,25.068,24.0,206.293,34.6893,81.1813,0.0,622.912,3.246,32748.9,8185.86,45607.6,909.867,27.2013,35.0333
1315,25.34,24.0,205.952,34.4693,81.1013,0.0,622.613,3.88467,42120.5,8142.85,42172.4,893.056,27.6107,34.2707
1330,25.596,24.0,205.653,34.4027,81.1013,0.0,622.4,3.94,53482.8,7899.14,38871.0,873.387,27.9347,33.3987
1345,25.8413,24.0,205.899,34.42,81.0827,0.0,622.101,3.56467,66030.3,7648.26,35516.4,848.853,28.232,33.1133
1400,26.0667,24.0,203.925,33.772,81.1813,0.0,621.931,4.45933,76428.6,7555.07,32124.9,823.808,28.4173,30.7693
1415,26.2627,24.7333,203.136,33.4307,80.8613,0.0,621.675,4.72067,82531.7,7569.41,28601.0,796.288,28.512,30.488
1430,26.4413,25.0,203.893,33.288,80.8427,0.0,621.163,4.76333,87861.9,7569.41,25022.5,761.984,28.56,31.0013
1445,26.6493,25.0,204.875,33.3147,80.9413,0.0,621.12,4.28333,90073.8,7519.23,21577.0,725.461,28.7013,30.1813
1500,26.82,25.0,205.611,33.2667,72.9547,0.0,621.12,3.88867,89702.4,7268.35,18627.9,686.763,28.8693,31.0987
1515,27.0027,25.0,203.307,31.9933,51.6533,0.0,620.992,4.14667,87889.2,7261.18,16225.6,635.925,28.944,29.2347
1530,27.1453,25.1333,205.003,32.448,51.4853,0.0,621.035,3.314,85475.3,7246.85,14462.3,595.52,28.8733,30.084
1545,27.2547,26.0,204.587,32.5133,41.3373,0.0,620.736,2.678,84383.1,7211.01,13064.9,553.216,28.72,28.608
1600,27.3187,26.0,204.448,31.9773,35.94,0.0,620.48,2.842,83869.7,7261.18,11896.8,507.328,28.5307,28.296
1615,27.4093,26.0,204.053,32.0333,21.6033,0.0,620.48,3.63933,81291.9,7340.03,10893.7,457.088,28.3467,27.964
1630,27.444,26.0,204.235,30.9347,21.166,0.0,620.011,3.29467,78624.1,7476.22,10264.6,406.741,28.1027,27.5333
1645,27.4627,26.0,203.669,30.572,21.0673,0.0,619.84,3.362,77026.6,7727.1,10157.1,357.739,27.8893,27.4867
1700,27.476,25.6667,203.36,29.9733,20.7413,0.0,619.755,3.62667,73528.7,8114.18,9683.97,303.392,27.6827,27.172
1715,27.4707,25.0,203.157,30.1453,21.2467,0.0,618.901,4.27267,25780.9,5526.53,5512.19,187.488,27.44,27.2813
1730,27.4547,25.0,202.795,30.104,20.8407,0.0,618.005,3.886,3806.21,3641.34,2723.84,43.6707,27.224,27.1467
1745,27.4227,25.0,202.251,30.088,21.246,0.0,617.749,3.322,3168.26,2852.86,2394.11,37.4293,27.0333,27.684
1800,27.364,25.0,201.835,29.9093,20.8233,0.0,617.365,3.562,2616.32,2365.44,1971.2,30.2027,26.8507,27.4787
1815,27.3187,25.0,201.44,30.2507,20.9053,0.0,617.28,4.38,2042.88,1792.0,1555.46,21.816,26.64,27.7
1830,27.2787,24.4667,200.928,30.0373,20.9213,0.0,617.28,4.17467,1498.11,1046.53,716.8,12.7047,26.4427,27.62
1845,27.22,24.3333,200.885,29.7253,11.9293,0.0,616.896,2.124,293.888,0.0,0.0,2.406,26.2413,27.8053
1900,27.1547,24.8667,201.408,29.748,11.23,0.0,440.245,2.12533,0.0,0.0,0.0,-3.36867,26.0227,27.944
1915,27.0787,24.0,201.216,29.8427,10.936,0.0,48.9173,1.85933,0.0,0.0,0.0,-3.512,25.804,28.2067
1930,26.9973,24.0,201.515,29.94,11.328,0.0,2.322,2.26267,0.0,0.0,0.0,-3.512,25.5733,28.5093
1945,26.9067,23.4667,201.291,30.0293,11.426,0.0,0.65,2.82533,0.0,0.0,0.0,-3.57733,25.3147,29.112
2000,26.816,23.0,202.315,30.24,11.7033,0.0,0.65,2.46467,0.0,0.0,0.0,-3.512,25.088,29.9587
2015,26.732,23.0,201.728,30.5373,10.9527,0.0,0.65,2.46867,0.0,0.0,0.0,-3.44667,24.904,30.3307
2030,26.668,22.6667,201.003,30.6573,11.328,0.0,0.65,2.99267,0.0,0.0,0.0,-3.38133,24.7293,30.3493
2045,26.568,22.0,201.877,30.6307,11.524,0.0,0.65,3.10667,0.0,0.0,0.0,-3.316,24.536,30.5773
2100,26.4787,22.0,201.003,30.5827,11.5073,0.0,0.65,2.64333,0.0,0.0,0.0,-3.38133,24.332,30.98
2115,26.3893,21.0667,201.216,30.636,11.23,0.0,0.65,2.78933,0.0,0.0,0.0,-3.316,24.1187,31.6147
2130,26.308,21.0,200.629,30.912,11.0507,0.0,0.65,3.20667,0.0,0.0,0.0,-3.25067,23.9293,32.3693
2145,26.2147,21.0,200.885,31.0427,11.328,0.0,0.65,3.246,0.0,0.0,0.0,-3.316,23.7653,32.9173
2200,26.1427,21.0,201.003,31.2133,11.3113,0.0,0.65,3.80067,0.0,0.0,0.0,-3.25067,23.572,33.516
2215,26.0627,21.0,200.608,31.2493,11.2467,0.0,0.65,3.992,0.0,0.0,0.0,-3.25067,23.3733,33.9787
2230,25.968,21.0,201.259,31.3787,11.4907,0.0,0.65,2.57467,0.0,0.0,0.0,-3.25067,23.1867,34.1573
2245,25.888,21.0,200.779,31.6093,11.6053,0.0,0.65,2.464,0.0,0.0,0.0,-3.25067,23.036,34.2507
2300,25.808,20.6667,200.619,31.8387,11.132,0.0,0.65,2.524,0.0,0.0,0.0,-3.238,22.908,34.2493
2315,25.7053,20.0,200.0,31.9867,11.6053,0.0,0.65,2.43533,0.0,0.0,0.0,-3.25067,22.8053,34.5133
2330,25.6227,20.0,200.203,32.0667,11.426,0.0,0.65,2.37667,0.0,0.0,0.0,-3.25067,22.6867,34.8533
2345,25.536,20.0,200.075,32.1347,11.034,0.0,0.65,2.548,0.0,0.0,0.0,-3.25067,22.5427,35.268
0,25.4453,19.4667,199.797,32.2107,11.524,0.0,0.65,2.332,0.0,0.0,0.0,-3.25067,22.3507,35.7733
15,25.3413,19.0,200.576,32.3027,11.4427,0.0,0.65,1.79,0.0,0.0,0.0,-3.12,22.1493,36.548
30,25.24,19.0,200.757,32.4507,11.5887,0.0,0.65,2.32067,0.0,0.0,0.0,-3.12,21.9387,37.4173
45,25.128,19.0,200.203,32.6067,11.426,0.0,0.65,2.81533,0.0,0.0,0.0,-3.17267,21.748,38.0267
100,25.032,19.0,200.405,32.7453,11.5073,0.0,0.65,2.886,0.0,0.0,0.0,-3.18533,21.5573,38.6147
115,24.9173,19.0,200.757,32.908,11.5887,0.0,0.65,2.36533,0.0,0.0,0.0,-3.316,21.372,39.3627
130,24.8,18.9333,199.925,33.0453,11.2467,0.0,0.65,2.626,0.0,0.0,0.0,-3.18533,21.1827,39.7307
145,24.696,18.4,200.992,33.1707,11.3113,0.0,0.65,2.65133,0.0,0.0,0.0,-3.25067,20.9947,40.3493
200,24.5973,18.0,200.651,33.252,11.524,0.0,0.65,2.62,0.0,0.0,0.0,-3.18533,20.8133,40.828
215,24.4973,18.0,200.128,33.28,11.426,0.0,0.65,3.1,0.0,0.0,0.0,-3.17267,20.6773,41.112
230,24.4013,18.0,200.736,33.3573,11.5073,0.0,0.65,2.964,0.0,0.0,0.0,-3.18533,20.5347,41.2587
245,24.304,18.0,199.872,33.1347,11.426,0.0,0.65,2.26333,0.0,0.0,0.0,-3.10733,20.4733,40.4893
300,24.2187,18.0,199.413,33.056,11.6053,0.0,0.65,1.43533,0.0,0.0,0.0,-3.042,20.364,39.7387
315,24.1173,18.0,199.733,32.98,11.6053,0.0,0.65,1.06733,0.0,0.0,0.0,-3.25067,20.2393,38.8133
330,24.0187,17.4667,199.733,32.8973,11.5073,0.0,0.65,1.002,0.0,0.0,0.0,-3.25067,20.1153,37.7813
345,23.928,17.0,199.776,32.7053,11.426,0.0,0.65,0.662,0.0,0.0,0.0,-3.12,19.99,37.3053
400,23.8173,17.0,199.339,32.612,11.6053,0.0,0.65,0.418667,0.0,0.0,0.0,-3.25067,19.8733,36.964
415,23.724,17.0,199.872,32.5613,11.3447,0.0,0.65,0.158,0.0,0.0,0.0,-3.02933,19.742,36.5867
430,23.612,17.0,200.299,32.504,11.6867,0.0,0.65,0.273333,0.0,0.0,0.0,-3.12,19.5673,36.3533
445,23.5067,16.2667,199.957,32.46,11.3447,0.0,2.322,0.37,0.0,0.0,0.0,-3.25067,19.4053,36.3093
500,23.4107,16.0,199.968,32.4853,11.4427,0.0,43.688,0.285333,0.0,0.0,0.0,-3.25067,19.268,36.3413
515,23.32,16.0,199.648,32.52,11.426,0.0,477.408,0.493333,0.0,265.216,0.0,-2.314,19.0453,37.1693
530,23.2213,16.0,199.819,32.512,16.694,0.0,614.229,0.490667,1928.19,11388.2,1763.33,9.93133,18.858,37.4013
545,23.128,16.0,201.216,32.492,20.904,0.0,615.381,0.316,5684.22,33172.1,5347.33,39.212,18.68,38.048
600,23.0213,16.0,201.12,32.4987,20.9047,0.0,616.427,0.397333,7590.91,43824.5,7289.86,74.1627,18.586,38.972
615,22.96,14.1333,200.896,32.592,21.0673,0.0,617.365,0.346667,9891.16,56191.7,9640.62,122.203,18.57,40.1213
630,22.892,14.0,201.109,32.6,21.164,0.0,618.56,0.652,10577.9,61833.2,10887.2,166.843,18.636,39.136
645,22.8453,14.9333,201.792,32.556,20.8233,0.0,619.2,1.03667,11350.4,68919.3,12799.3,220.896,18.72,38.0733
700,22.812,15.7333,202.016,32.52,20.742,0.0,619.755,0.718667,11595.1,73779.9,15330.0,270.613,18.8487,37.6627
715,22.804,16.0,201.728,32.468,29.824,0.0,620.48,0.770667,12033.4,79350.4,18928.3,326.549,19.0407,37.0853
730,22.8093,16.0,202.101,32.4613,35.3853,0.0,621.12,1.396,12275.7,80650.2,24069.5,378.475,19.264,36.3907
745,22.8267,16.0,201.984,32.372,41.4347,0.0,621.12,1.69133,12957.0,84645.2,30797.8,439.936,19.4973,35.6827
800,22.904,16.0,202.208,32.3053,49.4533,0.0,621.717,1.88867,13213.0,85726.5,37124.8,491.349,19.8573,35.2787
815,22.972,16.7333,201.877,32.1227,51.3227,0.0,621.803,1.464,13538.6,86922.6,42942.5,541.504,20.268,34.708
830,23.0653,17.0,202.603,32.2773,48.168,0.0,622.272,1.01867,12678.5,76808.2,42527.4,532.245,20.6493,34.2427
845,23.1787,17.0,201.333,32.4933,75.5813,0.0,622.059,2.04,13545.5,86373.7,52224.0,620.8,20.864,33.6613
900,23.32,17.5333,202.624,32.2,81.424,0.0,622.912,1.07867,13157.0,87599.8,56153.4,671.573,21.1893,33.42
915,23.4707,18.0,202.613,31.9533,81.1813,0.0,623.083,1.53933,12612.3,85158.6,58406.2,709.803,21.6467,32.4947
930,23.652,18.3333,203.061,31.9653,81.4827,0.0,623.339,1.37867,12219.7,79686.3,60347.7,746.368,21.9387,32.28
945,23.876,18.9333,203.456,31.9733,81.6613,0.0,622.699,2.45267,11587.6,72813.2,62281.0,781.611,22.464,33.6107
1000,24.092,19.0,203.776,31.8947,83.088,0.0,622.869,1.49733,11028.5,64836.9,62332.9,828.288,22.856,33.6213
1015,24.324,19.0,204.576,31.932,81.4827,0.0,622.955,1.36267,10743.5,51781.6,63526.2,841.472,23.2093,33.6733
1030,24.5427,19.3333,204.277,31.8573,81.3413,0.0,623.253,1.258,9856.0,40177.7,63501.7,865.579,23.5533,33.4947
1045,24.7387,20.0,205.291,32.0733,81.344,0.0,622.741,2.78333,9397.25,30958.9,62816.3,883.755,23.8707,33.7093
1100,24.9573,20.0,205.557,32.216,81.104,0.0,621.845,2.71933,9218.05,23664.0,62240.1,911.104,24.104,33.6307
1115,25.164,20.0,204.907,32.3867,80.7627,0.0,621.675,3.052,9132.03,18597.2,61393.6,929.749,24.2747,33.096
1130,25.3747,20.1333,205.803,32.3827,81.3627,0.0,621.717,3.366,8952.83,16706.2,59812.5,944.341,24.548,32.552
1145,25.58,21.0,205.877,32.1,81.3413,0.0,621.461,3.194,9490.43,14835.0,57865.6,951.552,24.808,31.7587
1200,25.7733,21.0,205.803,32.0907,84.208,0.0,621.248,3.96267,12397.2,12892.2,54526.0,937.685,24.9747,31.7813
1215,25.9267,21.0,205.355,32.2667,84.9733,0.0,620.779,3.41,15639.2,11796.8,48812.0,867.328,25.036,32.7187
1230,26.036,21.0,205.152,32.4253,88.2587,0.0,620.48,4.46933,20310.7,12126.2,50809.5,922.709,24.9,32.504
1245,26.1773,22.0667,205.76,32.3053,89.512,0.0,620.651,3.38933,26255.4,11080.7,49242.1,931.669,24.888,32.952
1300,26.2947,21.9333,204.715,32.3,83.024,0.0,620.48,3.948,33919.0,9712.3,44533.1,899.968,25.004,32.8213
1315,26.38,21.0,204.309,32.4213,80.6827,0.0,620.352,3.93933,42632.5,8823.81,42392.2,878.976,25.056,34.56
1330,26.5,21.0,205.088,32.4787,80.8453,0.0,620.352,3.89533,54982.0,8931.33,39619.2,882.475,25.2027,35.4227
1345,26.5773,21.0,205.728,32.5533,80.7813,0.0,619.84,3.976,67747.8,9640.96,36382.0,872.832,25.2613,35.2013
1400,26.632,21.0,204.523,32.8853,76.9387,0.0,619.627,4.356,68831.9,9597.95,30253.7,765.973,25.152,35.584
1415,26.6787,22.8667,204.299,33.1013,81.0213,0.0,619.499,4.356,82318.7,10135.6,29734.2,810.752,24.8987,36.5787
1430,26.732,23.0,204.309,33.248,79.2213,0.0,619.157,4.38733,85202.3,9368.58,25627.3,749.867,24.6253,37.5707
1445,26.736,21.1333,203.893,33.5947,67.8213,0.0,618.731,5.352,87487.8,9404.42,23094.6,726.059,24.4173,38.636
1500,26.752,22.6,203.627,33.78,59.0853,0.0,618.56,4.58333,87932.9,8400.9,19435.5,686.123,24.1707,38.788
1515,26.772,23.0,203.413,33.864,51.3227,0.0,618.432,4.29933,89276.4,8114.18,16999.1,651.328,23.924,39.4813
1530,26.708,22.7333,204.053,34.1027,51.3893,0.0,617.92,4.47267,86431.1,7985.15,15300.6,605.717,23.4747,40.8107
1545,26.6733,21.0,204.011,34.4733,42.036,0.0,617.92,3.884,85180.4,8092.67,13895.7,563.435,23.104,41.9893
1600,26.6133,21.0,204.0,34.804,33.988,0.0,617.877,3.66533,81379.3,7906.3,12598.6,502.656,22.7467,43.04
1615,26.5053,21.0,203.328,35.084,21.4253,0.0,617.579,3.818,79686.3,7956.48,11781.5,456.533,22.3653,43.944
1630,26.408,21.0,202.688,35.3413,20.822,0.0,617.28,3.704,74661.9,7813.12,10886.8,392.448,22.104,44.704
1645,26.3133,22.0667,202.837,35.6147,20.904,0.0,617.28,3.33267,72641.2,8013.82,11022.3,347.403,21.872,45.9867
1700,26.18,20.6,202.837,36.088,21.02,0.0,617.067,2.76267,68725.4,8279.04,10528.1,296.213,21.652,47.6933
1715,26.108,20.0,202.144,36.8613,21.002,0.0,616.555,2.558,24172.2,5849.09,6530.05,183.867,21.5,48.784
1730,25.9907,20.0,203.147,36.904,20.888,0.0,615.787,2.804,7189.5,3920.9,3892.22,57.9573,21.3253,49.472
1745,25.8733,20.0,202.176,37.4853,20.822,0.0,615.36,2.308,6042.62,2623.49,2888.7,47.6213,21.164,50.7493
1800,25.7533,19.6667,202.453,37.3987,20.9047,0.0,615.36,2.16067,5505.02,2415.62,2802.69,41.0347,21.0133,51.8053
1815,25.632,19.0,201.984,35.9147,21.1013,0.0,615.296,1.538,5239.81,2358.27,2802.69,42.1427,20.8533,52.52
1830,25.5213,19.0,201.771,34.7493,20.7407,0.0,614.912,2.192,2644.99,1691.65,1906.69,24.042,20.7107,53.3227
1845,25.36,19.0,202.283,35.3067,12.0753,0.0,614.4,1.99,530.432,71.68,71.68,4.32,20.5373,53.856
1900,25.212,17.1333,201.813,34.7533,11.0673,0.0,369.301,1.36467,0.0,0.0,0.0,-2.964,20.3473,54.6427
1915,25.0667,17.0,202.357,34.6107,11.23,0.0,42.77,1.28867,0.0,0.0,0.0,-3.042,20.1467,55.3787
1930,24.9187,16.8667,201.835,34.5507,11.5407,0.0,1.618,1.57533,0.0,0.0,0.0,-3.18533,19.926,56.056
1945,24.748,16.0,202.336,33.8893,11.6867,0.0,0.694,2.078,0.0,0.0,0.0,-3.042,19.7173,55.936
2000,24.5987,16.0,202.528,34.0907,11.2467,0.0,0.65,1.24667,0.0,0.0,0.0,-3.12,19.5393,56.256
2015,24.4653,16.0,202.891,34.0213,11.524,0.0,0.65,1.13267,0.0,0.0,0.0,-2.964,19.3813,56.4267
2030,24.3533,16.0,202.123,34.54,11.328,0.0,0.65,1.04067,0.0,0.0,0.0,-2.886,19.2107,56.7707
2045,24.1933,16.0,202.411,34.0467,11.5073,0.0,0.65,0.765333,0.0,0.0,0.0,-3.12,19.0473,57.016
2100,24.0347,16.0,202.165,34.036,11.524,0.0,0.65,1.05,0.0,0.0,0.0,-3.12,18.884,57.4293
2115,23.9027,15.2667,201.867,33.86,11.3113,0.0,0.65,1.2,0.0,0.0,0.0,-3.042,18.7313,57.6107
2130,23.7773,15.0,202.251,34.696,11.524,0.0,0.65,0.433333,0.0,0.0,0.0,-3.12,18.5853,57.7813
2145,23.6387,15.0,201.824,35.1907,11.5073,0.0,0.65,0.0773333,0.0,0.0,0.0,-3.12,18.4193,57.848
2200,23.5133,15.0,201.611,36.08,11.6053,0.0,0.65,0.474,0.0,0.0,0.0,-3.042,18.2393,58.368
2215,23.3787,15.0,202.293,35.42,11.28,0.0,0.65,0.116667,0.0,0.0,0.0,-3.02933,18.0307,59.0267
2230,23.252,15.0,201.472,35.1067,11.3447,0.0,0.65,0.0,0.0,0.0,0.0,-2.886,17.898,58.7787
2245,23.1293,15.0,202.72,35.0573,11.6053,0.0,0.65,0.0,0.0,0.0,0.0,-3.042,17.7587,58.7947
2300,22.9973,15.0,202.197,34.9653,11.524,0.0,0.65,0.0,0.0,0.0,0.0,-3.02933,17.658,58.784
2315,22.8773,14.2667,202.688,34.5907,11.6053,0.0,0.65,0.150667,0.0,0.0,0.0,-2.886,17.5633,58.5227
2330,22.7227,14.0,202.603,33.7747,11.7033,0.0,0.65,0.962667,0.0,0.0,0.0,-2.886,17.4913,58.448
2345,22.6013,14.0,202.571,34.044,11.5073,0.0,0.65,0.14,0.0,0.0,0.0,-3.17267,17.34,58.6027
0,22.4787,12.9333,203.371,33.9667,11.6053,0.0,0.65,0.08,0.0,0.0,0.0,-3.042,17.226,58.392
15,22.3333,12.0,203.627,33.8907,11.4427,0.0,0.65,0.108,0.0,0.0,0.0,-3.042,17.122,58.5173
30,22.204,12.0667,204.8,34.5413,11.6867,0.0,0.65,0.402,0.0,0.0,0.0,-2.886,16.934,59.1387
45,22.0853,13.0,204.64,34.8627,11.524,0.0,0.65,0.384,0.0,0.0,0.0,-2.964,16.7173,60.1867
100,21.9627,13.0,204.992,34.7747,11.524,0.0,0.65,0.409333,0.0,0.0,0.0,-3.042,16.5347,60.9147
115,21.8347,12.8667,205.835,34.948,11.622,0.0,0.65,0.116,0.0,0.0,0.0,-3.12,16.366,60.7413
130,21.7027,12.2667,205.397,34.548,11.6053,0.0,0.65,0.08,0.0,0.0,0.0,-2.73,16.258,60.8053
145,21.5667,12.0,205.515,34.728,11.524,0.0,0.65,0.374,0.0,0.0,0.0,-3.02933,16.0987,61.36
200,21.432,12.0,206.699,35.2013,11.7033,0.0,0.65,0.578,0.0,0.0,0.0,-2.73,15.9693,61.3333
215,21.2933,12.0,206.784,34.8587,11.524,0.0,0.65,0.0,0.0,0.0,0.0,-2.964,15.912,61.376
230,21.1707,12.0,206.848,34.6533,11.5887,0.0,0.65,0.0,0.0,0.0,0.0,-2.886,15.8747,60.7227
245,21.048,12.0,206.283,34.7907,11.7033,0.0,0.65,0.0,0.0,0.0,0.0,-2.87333,15.8227,60.6827
300,20.9307,11.8667,206.091,34.98,11.7847,0.0,0.65,0.0,0.0,0.0,0.0,-2.73,15.7447,60.8587
315,20.816,11.0,206.368,34.7107,11.6867,0.0,0.65,0.0,0.0,0.0,0.0,-2.73,15.6473,60.544
330,20.712,11.0,205.909,34.608,11.6867,0.0,0.65,0.106667,0.0,0.0,0.0,-3.042,15.57,60.056
345,20.5933,11.0,205.835,34.4693,11.524,0.0,0.65,0.0,0.0,0.0,0.0,-2.73,15.4987,59.7707
400,20.4993,11.3333,205.877,34.564,11.7847,0.0,0.65,0.0,0.0,0.0,0.0,-2.964,15.4033,59.8293
415,20.366,12.0,205.483,34.3173,11.6053,0.0,0.65,0.145333,0.0,0.0,0.0,-2.964,15.3433,59.4453
430,20.274,12.0,206.848,34.5293,11.768,0.0,0.958,0.0,0.0,0.0,0.0,-2.652,15.268,59.6987
445,20.176,12.0,206.667,34.6653,11.7847,0.0,3.37667,0.0646667,0.0,0.0,0.0,-2.964,15.1813,60.184
500,20.0887,12.0,206.699,34.86,11.6053,0.0,54.4853,0.0,0.0,0.0,0.0,-2.808,15.0633,60.6
515,19.976,11.0667,207.584,34.7933,11.6867,0.0,491.232,0.0,0.0,408.576,0.0,-0.948,14.9813,60.7387
530,19.88,11.0,207.36,34.7813,18.1587,0.0,612.949,0.0,2107.39,11152.4,2214.91,17.0393,14.8733,60.7947
545,19.7767,11.5333,206.795,34.6107,21.182,0.0,613.931,0.137333,5182.46,27267.8,5089.28,48.556,14.8633,60.208
600,19.6953,11.3333,208.139,34.8107,21.4733,0.0,615.573,0.052,9267.54,50502.3,8744.96,102.619,14.86,59.7067
615,19.6493,10.0,209.045,34.904,21.1827,0.0,616.939,0.234,10048.5,53835.1,9790.81,140.453,14.91,58.704
630,19.614,10.3333,208.597,35.0107,20.8233,0.0,617.621,0.438,11193.3,61661.2,11244.5,188.245,15.034,58.0907
645,19.5673,11.0,209.099,35.1893,21.2287,0.0,617.92,0.604,10492.9,60301.3,11502.9,213.973,15.1693,57.6453
700,19.5633,11.0,208.64,35.1093,21.2293,0.0,618.56,0.392,10677.6,65716.2,13616.5,256.523,15.348,56.7653
715,19.5633,11.0,208.661,35.352,27.5127,0.0,619.328,0.491333,11451.7,74503.5,17414.8,318.24,15.598,55.88
730,19.602,11.0,209.141,35.5133,33.8907,0.0,620.309,0.951333,11774.0,78708.7,22328.7,373.248,15.9107,54.9467
745,19.6627,12.8667,208.523,35.788,41.3373,0.0,620.48,1.06333,11988.3,80762.2,27704.0,426.325,16.276,53.648
800,19.738,14.4667,208.309,36.1067,44.5827,0.0,621.163,1.07867,12189.7,81906.3,33663.7,479.552,16.768,52.6293
815,19.842,15.0,208.203,36.0053,51.72,0.0,621.76,0.896,12341.2,82900.3,39607.0,526.464,17.2933,51.656
830,19.986,15.7333,208.576,35.9373,51.736,0.0,622.187,0.854,12489.4,82335.1,44441.6,570.816,17.8993,50.912
845,20.1533,16.0,210.965,36.0093,51.9173,0.0,622.784,1.19867,12526.9,85254.1,49031.9,617.664,18.506,50.1013
900,20.4253,16.8,219.477,35.5947,55.736,0.0,622.741,1.45267,11881.8,81540.4,50531.0,640.533,19.1647,49.1893
915,20.656,18.0,235.403,35.6107,79.7413,0.0,622.912,1.55933,11866.8,81941.8,54520.5,694.229,19.8433,48.3413
930,20.8827,18.0,252.651,35.8413,81.6827,0.0,622.997,1.574,11580.8,77919.6,57270.3,736.512,20.562,47.552
945,21.1467,19.6,277.525,36.14,81.5627,0.0,623.04,2.05533,11208.7,71538.0,59266.4,774.656,21.2507,46.424
1000,21.4213,21.0,278.645,36.26,81.5013,0.0,623.04,2.34133,10785.8,63097.5,60369.6,808.107,21.9227,45.696
1015,21.7013,21.0,278.048,36.2987,81.584,0.0,623.04,2.278,10320.6,50342.6,60907.5,836.693,22.58,44.7547
1030,21.9907,21.4,273.333,36.0987,81.7627,0.0,622.912,2.706,9597.95,38898.3,60822.9,855.723,23.1907,43.968
1045,22.264,22.0,269.248,35.912,81.5627,0.0,622.4,2.70333,9361.41,30061.9,60325.9,874.453,23.6893,43.376
1100,22.5507,22.0,264.587,35.788,81.7413,0.0,621.845,3.32467,9124.86,22769.0,59446.6,889.045,23.9667,43.7467
1115,22.844,22.0,253.568,35.828,81.6613,0.0,621.76,3.48867,8859.65,18053.1,58365.3,903.509,24.184,43.7493
1130,23.1187,22.1333,243.072,35.972,81.744,0.0,621.76,3.55,8594.43,15731.4,57005.4,919.168,24.4667,43.8667
1145,23.3707,23.0,236.043,35.912,81.3227,0.0,621.76,3.07133,8766.46,13824.0,55099.4,924.373,24.7947,44.0667
1200,23.6147,22.0667,230.229,36.004,81.6827,0.0,621.632,3.26733,10077.5,11194.4,52868.4,927.488,25.1467,43.7813
1215,23.8587,22.0,225.813,35.9853,81.4827,0.0,621.76,3.136,12749.5,10329.1,50973.4,930.005,25.516,43.376
1230,24.1133,22.0,221.632,36.052,81.5813,0.0,621.205,3.51667,17029.1,9848.83,48753.3,925.909,25.8053,44.296
1245,24.352,22.2,218.091,36.2667,81.0827,0.0,621.12,3.28467,23720.6,9089.02,46121.0,919.552,26.04,44.872
1300,24.5693,23.0,216.267,36.3267,81.504,0.0,621.12,3.19333,33022.0,8494.08,43499.5,914.688,26.3107,45.312
1315,24.78,23.0,214.731,36.388,81.52,0.0,621.12,2.52467,41252.2,8271.87,39717.5,878.635,26.624,45.32
1330,24.98,23.0,213.632,36.4813,81.3627,0.0,621.12,2.75933,52974.9,9081.86,37931.7,877.739,26.9,44.952
1345,25.1973,22.4667,212.864,36.664,81.0827,0.0,621.12,2.84867,65869.1,9719.81,34880.2,859.008,27.1467,44.4027
1400,25.4267,22.6667,211.947,37.112,79.104,0.0,621.077,2.492,70634.2,10757.5,30377.3,794.517,27.308,44.336
1415,25.6173,23.0,211.52,37.4253,81.024,0.0,621.077,3.48333,77561.9,12018.3,30191.6,790.656,27.4653,43.816
1430,25.8333,23.0,211.211,38.0413,74.7547,0.0,620.864,2.20467,78736.0,11351.4,25998.7,711.061,27.5453,44.1813
1445,26.008,23.0,210.816,38.1,63.072,0.0,620.395,2.67267,73853.6,11637.4,22730.8,639.04,27.536,43.9227
1500,26.1253,23.0,209.835,38.9613,44.0573,0.0,619.584,2.08067,43962.4,12949.5,18410.8,454.784,27.3173,43.7227
1515,26.2707,23.0,208.832,39.284,57.1827,0.0,619.755,2.90133,63193.1,16426.3,20989.3,595.349,26.9533,44.12
1530,26.364,23.9333,207.573,39.8067,38.6707,0.0,619.2,2.172,46571.5,13423.3,16454.3,430.005,26.616,44.6427
1545,26.4347,24.0,206.325,40.14,43.9173,0.0,619.2,1.99733,59708.8,14664.4,20185.8,500.821,26.2933,45.1333
1600,26.496,24.0,205.355,40.4707,25.752,0.0,618.731,2.40867,33614.5,11315.5,15946.4,297.92,25.9827,45.5573
1615,26.52,24.0,204.203,40.8093,25.822,0.0,618.475,1.87733,47543.6,11510.4,15753.2,367.179,25.6147,45.9013
1630,26.5173,23.8667,203.36,40.8787,21.066,0.0,618.091,1.432,19645.1,8171.52,9268.22,183.829,25.312,46.384
1645,26.4973,23.0,204.149,40.9973,20.904,0.0,617.792,1.54667,21169.5,7727.1,9461.42,188.096,25.0667,46.736
1700,26.4693,23.0,203.008,41.0747,20.9387,0.0,617.451,1.32867,13710.0,7375.87,8372.22,155.461,24.8533,47.1147
1715,26.444,23.0,202.656,41.12,20.9213,0.0,617.28,1.93333,10206.5,6666.24,7189.5,129.237,24.632,47.528
1730,26.396,23.0,202.464,41.28,20.9207,0.0,616.64,1.73467,8365.06,5763.07,5963.78,106.731,24.4053,48.072
1745,26.3493,23.0,201.952,41.4053,21.148,0.0,616.64,1.126,6795.26,4738.05,4838.4,84.8853,24.1907,48.4213
1800,26.3027,22.6667,201.195,41.5467,20.742,0.0,616.64,1.49867,6465.54,4867.07,4558.85,68.8613,23.992,48.9547
1815,26.2253,22.0,201.568,41.7013,21.1,0.0,616.171,1.41067,4307.97,3204.1,3125.25,45.6947,23.7733,49.536
1830,26.1453,21.3333,202.091,41.8853,20.6607,0.0,616.0,1.02333,2594.82,1835.01,1741.82,23.118,23.532,50.144
1845,26.084,20.0,201.557,42.0427,10.838,0.0,615.872,0.877333,1333.25,236.544,150.528,7.07867,23.3,50.7333
1900,25.988,20.7333,201.643,42.1973,11.1487,0.0,475.509,0.982,0.0,0.0,0.0,-2.54867,23.064,51.5627
1915,25.888,20.2667,202.805,42.1093,11.4427,0.0,51.4193,1.09133,0.0,0.0,0.0,-3.18533,22.8453,52.768
1930,25.7813,20.0,202.795,42.3093,11.2133,0.0,2.498,0.786667,0.0,0.0,0.0,-3.38133,22.6253,53.6747
1945,25.6587,19.6667,203.477,42.8533,11.2467,0.0,0.782,0.908,0.0,0.0,0.0,-3.18533,22.364,54.5947
2000,25.556,19.0,203.157,43.176,11.426,0.0,0.65,0.646667,0.0,0.0,0.0,-3.238,22.076,55.4613
2015,25.4413,19.0,202.987,43.312,11.1487,0.0,0.65,0.301333,0.0,0.0,0.0,-3.38133,21.8467,56.104
2030,25.332,18.8667,203.477,43.16,11.0507,0.0,0.694,0.423333,0.0,0.0,0.0,-3.12,21.6387,56.728
2045,25.2173,18.0,202.901,42.6907,11.426,0.0,0.65,0.721333,0.0,0.0,0.0,-3.042,21.4453,57.5253
2100,25.1107,18.0,202.347,42.5547,11.6053,0.0,0.65,0.557333,0.0,0.0,0.0,-3.25067,21.2627,58.0293
2115,24.9947,17.0667,202.688,42.9253,11.0507,0.0,0.65,0.480667,0.0,0.0,0.0,-3.18533,21.0733,58.752
2130,24.868,17.0,201.973,41.7307,11.5887,0.0,0.65,0.760667,0.0,0.0,0.0,-3.17267,20.896,59.1947
2145,24.7467,17.0,202.165,41.9107,11.23,0.0,0.65,0.379333,0.0,0.0,0.0,-3.18533,20.704,59.8827
2200,24.6227,17.0,202.475,41.716,11.5073,0.0,0.65,0.303333,0.0,0.0,0.0,-3.042,20.4773,60.44
2215,24.516,17.0,202.059,41.4587,11.426,0.0,0.606667,0.0933333,0.0,0.0,0.0,-3.238,20.2933,61.1227
2230,24.408,16.8667,202.453,40.68,11.034,0.0,0.65,0.678667,0.0,0.0,0.0,-3.18533,20.0973,61.4907
2245,24.2733,16.0,201.941,40.4707,11.5887,0.0,0.65,0.641333,0.0,0.0,0.0,-3.17267,19.9087,62.0587
2300,24.1373,16.0,202.528,39.536,11.1487,0.0,0.65,0.666667,0.0,0.0,0.0,-3.042,19.766,62.4133
2315,24.0147,16.0,202.688,40.132,11.4093,0.0,0.65,0.316667,0.0,0.0,0.0,-3.12,19.5953,62.9547
2330,23.9,16.0,202.656,39.9147,11.5887,0.0,0.65,0.0,0.0,0.0,0.0,-3.18533,19.37,62.912
2345,23.7773,16.0,203.339,39.7893,11.2633,0.0,0.65,0.0806667,0.0,0.0,0.0,-3.25067,19.1613,63.424
0,23.6533,15.2,204.235,39.76,11.6053,0.0,0.65,0.173333,0.0,0.0,0.0,-3.042,19.0167,64.3093
15,23.5333,15.0,203.573,39.6347,11.4427,0.0,0.65,0.217333,0.0,0.0,0.0,-3.12,18.912,64.6933
30,23.4173,15.0,204.064,39.4573,11.6053,0.0,0.65,0.0,0.0,0.0,0.0,-2.808,18.818,65.04
45,23.332,15.4,203.765,39.352,11.524,0.0,0.65,0.0,0.0,0.0,0.0,-3.12,18.7413,65.3173
100,23.2227,15.9333,203.2,39.0733,11.6867,0.0,0.65,0.533333,0.0,0.0,0.0,-3.18533,18.6767,65.7627
115,23.1133,15.0,203.616,38.724,11.6053,0.0,0.65,0.632667,0.0,0.0,0.0,-3.12,18.612,66.2933
130,23.0,15.0,203.285,38.5373,11.7033,0.0,0.65,0.207333,0.0,0.0,0.0,-3.042,18.5373,66.6293
145,22.8947,15.0,202.763,38.3027,11.524,0.0,0.65,0.163333,0.0,0.0,0.0,-2.964,18.47,66.6933
200,22.7853,15.0,202.944,37.752,11.524,0.0,0.65,1.21333,0.0,0.0,0.0,-3.25067,18.406,66.4507
215,22.664,15.0,203.189,37.5253,11.524,0.0,0.65,1.332,0.0,0.0,0.0,-3.10733,18.3227,66.6853
230,22.5707,15.0,202.805,38.1053,11.4427,0.0,0.65,0.0673333,0.0,0.0,0.0,-2.886,18.1867,67.0613
245,22.476,15.0,204.384,38.084,11.622,0.0,0.65,0.0,0.0,0.0,0.0,-2.964,18.0733,67.0907
300,22.3653,15.0,204.853,38.0173,11.6053,0.0,0.65,0.0493333,0.0,0.0,0.0,-2.964,17.938,67.2267
315,22.2653,15.0,204.597,37.9893,11.6053,0.0,0.65,0.232,0.0,0.0,0.0,-2.964,17.8333,67.1147
330,22.168,14.6667,206.112,38.0613,11.7847,0.0,0.65,0.0,0.0,0.0,0.0,-3.12,17.7387,67.3707
345,22.064,14.0,206.763,38.0373,11.524,0.0,0.65,0.0,0.0,0.0,0.0,-3.042,17.5713,67.52
400,21.98,14.0,207.083,38.1813,11.4427,0.0,0.65,0.0,0.0,0.0,0.0,-2.964,17.4213,67.976
415,21.8787,13.4667,207.413,38.048,11.524,0.0,0.65,0.0,0.0,0.0,0.0,-2.95133,17.3433,68.312
430,21.8,13.0,208.181,38.0627,11.6053,0.0,0.958,0.0,0.0,0.0,0.0,-2.964,17.2193,68.4827
445,21.6853,13.0,208.32,38.18,11.6867,0.0,5.00267,0.0,0.0,0.0,0.0,-3.10733,17.1,68.4533
500,21.5787,13.0,208.128,38.2787,11.524,0.0,87.2,0.0,0.0,0.0,0.0,-3.10733,17.0433,68.536
515,21.4947,13.0,209.472,38.1413,11.524,0.0,446.656,0.052,0.0,71.68,0.0,-1.65067,16.9713,68.0507
530,21.3947,13.6,209.333,38.152,16.0753,0.0,613.376,0.0,1240.06,7669.08,1161.22,11.468,16.9067,67.76
545,21.304,15.8,210.101,38.1947,21.166,0.0,614.08,0.0,3877.89,19931.5,3555.33,48.604,16.8247,67.6667
600,21.2173,16.0,211.061,38.0453,21.0033,0.0,615.531,0.396667,6264.83,31924.2,5569.54,98.2453,16.788,67.048
615,21.14,16.7333,212.459,38.0693,20.9027,0.0,616.555,0.796667,9890.82,53502.0,8995.84,128.304,16.88,66.3787
630,21.112,17.0,213.088,38.4227,21.2473,0.0,618.133,0.179333,11186.2,63488.0,10729.5,155.381,16.986,65.7307
645,21.0747,17.0,213.355,38.564,21.0847,0.0,618.987,0.0386667,11573.2,69416.3,12161.7,213.472,17.142,65.392
700,21.072,17.0,213.643,39.0267,20.9847,0.0,620.096,0.0386667,11647.3,75573.9,14549.0,276.363,17.3387,64.6587
715,21.1,17.0,214.272,39.544,28.4253,0.0,620.907,0.199333,11700.9,79918.4,17651.7,333.813,17.6527,61.8533
730,21.156,17.6667,214.827,39.8,31.468,0.0,621.12,0.83,11812.2,81207.3,22072.0,384.875,18.0713,61.048
745,21.2173,19.0,214.229,40.0653,40.752,0.0,622.059,0.636,11881.8,83102.4,27253.4,439.744,18.5147,60.0827
800,21.316,19.1333,214.293,40.74,41.4987,0.0,622.571,1.15867,11974.7,83746.8,33114.8,492.096,19.0187,58.008
815,21.4493,19.9333,213.664,41.2827,50.3493,0.0,622.912,0.892667,12097.5,84557.8,39265.6,542.763,19.608,56.2587
830,21.616,20.0,212.779,41.5747,51.4053,0.0,623.125,1.62067,12270.3,84759.9,44427.9,593.024,20.2533,54.56
845,21.8053,20.0,212.352,40.8467,51.6533,0.0,623.467,1.60333,12270.9,87528.8,48966.3,640.064,20.9027,53.1573
900,22.008,21.4667,211.723,40.7093,76.4427,0.0,623.851,1.03933,12060.7,86447.4,52275.9,680.363,21.5093,52.0933
915,22.2587,22.0,210.635,40.5653,81.664,0.0,624.32,1.04133,11745.3,84467.7,54848.2,716.373,22.2,50.5707
930,22.4947,22.6667,209.952,40.4413,81.6613,0.0,624.491,0.792,11409.4,79044.6,56767.8,752.085,22.8587,49.472
945,22.7933,23.0,209.589,40.4053,81.8427,0.0,624.576,1.984,11100.8,72766.8,58859.5,788.224,23.4467,48.3253
1000,23.076,23.0,208.64,40.312,81.4027,0.0,624.32,1.604,10678.3,63602.7,59804.3,819.413,24.0667,47.1627
1015,23.364,23.0,208.192,40.232,81.7413,0.0,624.533,1.39267,10384.7,50473.6,60279.5,845.867,24.6773,46.0933
1030,23.6507,23.1333,207.861,40.1227,81.2427,0.0,625.003,1.24533,9540.61,39114.1,60334.1,868.48,25.2907,45.0827
1045,23.9493,23.9333,207.509,40.004,81.8427,0.0,624.917,1.816,9167.87,30033.2,59905.4,890.24,25.9507,43.272
1100,24.2773,24.0,207.883,39.772,81.1627,0.0,624.32,1.95667,8916.99,22614.7,59143.5,908.459,26.5387,42.2773
1115,24.5907,24.5333,206.581,39.6227,81.3413,0.0,624.32,1.91933,8615.94,17902.3,58054.0,923.563,27.0333,40.7973
1130,24.908,25.0,206.816,39.3867,81.1813,0.0,624.661,1.71533,8551.42,15752.5,56464.7,931.584,27.592,39.9413
1145,25.228,25.0,209.184,39.232,81.2427,0.0,623.637,2.69,8945.66,13890.2,54651.6,933.376,28.12,39.9453
1200,25.5213,26.0667,210.389,39.2747,81.0213,0.0,623.125,3.58533,10592.6,11530.9,52644.5,931.456,28.4213,40.288
1215,25.8187,27.0,211.072,39.3707,81.0213,0.0,622.315,3.23533,13803.5,11180.0,50899.6,925.995,28.384,40.3013
1230,26.0853,27.9333,210.891,39.448,81.7653,0.0,621.888,2.36467,17780.7,10686.1,47680.2,887.68,28.288,40.58
1245,26.3133,29.0,210.549,39.5427,84.1307,0.0,621.76,2.846,25172.7,9647.79,45566.6,903.083,28.2947,40.488
1300,26.54,29.0,211.349,39.6693,80.9227,0.0,621.76,2.89133,32849.9,9368.58,42766.3,892.672,28.32,39.028
1315,26.7493,28.0,210.837,39.7787,80.7627,0.0,621.76,2.64067,41354.6,8623.1,39710.7,875.947,28.3133,38.608
1330,26.9507,25.6667,211.211,39.8653,80.8613,0.0,621.589,3.04067,51721.6,8522.75,36872.2,856.107,28.3813,38.5453
1345,27.1573,25.0,211.904,40.0067,80.7627,0.0,621.12,3.582,63234.0,8630.27,33983.1,833.92,28.4093,37.9693
1400,27.316,25.0,210.891,39.996,80.7627,0.0,621.035,3.11,73181.9,8608.77,31028.6,807.339,28.324,37.9973
1415,27.476,25.0,210.688,39.7,80.6827,0.0,620.779,2.92533,78913.5,8350.72,27668.5,779.179,28.292,37.8573
1430,27.568,24.8667,209.28,37.9707,80.9413,0.0,620.608,3.18333,83561.1,8350.72,24536.4,744.747,28.2427,37.268
1445,27.6,24.0,212.469,36.672,58.664,0.0,620.224,3.45,86245.4,8135.68,21405.7,708.565,28.116,36.1493
1500,27.6173,24.0,214.805,35.436,51.488,0.0,619.84,3.56067,85175.0,7949.31,18843.0,669.589,27.9013,35.5853
1515,27.7467,24.0,215.851,36.5427,51.1413,0.0,619.84,3.01333,85508.1,7956.48,16899.4,630.955,27.6547,35.544
1530,27.856,23.4667,215.392,36.0907,48.4373,0.0,619.584,3.06733,83064.1,7956.48,15387.3,589.163,27.3187,35.296
1545,27.9,23.0,212.747,35.7587,41.3373,0.0,619.669,2.484,80276.1,7920.64,14032.2,539.989,26.9667,35.3813
1600,27.924,23.0,211.659,35.5027,33.012,0.0,619.243,2.70267,79276.7,7884.8,12849.8,493.376,26.6093,35.2267
1615,27.884,23.0,209.152,35.3867,21.2473,0.0,618.944,3.314,76873.7,7992.32,12168.5,447.232,26.1627,35.6747
1630,27.8493,23.0,207.979,35.4187,21.002,0.0,618.56,2.42467,68232.5,7526.4,11674.3,370.731,25.7253,36.972
1645,27.7893,23.0,207.979,35.5067,20.922,0.0,618.091,2.39867,49287.2,6515.71,9432.41,267.365,25.372,37.58
1700,27.724,23.0,206.112,35.5373,20.8233,0.0,617.92,1.78333,65933.3,8551.42,10828.8,309.227,25.052,38.3373
1715,27.6493,22.4,205.152,35.6733,20.904,0.0,617.835,2.22,22803.8,6723.58,6802.09,194.219,24.752,38.732
1730,27.576,21.6667,204.224,35.668,20.906,0.0,617.024,1.73,10163.2,5340.16,4838.4,87.408,24.4533,39.0813
1745,27.5027,21.0,204.565,35.776,20.8233,0.0,616.64,1.49133,8322.05,4695.04,4350.98,73.3947,24.1867,39.5093
1800,27.412,20.8667,204.288,35.948,20.9207,0.0,616.64,1.734,7755.78,4078.59,4143.1,63.6427,23.948,39.86
1815,27.3133,20.2,203.691,36.088,21.0033,0.0,616.555,1.836,6379.52,3885.06,3598.34,58.7093,23.72,40.5707
1830,27.208,20.0,203.499,36.1533,21.002,0.0,616.085,1.75067,4157.44,2480.13,2257.92,34.652,23.512,41.1253
1845,27.0933,20.9333,203.552,36.3933,15.0347,0.0,616.0,1.49133,1498.11,788.48,809.984,12.3653,23.2787,42.0373
1900,26.98,20.0667,203.157,36.6933,11.034,0.0,394.955,1.38933,0.0,0.0,0.0,-2.34,23.06,43.0347
1915,26.8427,20.0,204.267,37.076,11.524,0.0,45.9227,1.10933,0.0,0.0,0.0,-3.44667,22.824,43.936
1930,26.728,20.0,204.085,37.3827,11.7033,0.0,2.76067,0.885333,0.0,0.0,0.0,-3.316,22.5893,44.4133
1945,26.5893,19.2667,205.173,37.4547,11.132,0.0,0.694,0.698,0.0,0.0,0.0,-3.316,22.3653,44.896
2000,26.4427,19.0,205.301,37.6453,11.5887,0.0,0.65,0.110667,0.0,0.0,0.0,-3.30333,22.1173,45.5227
2015,26.3427,18.2667,204.491,37.856,11.034,0.0,0.65,0.339333,0.0,0.0,0.0,-3.25067,21.9027,46.3467
2030,26.22,18.0,205.323,38.1813,11.6053,0.0,0.65,0.241333,0.0,0.0,0.0,-3.10733,21.7187,47.376
2045,26.1147,18.0,204.171,38.4693,11.0507,0.0,0.65,0.691333,0.0,0.0,0.0,-3.12,21.556,48.84
2100,26.0027,18.0,204.075,38.804,11.2133,0.0,0.65,0.741333,0.0,0.0,0.0,-3.12,21.4187,50.08
2115,25.8693,18.0,204.032,39.044,11.328,0.0,0.65,0.681333,0.0,0.0,0.0,-3.25067,21.2627,51.088
2130,25.756,17.8667,203.371,39.1653,11.426,0.0,0.65,0.612,0.0,0.0,0.0,-3.38133,21.124,51.5893
2145,25.6147,17.0,203.221,39.1773,11.132,0.0,0.65,0.812667,0.0,0.0,0.0,-3.12,20.9507,52.2773
2200,25.4827,17.0,202.805,39.144,10.9527,0.0,0.65,1.01267,0.0,0.0,0.0,-3.18533,20.7587,52.6747
2215,25.336,17.0,203.659,39.0747,11.1487,0.0,0.65,0.691333,0.0,0.0,0.0,-3.18533,20.6253,53.1013
2230,25.2067,17.0,203.52,39.0507,11.3927,0.0,0.65,0.841333,0.0,0.0,0.0,-3.10733,20.4813,54.0293
2245,25.0827,17.0,203.115,38.8133,11.2467,0.0,0.65,1.15,0.0,0.0,0.0,-3.10733,20.3807,54.824
2300,24.944,17.0,203.883,38.9173,11.426,0.0,0.65,0.934,0.0,0.0,0.0,-3.25067,20.286,55.7413
2315,24.8213,17.0,202.987,38.668,11.6053,0.0,0.65,1.37,0.0,0.0,0.0,-3.12,20.2233,56.0053
2330,24.6933,17.0,202.987,38.2067,11.4093,0.0,0.65,1.56067,0.0,0.0,0.0,-3.042,20.1733,56.9547
2345,24.58,17.0,202.379,38.576,11.6053,0.0,0.65,0.862667,0.0,0.0,0.0,-3.316,20.084,57.872
0,24.4813,17.0,202.027,38.444,11.622,0.0,0.65,1.068,0.0,0.0,0.0,-3.25067,20.0,57.376
15,24.3933,17.0,202.091,38.472,11.5073,0.0,0.65,1.05867,0.0,0.0,0.0,-2.886,19.9047,57.376
30,24.2587,17.0,201.44,38.4307,11.524,0.0,0.65,0.692,0.0,0.0,0.0,-3.18533,19.8,57.7013
45,24.1773,17.0,201.653,38.5653,11.5073,0.0,0.65,0.376,0.0,0.0,0.0,-3.042,19.7267,56.9547
100,24.0667,17.0,201.728,38.244,11.328,0.0,0.694,1.016,0.0,0.0,0.0,-3.02933,19.68,56.5813
115,23.9493,17.0,201.173,38.0747,11.5073,0.0,0.65,0.8,0.0,0.0,0.0,-3.17267,19.5933,56.544
130,23.864,17.0,201.045,38.236,11.524,0.0,0.65,0.745333,0.0,0.0,0.0,-2.964,19.53,56.496
145,23.7733,17.0,201.152,38.3333,11.7033,0.0,0.65,0.492667,0.0,0.0,0.0,-2.964,19.4787,57.6587
200,23.6747,17.0,201.771,38.3747,11.4093,0.0,0.65,0.168667,0.0,0.0,0.0,-3.18533,19.4413,57.7013
215,23.5947,17.0,201.397,38.5347,11.5073,0.0,0.65,0.223333,0.0,0.0,0.0,-3.12,19.37,57.0187
230,23.4987,16.8,200.928,38.2587,11.524,0.0,0.65,0.242667,0.0,0.0,0.0,-3.12,19.32,56.376
245,23.4107,16.0,202.336,38.248,11.4093,0.0,0.65,0.150667,0.0,0.0,0.0,-3.12,19.288,56.36
300,23.3573,16.0,202.283,38.352,11.5073,0.0,0.65,0.100667,0.0,0.0,0.0,-3.042,19.23,56.992
315,23.2733,16.0,202.421,38.3973,11.524,0.0,0.65,0.0773333,0.0,0.0,0.0,-2.964,19.18,57.288
330,23.2093,16.0,202.411,38.3907,11.6053,0.0,0.65,0.238667,0.0,0.0,0.0,-3.12,19.112,57.9067
345,23.1053,16.0,203.488,38.3893,11.5073,0.0,0.65,0.215333,0.0,0.0,0.0,-3.10733,19.0773,57.912
400,23.028,16.0,203.595,38.3,11.3447,0.0,0.65,0.0,0.0,0.0,0.0,-3.10733,18.9993,58.6427
415,22.9493,16.0,204.587,38.3893,11.524,0.0,0.65,0.0,0.0,0.0,0.0,-3.18533,18.89,59.5013
430,22.8893,16.0,205.579,38.4693,11.622,0.0,0.65,0.0,0.0,0.0,0.0,-2.964,18.8333,59.392
445,22.8053,16.0,206.549,38.4333,11.426,0.0,2.366,0.794667,0.0,0.0,0.0,-3.042,18.7733,59.616
500,22.7227,16.0,207.179,38.4373,11.7033,0.0,39.6493,0.558667,0.0,0.0,0.0,-3.10733,18.67,60.1813
515,22.636,16.0,207.701,38.468,11.524,0.0,273.109,0.558667,0.0,0.0,0.0,-2.24867,18.5813,61.208
530,22.5573,15.8667,208.021,38.524,11.6053,0.0,613.931,0.178667,0.0,308.224,0.0,6.546,18.5133,62.4907
545,22.488,15.0,208.757,38.5733,20.1407,0.0,614.4,0.0,71.68,1555.46,838.656,16.6647,18.5,63.0427
600,22.4067,15.0,208.683,38.596,21.2633,0.0,614.4,0.135333,1240.06,1942.53,1627.14,25.7213,18.5,63.3947
615,22.34,15.0,208.427,38.636,20.8233,0.0,614.464,0.0493333,1462.27,2143.23,1913.86,31.2187,18.4967,63.072
630,22.268,15.1333,208.491,38.7867,21.1007,0.0,615.296,0.332,2903.04,3756.03,3354.62,58.152,18.5333,62.5093
645,22.232,15.8,208.16,38.5853,20.986,0.0,615.744,0.646,5268.48,6336.51,6035.46,101.387,18.602,62.4133
700,22.192,16.0,208.416,38.5933,21.164,0.0,616.085,0.454,6078.46,7347.2,6759.42,109.248,18.6967,62.2827
715,22.144,16.0,208.949,38.332,20.742,0.0,616.256,1.34333,7081.98,9697.62,7956.48,130.88,18.8067,62.552
730,22.132,16.0,208.971,38.5907,20.9047,0.0,616.64,0.646,8623.1,11015.5,10614.1,167.339,18.8833,62.1333
745,22.124,16.0,209.259,38.7453,21.0833,0.0,616.64,0.528,7934.98,8071.17,8357.89,138.933,19.0053,61.664
800,22.132,16.0,209.621,38.8933,20.986,0.0,616.725,0.584,8064.0,9425.92,9246.72,145.84,19.1587,60.632
815,22.14,16.0,209.728,39.0613,21.164,0.0,617.237,0.524,9167.87,13150.2,11444.6,185.717,19.2993,59.8053
830,22.172,16.0667,209.579,39.024,20.986,0.0,617.536,0.354667,11194.7,13358.4,12677.1,214.112,19.4553,59.1227
845,22.1973,16.9333,208.821,39.004,20.9033,0.0,617.92,0.544,12025.2,13107.9,13495.0,216.917,19.5993,58.5413
900,22.2373,17.0,208.672,39.2467,22.0107,0.0,617.963,0.406667,13573.5,15688.4,15545.0,257.227,19.7807,57.9813
915,22.288,17.9333,208.597,39.42,29.7273,0.0,618.389,0.520667,13910.7,16225.6,16096.6,266.859,19.976,57.3707
930,22.3613,18.0,209.589,39.4653,21.5233,0.0,618.56,0.0773333,13589.2,15400.3,14942.9,251.456,20.176,56.7973
945,22.4227,18.0,209.483,39.5907,21.0653,0.0,618.56,0.249333,13172.7,14017.9,14261.6,230.944,20.364,56.4293
1000,22.5053,18.0,209.035,39.6693,32.6193,0.0,618.773,0.283333,16326.7,17337.0,19499.7,292.917,20.564,56.1573
1015,22.6093,18.0,213.227,39.5893,41.6173,0.0,619.797,0.148,17982.8,22975.1,23533.6,368.768,20.78,55.5413
1030,22.728,18.0,215.563,39.7627,42.556,0.0,619.84,0.376667,19178.8,22516.4,25008.8,378.091,21.076,54.8933
1045,22.8547,19.0,216.224,39.8573,49.156,0.0,620.437,0.858667,21325.8,25258.7,27923.8,443.435,21.388,54.3627
1100,22.972,19.0,217.035,39.916,39.812,0.0,620.053,0.614667,19006.1,20816.6,22106.8,356.992,21.7253,53.84
1115,23.088,19.5333,218.005,39.968,41.4347,0.0,620.011,0.262,19092.8,20469.1,22563.5,368.32,21.9347,53.5573
1130,23.212,20.0,216.907,40.2453,41.436,0.0,619.925,0.926667,18763.8,19966.6,21261.7,350.272,22.108,53.336
1145,23.336,20.0,216.501,40.1707,35.3373,0.0,619.797,1.056,18985.6,18655.9,20073.8,323.627,22.3093,52.9973
1200,23.432,20.0,215.371,40.2547,41.596,0.0,619.627,1.15267,20783.1,20561.9,23665.3,380.843,22.4733,52.8347
1215,23.564,20.0,215.787,40.2373,45.848,0.0,619.755,1.906,22396.9,21999.6,25869.0,423.083,22.6667,52.7467
1230,23.7013,20.4,214.773,40.0933,67.3173,0.0,619.797,2.30533,26161.2,24014.8,33022.0,545.792,22.848,52.5547
1245,23.8693,21.0667,213.739,40.0907,44.2213,0.0,619.456,2.406,21456.2,21441.2,25347.4,408.619,23.036,52.184
1300,23.976,22.0,207.733,40.1987,41.4973,0.0,618.773,2.16133,20046.5,20525.1,22421.5,370.752,23.052,52.1867
1315,24.0707,21.8667,205.696,40.4827,36.7213,0.0,618.56,1.76933,19466.9,19307.9,20568.1,342.869,23.072,52.3973
1330,24.1627,21.0,204.693,40.672,38.0867,0.0,618.56,2.334,20582.4,19020.5,20847.3,346.784,23.104,52.0427
1345,24.2467,21.0,203.808,41.008,39.6947,0.0,618.56,2.22467,23599.1,18878.5,21747.0,372.309,23.076,51.776
1400,24.348,21.0,203.093,41.6427,42.1987,0.0,618.56,1.99333,23150.6,18677.8,21062.3,376.981,23.064,51.6693
1415,24.4347,20.4667,202.197,42.1307,33.1747,0.0,618.56,1.43,21476.0,18053.8,19609.6,337.408,23.048,51.856
1430,24.508,20.0,201.547,42.4533,39.696,0.0,618.901,1.342,26914.8,17265.3,21182.5,379.84,23.096,52.0427
1445,24.564,20.0,201.952,42.184,37.1267,0.0,618.731,1.65733,23483.1,17013.4,20684.8,333.536,23.164,51.7653
1500,24.632,20.0,201.141,42.3093,42.6773,0.0,619.115,1.42,35673.4,17207.3,22821.5,419.627,23.208,51.8107
1515,24.732,20.0,200.235,42.1813,45.5587,0.0,619.2,1.778,44249.1,16649.6,22668.6,453.845,23.2707,51.6773
1530,24.8053,20.0,200.331,42.424,42.1173,0.0,619.2,2.08933,42552.0,14792.0,19856.7,413.461,23.3293,51.5733
1545,24.884,20.0,200.096,42.5067,31.84,0.0,618.645,1.67333,33509.4,12598.6,16763.6,335.413,23.3187,51.328
1600,24.9347,20.5333,199.733,42.744,22.3047,0.0,618.389,1.72467,26148.9,11795.1,14749.0,279.051,23.264,51.2987
1615,24.9667,21.0,198.987,42.8213,23.1013,0.0,618.219,1.84533,31536.5,11530.9,14748.3,296.0,23.1893,51.6347
1630,24.9893,21.0,198.411,43.056,21.166,0.0,617.92,1.57733,21441.2,10020.9,12305.7,219.765,23.1,51.8267
1645,25.0013,21.0,198.389,43.2987,21.3447,0.0,617.451,1.49733,15065.1,8479.74,10300.4,171.093,22.9973,52.1547
1700,24.9893,21.0,197.568,43.5467,20.562,0.0,617.28,1.65667,14656.2,7970.82,9339.9,158.165,22.8733,52.2533
1715,24.9787,20.4667,197.461,43.7253,20.986,0.0,617.109,1.096,12033.4,7003.14,8300.54,139.525,22.7347,52.728
1730,24.964,20.0,197.856,43.9733,20.9033,0.0,616.853,0.899333,8758.95,5698.56,6092.8,107.824,22.568,53.4293
1745,24.928,20.0,198.283,44.192,20.8053,0.0,616.597,1.24,6264.83,4644.86,4816.9,85.9813,22.4253,54.112
1800,24.86,19.8667,198.016,44.3867,21.0673,0.0,616.128,1.21933,5433.34,3763.2,4114.43,69.1547,22.2453,54.9733
1815,24.8093,19.0,197.568,44.5707,20.9213,0.0,616.0,1.35067,3698.69,2960.38,3067.9,46.904,22.084,55.9707
1830,24.764,19.0,197.717,44.9253,19.1807,0.0,615.744,1.10667,1878.02,1304.58,1533.95,19.8507,21.8933,57.0853
1845,24.6733,19.0,198.144,45.2827,11.524,0.0,615.36,1.016,286.72,0.0,0.0,4.866,21.6947,58.3307
1900,24.5907,19.0,198.347,45.808,11.23,0.0,461.979,0.902,0.0,0.0,0.0,-1.76733,21.5253,59.6507
1915,24.5173,18.0667,198.048,45.9813,11.23,0.0,44.916,0.892667,0.0,0.0,0.0,-3.18533,21.34,60.96
1930,24.4507,18.0,198.219,46.112,11.524,0.0,2.45333,0.727333,0.0,0.0,0.0,-3.18533,21.148,61.616
1945,24.3653,18.0,198.4,46.136,11.3113,0.0,0.782,1.018,0.0,0.0,0.0,-3.18533,20.9213,62.3413
2000,24.26,17.8667,198.048,46.048,11.426,0.0,0.65,0.630667,0.0,0.0,0.0,-3.12,20.744,63.192
2015,24.1813,17.2,197.867,46.1707,11.23,0.0,0.65,0.462,0.0,0.0,0.0,-3.042,20.52,64.2427
2030,24.0787,17.0,198.869,45.968,11.3613,0.0,0.65,0.228,0.0,0.0,0.0,-3.316,20.3387,64.88
2045,23.9853,17.0,198.336,45.2587,11.6867,0.0,0.65,0.328667,0.0,0.0,0.0,-2.95133,20.1933,65.5733
2100,23.888,16.4667,198.016,44.5173,11.426,0.0,0.65,0.533333,0.0,0.0,0.0,-3.12,20.044,66.2747
2115,23.7787,16.0,198.283,44.936,11.6053,0.0,0.65,0.192,0.0,0.0,0.0,-3.25067,19.898,66.8987
2130,23.6653,16.0,198.411,44.9493,11.5407,0.0,0.65,0.234,0.0,0.0,0.0,-3.10733,19.7453,67.176
2145,23.5773,16.0,198.24,44.7333,11.5073,0.0,0.65,0.036,0.0,0.0,0.0,-3.09467,19.606,67.552
2200,23.476,16.0,197.888,44.8427,11.6867,0.0,0.65,0.052,0.0,0.0,0.0,-3.02933,19.48,67.856
2215,23.384,16.0,198.112,44.5707,11.524,0.0,0.65,0.0,0.0,0.0,0.0,-3.042,19.3573,67.928
2230,23.308,16.0,197.792,44.0587,11.6053,0.0,0.65,0.0,0.0,0.0,0.0,-3.12,19.232,68.2987
2245,23.208,16.0,197.696,43.8267,11.426,0.0,0.65,0.0,0.0,0.0,0.0,-3.12,19.112,68.128
2300,23.1093,15.8667,198.581,43.448,11.5073,0.0,0.65,0.0,0.0,0.0,0.0,-3.042,18.972,67.968
2315,23.0147,15.0,198.944,43.5493,11.426,0.0,0.694,0.0,0.0,0.0,0.0,-3.10733,18.792,68.2987
2330,22.9267,15.0,199.68,43.4107,11.7847,0.0,0.65,0.0,0.0,0.0,0.0,-3.10733,18.65,68.1733
2345,22.832,15.0,200.864,43.2533,11.5073,0.0,0.65,0.0,0.0,0.0,0.0,-3.042,18.5407,68.208
0,22.7213,15.0,201.259,42.6027,11.7033,0.0,0.65,0.122,0.0,0.0,0.0,-3.02933,18.416,68.1227
15,22.6253,14.1333,201.547,42.6827,11.426,0.0,0.65,0.0,0.0,0.0,0.0,-3.12,18.2673,67.9733
30,22.5373,14.0,202.688,42.744,11.5073,0.0,0.65,0.0986667,0.0,0.0,0.0,-3.12,18.1853,68.2133
45,22.4333,14.0,203.52,42.2053,11.622,0.0,0.65,0.949333,0.0,0.0,0.0,-3.12,18.1593,68.3173
100,22.3347,14.0,203.424,42.704,11.6053,0.0,0.65,0.22,0.0,0.0,0.0,-3.12,18.124,68.392
115,22.2307,14.0,203.275,42.6133,11.5073,0.0,0.65,0.0,0.0,0.0,0.0,-3.042,18.0267,68.704
130,22.156,14.0,203.616,42.1813,11.524,0.0,0.65,0.148,0.0,0.0,0.0,-2.964,17.8407,68.8453
145,22.0587,14.0,203.659,42.28,11.3613,0.0,0.65,0.0,0.0,0.0,0.0,-2.964,17.654,69.0747
200,21.976,14.0,203.808,42.5893,11.6867,0.0,0.694,0.111333,0.0,0.0,0.0,-3.18533,17.57,69.2373
215,21.8907,14.0,205.205,42.8373,11.524,0.0,0.65,0.365333,0.0,0.0,0.0,-3.12,17.5467,69.5067
230,21.8173,14.0,205.195,42.656,11.524,0.0,0.65,0.122,0.0,0.0,0.0,-2.808,17.53,69.6373
245,21.7267,14.0,205.067,42.8053,11.7033,0.0,0.65,0.152667,0.0,0.0,0.0,-3.12,17.5667,69.4187
300,21.6507,14.0,205.483,42.9947,11.524,0.0,0.694,0.0,0.0,0.0,0.0,-3.042,17.6007,69.6587
315,21.56,14.0,204.779,42.9493,11.6867,0.0,0.694,0.0,0.0,0.0,0.0,-3.10733,17.6473,69.2213
330,21.5,14.6,205.653,42.4187,11.524,0.0,0.694,0.658667,0.0,0.0,0.0,-3.042,17.7233,68.9253
345,21.44,15.0,206.059,42.5573,11.6053,0.0,0.65,0.254,0.0,0.0,0.0,-2.964,17.7467,68.7387
400,21.372,15.0,205.525,42.3547,11.6053,0.0,0.65,0.582,0.0,0.0,0.0,-3.042,17.7333,68.7227
415,21.296,15.0,205.557,42.4587,11.6053,0.0,0.65,0.830667,0.0,0.0,0.0,-3.042,17.7067,69.272
430,21.2373,15.0,205.131,42.7787,11.6053,0.0,0.694,0.0,0.0,0.0,0.0,-3.042,17.648,69.3653
445,21.1747,15.0,205.504,42.7067,11.6053,0.0,2.40933,0.238667,0.0,0.0,0.0,-3.02933,17.6127,69.312
500,21.108,15.0,205.355,42.8213,11.6053,0.0,35.2573,0.0,0.0,0.0,0.0,-2.964,17.58,69.3707
515,21.052,15.0,205.003,42.9787,11.7847,0.0,205.072,0.0,0.0,0.0,0.0,-2.02733,17.5093,69.5947
530,20.988,14.6667,204.235,43.12,12.6453,0.0,598.891,0.0986667,0.0,351.232,229.376,6.87,17.4173,69.8027
545,20.9293,14.0,203.648,43.264,18.6607,0.0,614.4,0.121333,0.0,1412.1,222.208,13.6167,17.3933,69.568
600,20.8827,14.1333,203.968,43.4213,21.1653,0.0,614.4,0.0,1498.11,2308.1,1878.02,28.796,17.3767,69.5467
615,20.84,15.0,203.915,43.4293,21.1647,0.0,615.04,0.0,1885.18,2028.54,1942.53,34.8067,17.3967,68.96
630,20.792,15.3333,204.555,43.4773,21.2633,0.0,615.445,0.0,3411.97,4981.76,3971.07,68.6053,17.472,68.76
645,20.7627,16.0,203.616,43.7067,21.1013,0.0,616.427,0.0,6959.45,23927.5,8858.97,135.709,17.57,68.6747
700,20.7653,16.0,203.691,43.6693,21.0833,0.0,618.432,0.192,10571.8,51230.0,15179.8,234.656,17.6953,68.3973
715,20.8,15.2667,203.872,43.408,27.904,0.0,619.541,0.0386667,11257.9,55448.9,18633.4,274.784,17.8707,68.4507
730,20.836,15.3333,203.456,43.4587,23.1033,0.0,619.584,0.0,9762.47,38741.3,17400.5,235.765,18.0913,67.224
745,20.8787,16.0,203.456,43.856,23.9647,0.0,619.285,0.0,10091.5,29594.3,16327.3,238.219,18.2807,67.4507
800,20.9093,16.0,202.101,43.536,20.9207,0.0,618.56,0.08,9339.56,19443.0,14949.7,209.333,18.454,66.8133
815,20.968,16.0,202.539,43.8213,27.79,0.0,618.731,0.0,10170.0,29984.8,20173.5,263.147,18.642,66.4133
830,21.0453,16.0,202.88,43.9787,41.4267,0.0,620.096,0.230667,13266.3,44968.6,28896.6,383.285,18.8487,65.9147
845,21.144,16.9333,202.187,43.984,60.1867,0.0,620.907,0.732667,18582.9,59067.1,37627.9,521.013,19.2353,64.656
900,21.308,17.0,202.176,43.9093,74.8613,0.0,622.443,0.54,21548.4,73154.6,48577.2,643.883,19.7353,63.6427
915,21.4933,17.0,202.027,43.648,81.6027,0.0,623.125,0.791333,20275.2,70847.1,49943.9,666.517,20.2707,62.776
930,21.7013,17.0,202.059,43.2027,79.3867,0.0,623.168,1.19867,18985.0,70612.3,53548.4,710.208,20.7533,61.92
945,21.9307,17.5333,201.333,43.248,81.7413,0.0,623.125,0.678,18748.1,66360.7,55012.0,739.2,21.2467,61.1173
1000,22.1653,18.7333,201.323,43.1387,71.4293,0.0,623.296,0.978,15300.9,53448.0,48516.4,658.443,21.7,60.384
1015,22.3333,19.0,202.133,43.4267,35.208,0.0,620.181,1.22933,12921.9,22200.3,23175.2,293.067,21.912,60.3307
1030,22.4987,19.0,201.515,43.4827,88.568,0.0,620.608,2.016,20645.9,35248.8,48177.2,705.387,21.9093,60.8293
1045,22.7293,19.0,202.027,43.2613,92.92,0.0,621.589,2.434,15121.7,33262.3,54020.8,805.12,22.2573,60.2213
1100,22.9573,19.0,200.864,43.3227,100.651,0.0,621.461,2.55333,12312.6,27187.9,54995.6,852.949,22.6627,59.4107
1115,23.192,19.0,200.704,43.3973,105.693,0.0,621.163,2.654,11989.7,22831.8,56115.2,891.989,23.0093,58.744
1130,23.4267,19.0,200.64,43.3813,109.648,0.0,621.589,2.776,11653.8,19316.1,54023.5,902.272,23.3627,58.0587
1145,23.6547,19.3333,200.032,43.4933,103.013,0.0,621.547,2.51,12957.7,17502.2,54168.2,897.408,23.7,57.4933
1200,23.9,20.0,199.893,43.456,104.072,0.0,621.504,3.04333,16125.3,18503.7,52112.0,847.979,24.0533,56.3413
1215,24.072,20.0,199.904,43.504,77.384,0.0,620.736,3.128,20316.2,21735.4,40797.5,695.424,24.156,55.9707
1230,24.264,20.6667,199.307,43.6667,89.688,0.0,620.779,2.40733,21232.3,19086.7,45626.7,800.341,24.1453,56.0267
1245,24.4573,22.0,199.723,43.76,91.2427,0.0,621.12,2.07267,27439.1,18025.1,46058.2,826.88,24.1987,56.136
1300,24.6267,22.0,199.701,43.752,105.776,0.0,621.248,2.81267,36376.6,21792.1,47973.7,934.357,24.352,56.088
1315,24.8307,21.0667,199.211,43.832,93.9493,0.0,621.163,2.998,42071.4,18821.1,40454.8,897.237,24.5747,56.0053
1330,25.0107,21.0,199.093,43.888,104.451,0.0,620.736,3.702,53697.2,15092.4,39676.6,884.843,24.712,55.5467
1345,25.1787,21.0,199.019,44.144,88.1627,0.0,620.437,2.76867,61390.8,12512.9,35050.8,795.243,24.704,55.1813
1400,25.3173,21.0,199.04,44.496,69.512,0.0,619.755,3.50933,56628.6,12641.3,29478.9,664.181,24.632,54.4027
1415,25.388,21.0,198.443,45.304,22.3033,0.0,618.005,2.45667,6235.82,9925.97,9846.78,149.265,24.332,54.5867
1430,25.376,20.8667,197.749,46.4187,15.7347,0.333333,612.992,1.87733,272.384,838.656,494.592,10.816,23.8027,57.2533
1445,25.3267,20.0,197.365,48.6533,21.0033,1.0,615.36,1.33533,2981.89,3024.9,3110.91,65.3673,22.9893,66.9787
1500,25.2827,18.9333,197.237,50.064,20.7407,1.0,615.296,0.629333,2774.02,3254.27,3376.13,61.5787,22.4107,69.304
1515,25.1947,17.2667,196.555,51.3467,20.904,1.0,614.976,0.943333,2702.34,2558.98,2609.15,52.304,22.0467,70.1893
1530,25.108,17.0,196.021,51.6053,20.8233,1.0,614.848,0.750667,4171.78,3677.18,3476.48,70.528,21.708,71.1573
1545,25.0213,17.0,195.68,51.4853,21.1653,1.0,614.848,1.45267,2265.09,2422.78,2472.96,47.7867,21.4547,71.3173
1600,24.912,17.0,195.115,52.1893,21.0833,1.0,614.4,1.49533,2265.09,2372.61,2487.3,46.6267,21.092,71.9093
1615,24.7907,17.0,194.997,52.5893,20.8227,0.8,614.528,1.278,2451.46,3261.44,2931.71,56.1413,20.796,72.4747
1630,24.6707,17.0,194.741,52.5787,21.02,0.0,614.528,2.02467,2487.3,2566.14,2472.96,48.4533,20.474,71.1067
1645,24.564,17.0,195.189,52.1387,21.0833,0.0,614.464,2.524,1763.33,1813.5,1677.31,35.816,20.084,68.3307
1700,24.4427,17.0,194.677,51.5013,20.724,0.333333,614.4,2.55,1820.67,1662.98,1777.66,34.6413,19.6093,66.648
1715,24.3067,17.0,195.008,50.6853,20.742,0.0666667,614.4,1.57267,1569.79,1576.96,1562.62,29.9013,19.298,66.496
1730,24.1827,17.0,194.251,49.8933,20.66,0.0,614.4,0.986,1340.42,982.016,1240.06,21.1773,19.1153,68.0773
1745,24.0533,17.0,194.592,49.1627,20.742,0.0,614.464,1.988,1412.1,1426.43,1498.11,26.204,19.082,67.904
1800,23.9307,17.0,193.579,48.6827,16.4347,0.0,614.4,2.24533,1218.56,695.296,1146.88,18.9673,18.9487,66.8373
1815,23.804,17.0,192.928,48.6853,11.4427,0.0,614.4,2.474,1404.93,924.672,1412.1,16.522,18.7493,63.7413
1830,23.6733,17.0,193.152,48.4027,11.6053,0.0,614.464,2.27467,372.736,415.744,401.408,9.944,18.5327,62.6507
1845,23.5347,17.0,192.8,47.8453,11.5407,0.0,614.4,2.79467,0.0,0.0,0.0,4.01867,18.35,61.872
1900,23.3947,16.7333,193.152,47.704,11.426,0.0,444.64,2.71667,0.0,0.0,0.0,-0.949333,18.25,62.24
1915,23.2813,16.0,193.035,47.9253,11.6867,0.0,41.138,1.768,0.0,0.0,0.0,-3.042,18.1293,61.5413
1930,23.1573,16.0,192.661,47.624,11.4427,0.0,3.15667,2.28067,0.0,0.0,0.0,-3.10733,17.9833,61.168
1945,23.016,16.0,192.8,47.208,11.524,0.0,0.738,2.44533,0.0,0.0,0.0,-3.042,17.8313,60.8907
2000,22.8987,16.0,191.723,46.768,11.622,0.0,0.65,1.95867,0.0,0.0,0.0,-3.042,17.686,61.232
2015,22.764,16.0,192.437,46.4453,11.4427,0.0,0.65,1.75333,0.0,0.0,0.0,-2.964,17.556,61.128
2030,22.6187,15.6667,192.277,46.7413,11.6053,0.0,0.65,2.19933,0.0,0.0,0.0,-2.808,17.3633,60.5813
2045,22.4907,15.0,192.416,46.9387,11.6053,0.0,0.65,2.00933,0.0,0.0,0.0,-3.12,17.1207,60.2773
2100,22.344,15.0,192.416,46.6747,11.426,0.0,0.65,1.936,0.0,0.0,0.0,-3.042,16.938,60.3867
2115,22.196,15.0,191.989,46.4693,11.866,0.0,0.694,2.12267,0.0,0.0,0.0,-2.886,16.7927,59.376
2130,22.072,15.0,192.32,46.416,11.622,0.0,0.65,1.89667,0.0,0.0,0.0,-3.042,16.674,58.6667
2145,21.9453,15.0,191.957,46.184,11.5073,0.0,0.65,2.682,0.0,0.0,0.0,-2.964,16.4647,58.52
2200,21.7987,15.0,191.968,46.0693,11.622,0.0,0.65,2.666,0.0,0.0,0.0,-3.042,16.3167,57.7573
2215,21.656,15.0,191.115,45.8027,11.622,0.0,0.65,2.73733,0.0,0.0,0.0,-2.886,16.1453,57.2907
2230,21.5173,14.4667,190.901,45.736,11.6053,0.0,0.65,2.03733,0.0,0.0,0.0,-2.964,16.0113,57.6693
2245,21.3853,14.0,191.189,45.6133,11.524,0.0,0.65,1.84133,0.0,0.0,0.0,-2.964,15.8433,58.248
2300,21.2453,14.0,190.379,45.4827,11.6867,0.0,0.65,1.55067,0.0,0.0,0.0,-2.886,15.72,58.9333
2315,21.1187,14.0,190.56,45.3573,11.622,0.0,0.65,1.64867,0.0,0.0,0.0,-3.02933,15.6473,59.4267
2330,20.9853,14.0,190.411,45.3813,11.6053,0.0,0.65,0.958667,0.0,0.0,0.0,-2.886,15.516,59.6427
2345,20.864,13.4667,190.485,45.2613,11.524,0.0,0.65,0.732,0.0,0.0,0.0,-2.652,15.4213,59.976
0,20.736,13.0,190.859,45.3547,11.7033,0.0,0.65,1.87533,0.0,0.0,0.0,-2.652,15.3233,60.2693
15,20.616,13.0,190.507,45.4427,11.67,0.0,0.65,2.24067,0.0,0.0,0.0,-2.71733,15.1733,60.3093
30,20.5007,13.0,190.88,45.416,11.524,0.0,0.65,1.90867,0.0,0.0,0.0,-2.964,15.1013,60.4587
45,20.3833,13.0,189.877,45.3387,11.8013,0.0,0.65,1.71533,0.0,0.0,0.0,-2.95133,15.0567,60.504
100,20.26,13.0,190.133,45.248,11.6867,0.0,0.65,1.07333,0.0,0.0,0.0,-2.73,15.0147,60.5627
115,20.1587,13.0,190.037,45.2853,11.524,0.0,0.65,1.08867,0.0,0.0,0.0,-2.886,14.9627,60.5413
130,20.0427,13.0,190.069,45.3387,11.3613,0.0,0.65,1.83533,0.0,0.0,0.0,-2.574,14.8427,60.648
145,19.9213,13.0,190.549,45.2987,11.9473,0.0,0.65,1.86733,0.0,0.0,0.0,-2.73,14.796,60.2533
200,19.82,13.0,190.613,45.352,11.6867,0.0,0.65,2.004,0.0,0.0,0.0,-2.73,14.7893,59.8373
215,19.7107,13.0,189.931,45.368,11.7033,0.0,0.65,2.072,0.0,0.0,0.0,-2.73,14.7533,59.7333
230,19.6093,12.4667,190.667,45.3387,11.524,0.0,0.65,1.61333,0.0,0.0,0.0,-2.964,14.69,59.9333
245,19.506,12.0,190.261,45.28,11.7847,0.0,0.65,2.17733,0.0,0.0,0.0,-3.042,14.644,60.2853
300,19.3987,12.3333,189.589,45.3013,11.6867,0.0,0.65,1.87667,0.0,0.0,0.0,-2.73,14.594,60.3893
315,19.312,13.0,189.845,45.264,11.7847,0.0,0.606667,1.492,0.0,0.0,0.0,-2.574,14.5867,60.5707
330,19.2127,13.0,189.973,45.256,11.7033,0.0,0.65,1.14267,0.0,0.0,0.0,-2.808,14.56,60.4933
345,19.1213,13.0,189.909,45.2907,11.6053,0.0,0.65,1.35467,0.0,0.0,0.0,-2.808,14.5047,60.4613
400,19.0233,13.0,189.195,45.2773,11.524,0.0,0.65,0.696667,0.0,0.0,0.0,-2.808,14.4447,60.3467
415,18.9393,13.0,190.261,45.2613,11.6867,0.0,0.65,0.432667,0.0,0.0,0.0,-2.574,14.41,60.472
430,18.8567,12.6667,189.835,45.296,11.6867,0.0,0.914,1.02,0.0,0.0,0.0,-2.95133,14.3413,60.6
445,18.7707,12.0,189.408,45.3387,11.768,0.0,8.076,0.926,0.0,0.0,0.0,-2.886,14.2227,60.8693
500,18.6847,12.0,189.931,45.4293,11.6053,0.0,293.401,1.10533,0.0,0.0,0.0,-2.886,14.066,61.184
515,18.5807,12.0,190.848,45.4187,11.7033,0.0,612.736,0.769333,222.208,2121.39,236.544,1.02733,13.888,61.8693
530,18.5087,12.0,190.336,45.432,20.9047,0.0,613.589,0.797333,5160.96,31046.3,4558.85,23.7847,13.7773,62.3573
545,18.4267,12.0,189.728,45.3973,21.3287,0.0,614.976,0.822667,7863.3,46161.9,6881.28,57.864,13.742,62.6373
600,18.3567,12.0,190.848,45.4213,21.246,0.0,616.085,1.21467,9540.61,56391.0,8350.72,101.08,13.76,63.2267
615,18.326,12.0,190.923,45.3973,21.23,0.0,616.981,1.586,10735.6,63389.7,9511.94,149.296,13.8633,62.64
630,18.2787,12.0,190.741,45.4373,21.264,0.0,617.493,1.942,11350.7,67969.0,10342.4,199.68,14.0627,62.2987
645,18.2433,12.5333,190.891,45.5173,21.3113,0.0,618.091,1.72867,11638.8,72455.5,11574.6,250.112,14.2913,61.5013
700,18.2473,13.0,191.264,45.6267,21.5073,0.0,618.56,2.172,11752.1,77215.1,13723.6,303.787,14.5493,61.3573
715,18.286,13.0,191.605,45.6347,31.3053,0.0,619.072,2.78733,11854.5,80926.0,16755.4,357.888,14.852,60.0373
730,18.3227,13.0,191.723,45.6667,36.6053,0.0,619.499,2.842,12334.4,84205.6,21908.1,414.656,15.1807,59.2293
745,18.3667,13.5333,191.275,45.688,37.4507,0.0,619.541,3.34267,11346.3,72192.0,25008.8,403.968,15.5567,57.648
800,18.4347,14.3333,191.051,45.6213,39.9733,0.0,618.816,3.38467,10880.3,64486.1,27635.0,415.253,15.8613,56.5547
815,18.5527,15.0,191.52,45.5573,48.1653,0.0,619.627,3.79267,13617.5,75926.2,37474.3,519.861,16.2267,55.1467
830,18.656,15.0,191.499,45.4107,52.2853,0.0,619.968,2.88867,14927.2,67341.7,37088.6,499.872,16.6533,53.9467
845,18.8047,15.0,191.883,45.1893,64.9227,0.0,620.693,3.25,14841.9,80000.3,44464.8,613.504,17.056,52.96
900,18.9547,15.1333,192.288,44.984,69.9493,0.0,620.736,3.15533,14470.1,76506.5,46497.1,625.995,17.526,51.8187
915,19.136,16.0,192.501,44.752,62.5253,0.0,620.907,2.858,14884.9,61849.6,41594.9,582.325,18.0613,51.3253
930,19.2953,16.0,192.096,44.792,72.9587,0.0,620.437,3.68333,13538.3,65680.7,47192.1,687.339,18.4047,48.808
945,19.5053,16.9333,192.779,44.5227,76.3573,0.0,621.248,2.54,11452.4,66595.5,51722.9,735.296,18.8,48.6053
1000,19.7453,17.0,192.736,44.1147,77.6373,0.0,621.803,2.574,13989.2,61564.2,57434.1,801.067,19.332,47.88
1015,19.9613,17.0,192.843,44.0027,84.4427,0.0,621.376,2.878,17730.2,42892.6,49816.9,780.48,19.802,46.1893
1030,20.1613,17.7333,192.853,43.9253,61.3333,0.0,620.651,2.33133,16297.3,25645.1,34837.8,566.923,20.1587,47.256
1045,20.3073,18.0,193.173,43.784,37.5373,0.0,619.669,1.812,13510.0,16103.4,23642.1,371.552,20.34,46.8453
1100,20.464,18.5333,193.184,43.7787,67.4867,0.0,619.883,1.28933,12512.6,22087.7,41754.6,676.075,20.4667,47.136
1115,20.6653,19.0,193.28,43.5813,96.064,0.0,622.016,1.68733,13932.5,22994.9,55056.4,910.805,20.8933,47.152
1130,20.9267,19.0,193.003,43.1093,111.525,0.0,623.04,2.85533,17113.8,23648.9,61150.5,1094.66,21.6013,44.568
1145,21.2013,19.0,193.429,43.0747,76.6667,0.0,622.144,2.47733,17128.1,18423.8,43454.5,771.776,22.2413,42.7133
1200,21.4013,19.5333,192.939,42.4427,63.7453,0.0,620.949,2.568,17406.0,15480.8,41674.8,672.672,22.5027,40.2507
1215,21.6427,20.0,192.715,42.088,97.72,0.0,621.973,2.442,23611.4,16928.8,55009.3,931.915,22.736,40.836
1230,21.8933,19.6667,192.992,41.9867,101.085,0.0,622.357,2.032,26817.9,15530.7,50667.5,881.493,23.248,41.3827
1245,22.0827,20.0667,194.315,42.1947,54.576,0.0,621.547,1.35333,19770.0,14798.8,32944.8,548.907,23.5867,41.012
1300,22.2667,20.8667,193.408,42.144,75.4787,0.0,621.461,1.92333,31959.0,17628.5,39323.6,779.797,23.676,39.948
1315,22.404,20.0,195.989,44.2747,46.3833,0.0,619.413,3.49133,26481.3,9138.18,22517.8,453.6,23.672,39.6213
1330,22.5707,20.0,195.179,44.816,106.339,0.0,619.669,4.00467,60603.1,13251.6,40602.3,975.584,23.388,41.7467
1345,22.776,20.9333,195.893,44.3333,95.3547,0.0,620.309,4.11267,63521.5,14564.0,36591.6,887.968,23.496,41.7413
1400,22.94,20.0667,195.147,44.2747,68.8773,0.0,619.627,3.63933,58329.8,10442.4,27912.9,709.227,23.564,40.9307
1415,23.0507,20.0,195.2,44.2027,68.1707,0.0,619.328,3.81667,53088.3,10929.8,26637.7,630.016,23.54,40.7933
1430,23.1667,19.6667,195.008,43.9867,82.3307,0.0,619.627,3.84267,86181.2,11760.6,26965.3,793.579,23.332,42.412
1445,23.284,19.0,194.581,44.856,55.1867,0.0,619.029,4.36,64981.7,9769.98,21082.8,560.235,23.2267,44.0347
1500,23.3533,19.0,195.115,44.4853,59.976,0.0,618.176,3.90533,73255.6,11459.2,19301.0,633.771,22.9093,44.4667
1515,23.4187,19.0,194.923,44.752,51.7493,0.0,618.56,4.45467,91368.1,10364.6,18776.7,680.363,22.8827,44.7893
1530,23.48,19.0,194.453,44.656,48.6053,0.0,618.603,4.23467,81999.2,10241.7,18804.7,601.365,22.5933,44.7733
1545,23.492,19.0,193.643,43.872,22.4493,0.0,617.664,3.90533,19249.8,9175.04,12727.3,236.075,22.024,45.0453
1600,23.452,18.8667,193.813,43.5253,20.742,0.0,616.512,3.33267,11281.7,8458.24,7913.13,162.549,21.492,46.5813
1615,23.4053,18.2,193.387,42.8533,21.0027,0.0,616.0,3.096,7999.49,7992.32,7870.46,136.608,20.9667,47.5093
1630,23.3587,18.0,192.917,42.6107,21.0673,0.266667,615.744,2.88133,5125.12,5820.42,5017.6,95.1227,20.5987,50.0107
1645,23.292,18.0,192.587,43.336,20.9207,0.133333,615.36,2.924,2802.69,3584.0,3139.58,55.0107,20.2493,53.552
1700,23.1987,17.4667,192.843,43.8667,20.7413,0.0,615.36,2.118,1591.3,2186.24,2014.21,31.4413,20.0347,54.6267
1715,23.112,17.0,193.323,44.4347,20.9387,0.0,614.528,0.980667,766.976,1498.11,1548.29,21.8787,19.902,56.9573
1730,23.016,17.0,193.237,44.52,13.5073,0.0666667,614.976,2.12067,0.0,301.056,71.68,11.3373,19.8627,52.408
1745,22.936,17.0,193.355,44.536,11.524,1.0,614.187,2.144,0.0,0.0,0.0,2.39467,19.4487,55.256
1800,22.8413,17.0,193.173,45.4267,11.5073,1.0,613.547,0.786667,0.0,0.0,0.0,0.663333,19.0367,61.1227
1815,22.736,16.6,193.259,46.416,11.426,1.0,613.12,1.104,0.0,0.0,0.0,5.66067,18.5773,65.7813
1830,22.5987,13.4667,192.448,47.144,11.524,1.0,613.12,1.08533,0.0,0.0,0.0,3.838,18.32,65.6053
1845,22.46,13.0,192.587,47.6587,11.6053,1.0,434.144,0.762,0.0,0.0,0.0,-0.066,18.2153,65.0907
1900,22.32,13.0,192.693,48.0267,11.4427,1.0,92.824,0.497333,0.0,0.0,0.0,-2.73,18.044,65.1013
1915,22.1973,13.0,193.141,48.0027,11.6053,1.0,18.704,0.488,0.0,0.0,0.0,-2.808,17.8533,65.0427
1930,22.0627,12.8667,192.565,48.1547,11.622,0.6,1.706,0.88,0.0,0.0,0.0,-2.574,17.6573,64.9227
1945,21.936,12.0,193.003,47.96,11.6053,0.4,1.266,0.892,0.0,0.0,0.0,-2.73,17.486,65.5973
2000,21.82,12.0,192.821,48.1147,11.6053,0.733333,1.31,0.573333,0.0,0.0,0.0,-2.73,17.3567,66.408
2015,21.6907,12.0,192.373,47.8693,11.7847,0.666667,1.222,0.595333,0.0,0.0,0.0,-3.042,17.1947,66.3413
2030,21.5627,12.0,192.117,47.672,11.524,1.0,1.002,0.324,0.0,0.0,0.0,-3.042,17.0547,66.8507
2045,21.4387,12.0,192.373,47.072,11.5073,0.466667,1.134,0.648,0.0,0.0,0.0,-3.042,16.9307,67.6027
2100,21.3,12.0,192.309,46.952,11.4427,0.0,1.134,0.610667,0.0,0.0,0.0,-2.418,16.8033,67.0187
2115,21.1733,12.0,192.373,46.8427,11.524,0.866667,1.046,0.623333,0.0,0.0,0.0,-3.02933,16.6673,66.9333
2130,21.0547,12.0,191.744,47.0853,11.6053,0.8,1.046,0.544667,0.0,0.0,0.0,-2.73,16.5047,67.5573
2145,20.924,12.0,191.819,47.088,11.4427,0.0,0.958,0.962,0.0,0.0,0.0,-2.73,16.3433,68.112
2200,20.82,12.0,192.533,47.3813,11.524,1.0,1.178,0.906,0.0,0.0,0.0,-2.808,16.2067,70.088
2215,20.6893,12.0,191.989,47.736,11.7033,1.0,1.046,1.32867,0.0,0.0,0.0,-3.12,16.0613,71.5867
2230,20.564,12.0,192.224,47.3653,11.524,0.733333,1.134,1.496,0.0,0.0,0.0,-2.886,15.928,71.7547
2245,20.448,12.0,192.171,47.4053,11.6867,1.0,0.958,2.37,0.0,0.0,0.0,-3.02933,15.7247,71.3493
2300,20.3147,12.0,191.765,47.3147,11.622,1.0,1.002,1.82,0.0,0.0,0.0,-2.964,15.3793,73.2293
2315,20.2,12.0,191.915,46.808,11.524,1.0,0.87,1.10733,0.0,0.0,0.0,-2.808,15.0773,74.904
2330,20.0607,12.0,191.563,46.4427,11.6867,1.0,0.738,0.92,0.0,0.0,0.0,-2.808,14.858,75.1467
2345,19.936,11.2667,191.755,45.8347,11.6053,0.4,0.738,1.41133,0.0,0.0,0.0,-2.418,14.7033,75.304
0,19.8127,11.0,191.488,46.072,11.524,0.266667,0.65,1.038,0.0,0.0,0.0,-2.964,14.5633,75.4587
15,19.676,11.0,191.275,45.56,11.7847,1.0,0.694,1.47067,0.0,0.0,0.0,-2.964,14.472,75.0773
30,19.5693,11.0,191.723,45.4613,11.6053,0.866667,0.65,0.666667,0.0,0.0,0.0,-2.652,14.3767,75.2587
45,19.4453,11.2,191.605,45.4693,11.768,0.0,0.65,0.791333,0.0,0.0,0.0,-2.808,14.238,75.3947
100,19.322,12.0,190.965,45.2133,11.524,0.0,0.65,0.527333,0.0,0.0,0.0,-2.808,14.08,75.7413
115,19.1967,12.0,191.605,45.2267,11.6053,0.0,0.65,0.916667,0.0,0.0,0.0,-2.652,13.96,75.8907
130,19.0787,11.8,191.189,45.5307,11.6867,0.0,0.65,1.12,0.0,0.0,0.0,-2.886,13.7847,75.8107
145,18.962,11.0,191.701,45.744,11.6053,0.0,0.65,1.03667,0.0,0.0,0.0,-2.496,13.6093,75.5867
200,18.8567,11.0,191.744,45.7573,11.7847,0.0,0.65,1.00067,0.0,0.0,0.0,-2.808,13.436,75.7813
215,18.7267,11.0,191.563,45.5573,11.7033,0.0,0.65,0.96,0.0,0.0,0.0,-2.808,13.2633,75.7147
230,18.6027,11.0,192.373,45.6667,11.4427,0.0,0.65,1.18267,0.0,0.0,0.0,-2.73,13.106,74.8293
245,18.4807,11.0,191.68,45.192,11.7033,0.0,0.65,0.923333,0.0,0.0,0.0,-2.652,12.9567,74.6347
300,18.3427,11.0,192.075,45.0347,11.768,0.0,0.65,0.473333,0.0,0.0,0.0,-2.886,12.8533,74.4747
315,18.228,11.0,192.064,45.1573,11.6053,0.0,0.65,0.536667,0.0,0.0,0.0,-2.34,12.7147,74.6827
330,18.0973,11.0,191.595,45.1893,11.7847,0.0,0.65,0.362,0.0,0.0,0.0,-2.73,12.6133,74.5413
345,17.9867,11.0,192.171,45.3653,11.7033,0.0,0.65,1.08133,0.0,0.0,0.0,-2.34,12.5533,73.944
400,17.8687,11.0,191.893,45.6213,11.9473,0.0,0.65,1.004,0.0,0.0,0.0,-2.418,12.476,73.6853
415,17.77,11.0,192.0,45.5067,11.768,0.0,0.65,1.30867,0.0,0.0,0.0,-2.652,12.374,73.688
430,17.636,11.0,192.256,45.4027,11.6867,0.0,1.046,1.26333,0.0,0.0,0.0,-2.73,12.2967,73.8667
445,17.534,11.0,191.563,45.5947,11.9473,0.0,11.458,0.956667,0.0,0.0,0.0,-2.574,12.2053,74.6293
500,17.4447,11.0,191.989,45.8827,11.6867,0.0,261.715,1.24267,0.0,0.0,0.0,-2.20933,12.0827,74.4747
515,17.3453,11.0,192.309,45.7467,11.67,0.0,611.755,0.636,293.888,2795.18,329.728,2.914,12.004,74.4667
530,17.228,11.2,192.011,45.6933,21.0833,0.0,612.821,0.339333,5297.15,30979.4,4652.03,25.9953,11.9333,74.9573
545,17.1433,11.7333,191.733,45.832,21.392,0.0,614.101,0.596,7691.26,44754.3,6687.74,59.0,11.9787,73.9627
600,17.064,12.0,192.373,45.8933,21.1487,0.0,615.509,0.708667,9562.11,56276.3,8343.55,104.011,12.0967,73.08
615,17.0233,11.0667,192.629,46.0427,21.3927,0.0,616.299,1.30467,10599.8,62939.1,9246.72,151.136,12.2507,72.3893
630,16.9833,11.0,192.565,46.2613,21.426,0.0,616.939,1.69533,11222.4,67690.5,10028.0,202.731,12.4527,70.696
645,16.9833,11.5333,192.853,46.5787,21.5547,0.0,617.493,1.66133,11472.2,72111.4,11086.5,253.312,12.6947,69.3013
700,16.9833,12.7333,192.416,46.544,21.3287,0.0,618.176,1.69133,11492.7,76526.9,13092.9,304.395,12.9673,67.944
715,17.02,13.0,192.405,46.912,28.2133,0.0,618.859,1.60933,11492.7,80063.1,15644.7,356.587,13.3227,67.456
730,17.06,13.1333,192.096,47.0933,31.3867,0.0,619.413,1.90067,11611.5,81906.3,19392.5,408.811,13.7,66.5813
745,17.14,14.0,192.171,47.1547,40.8347,0.0,619.84,2.08733,11619.0,83148.8,24105.0,459.947,14.1053,65.816
800,17.2427,14.0,192.523,47.048,41.6773,0.0,620.437,1.35867,11700.9,83768.7,29457.1,509.333,14.566,65.0133
815,17.3573,14.0,192.704,47.304,50.3533,0.0,620.864,1.99467,11853.8,84607.0,35171.0,558.805,15.066,64.264
830,17.5013,14.0,192.544,47.4,51.736,0.0,620.736,2.42067,12124.8,84978.3,40546.3,608.384,15.6033,62.632
845,17.666,14.7333,192.981,47.336,51.7227,0.0,621.163,1.91867,12038.8,87638.0,44709.2,654.485,16.154,61.5147
900,17.8627,15.0,192.715,47.2853,66.7973,0.0,621.76,2.48,11486.9,83902.5,46034.9,696.789,16.778,60.1413
915,18.0827,15.0,193.088,47.0747,81.664,0.0,621.504,3.43067,11552.1,84243.8,50227.9,739.072,17.2513,58.3067
930,18.3207,15.0,193.6,46.9813,81.7227,0.0,621.547,2.25867,11057.8,78848.0,52207.6,774.528,17.7773,57.7067
945,18.5793,15.9333,193.525,46.7867,79.3813,0.0,622.443,1.58733,10964.3,71647.2,53603.0,806.272,18.3647,56.9867
1000,18.8253,16.0,193.675,46.6107,77.3787,0.0,622.357,2.03667,10893.0,60756.7,53521.1,791.648,18.9373,55.8667
1015,19.0793,16.7333,193.675,46.4133,80.2027,0.0,622.272,2.34667,12770.3,49688.6,56326.8,847.936,19.412,54.1307
1030,19.3493,17.7333,193.589,46.2053,79.5613,0.0,621.632,1.952,12133.0,36446.2,48382.6,786.155,19.8127,53.0853
1045,19.5493,18.0,194.667,46.224,54.866,0.0,620.565,1.94067,9274.37,18890.8,35313.0,531.413,20.0413,52.248
1100,19.7967,18.0,193.995,45.968,98.9373,0.0,621.845,2.74133,13337.9,23279.6,52789.9,924.757,20.3647,51.1467
1115,20.0687,18.0,193.568,45.6773,109.637,0.0,622.187,3.05,14598.5,22744.4,61371.7,1022.74,20.8213,48.5253
1130,20.3233,18.0,193.717,45.4267,81.308,0.0,621.845,2.15933,12118.7,16526.0,43303.6,757.333,21.404,49.3013
1145,20.5613,18.7333,194.112,45.2053,111.797,0.0,622.315,2.39667,15029.6,18978.8,57008.1,1049.17,21.8893,48.1467
1200,20.8307,19.0,193.995,44.816,86.28,0.0,622.699,1.64667,18004.0,16124.6,46073.2,876.992,22.5093,46.7707
1215,21.06,19.0,194.293,45.04,90.0507,0.0,622.059,1.87733,17902.3,16777.9,47677.4,865.109,22.796,46.4107
1230,21.32,19.0,194.411,44.6667,59.7267,0.0,621.803,1.926,20101.8,11316.9,35388.8,608.629,23.1013,43.3133
1245,21.512,19.6667,194.411,44.3573,90.064,0.0,621.504,1.65933,26092.9,14298.5,42336.3,880.704,23.2107,44.324
1300,21.7453,19.6,194.187,43.8373,65.3067,0.0,621.675,1.97733,25712.6,11647.0,31193.1,668.203,23.5573,43.448
1315,21.908,19.0,193.973,43.656,75.9867,0.0,620.864,2.30467,35159.4,12083.5,33822.0,729.227,23.6067,40.6267
1330,22.1093,19.1333,193.899,42.8533,83.036,0.0,621.632,1.88867,47801.7,11410.4,33214.5,801.621,23.8787,42.1307
1345,22.2667,19.9333,193.237,42.6107,50.3693,0.0,620.608,3.238,33347.6,12907.2,21790.0,515.307,24.0293,38.1853
1400,22.4293,20.0,193.451,42.4453,68.9693,0.0,620.523,2.714,58800.1,13601.8,25225.9,712.288,23.9613,38.9333
1415,22.6067,20.1333,193.483,41.7667,81.5813,0.0,620.992,3.824,85849.4,11058.5,26241.7,869.12,24.0253,36.9467
1430,22.7893,20.6667,193.931,40.9693,81.664,0.0,621.12,2.99133,91706.7,9239.55,22771.0,822.656,24.2347,37.656
1445,22.9587,21.0,193.44,40.1387,78.0187,0.0,621.717,2.698,92678.8,9483.26,20290.2,785.952,24.4653,36.2107
1500,23.092,21.0,194.219,39.808,61.668,0.0,621.035,3.082,72768.9,7920.64,16491.5,606.869,24.54,35.4653
1515,23.176,21.0,193.205,40.16,21.1647,0.0,618.645,2.76067,15258.3,5376.0,8880.81,184.475,24.3373,32.468
1530,23.22,21.0,194.101,40.364,37.1587,0.0,618.773,2.02533,34415.3,9762.13,13395.6,340.587,24.0427,34.8293
1545,23.292,21.0,193.525,40.1613,24.8907,0.0,618.048,2.13,23564.3,9418.41,10665.6,236.373,23.876,33.6413
1600,23.3507,21.0,193.483,39.6027,40.5307,0.0,619.755,2.73133,83196.6,16075.4,18303.0,611.179,23.724,35.0547
1615,23.3853,21.0,193.419,39.3507,22.4027,0.0,619.755,2.442,86917.1,12017.7,13766.7,516.224,23.648,34.7187
1630,23.3947,21.0,192.576,39.3227,20.822,0.0,619.243,2.398,82217.6,9812.99,11775.0,443.989,23.4787,33.42
1645,23.392,21.0,192.373,39.0373,21.182,0.0,618.901,2.30933,55324.7,7081.98,9023.83,281.237,23.2467,33.1947
1700,23.392,21.0,192.768,39.1293,21.1653,0.0,618.56,2.02067,76050.4,9339.9,11724.1,331.728,23.0453,33.4267
1715,23.3613,21.0,193.131,39.1907,21.0827,0.0,618.005,2.24533,20065.3,5390.34,5110.44,122.563,22.88,33.4347
1730,23.344,21.0,192.981,39.08,20.6607,0.0,616.811,1.73933,6185.98,5433.34,4221.95,60.184,22.7213,33.9973
1745,23.308,21.0,192.683,38.872,21.1013,0.0,616.64,1.314,4945.92,4221.95,4967.42,55.5067,22.5533,35.0667
1800,23.2613,21.0,192.789,38.5413,20.822,0.0,616.64,0.580667,4630.53,3067.9,3232.77,42.816,22.3973,35.196
1815,23.2067,21.0,192.16,38.5253,20.904,0.0,616.512,0.370667,4508.67,2903.04,2723.84,37.288,22.208,36.0493
1830,23.164,20.8667,192.501,38.4547,20.8233,0.0,616.043,0.896,2888.7,2014.21,1942.53,25.5773,22.0067,36.34
1845,23.1067,20.1333,192.8,38.4227,14.5307,0.0,616.0,0.685333,1512.45,831.488,967.68,11.4667,21.824,36.7827
1900,23.0427,20.6,193.28,38.7533,11.524,0.0,504.405,1.488,0.0,0.0,0.0,-1.378,21.6733,37.1867
1915,22.976,19.1333,193.344,38.7853,11.6053,0.0,105.253,1.24733,0.0,0.0,0.0,-3.316,21.4667,37.056
1930,22.9107,18.8667,193.088,38.704,11.6053,0.0,7.11067,0.654667,0.0,0.0,0.0,-3.17267,21.1893,38.1013
1945,22.8347,18.0,193.632,39.9027,11.6053,0.0,1.046,1.21133,0.0,0.0,0.0,-3.316,20.924,44.608
2000,22.7573,17.2667,193.749,41.0947,11.622,0.0,0.65,0.989333,0.0,0.0,0.0,-3.38133,20.6493,47.9947
2015,22.692,17.0,193.963,41.9093,11.328,0.0,0.65,1.13467,0.0,0.0,0.0,-3.238,20.396,49.568
2030,22.5893,16.2667,194.08,42.5867,11.6053,0.0,0.694,0.28,0.0,0.0,0.0,-3.10733,20.0807,50.9707
2045,22.512,16.0,194.667,43.112,11.5407,0.0,0.65,0.358667,0.0,0.0,0.0,-3.12,19.7807,52.0907
2100,22.4133,16.0,194.965,43.6,11.426,0.0,0.65,0.296,0.0,0.0,0.0,-3.25067,19.5167,53.128
2115,22.3147,15.0667,194.891,44.136,11.4427,0.0,0.65,0.0546667,0.0,0.0,0.0,-3.10733,19.312,54.3013
2130,22.212,15.0,194.816,44.5173,11.7033,0.0,0.694,0.036,0.0,0.0,0.0,-3.12,19.0007,55.5147
2145,22.1213,15.7333,195.765,44.7947,11.6053,0.0,0.65,0.0493333,0.0,0.0,0.0,-2.964,18.7433,56.4133
2200,22.0213,15.4667,195.947,45.0907,11.6053,0.0,0.65,0.197333,0.0,0.0,0.0,-2.886,18.4927,57.1467
2215,21.9093,15.0,196.416,45.3173,11.5073,0.0,0.65,0.142,0.0,0.0,0.0,-2.964,18.282,57.784
2230,21.8147,14.4667,197.504,45.488,11.622,0.0,0.65,0.0,0.0,0.0,0.0,-3.10733,18.0733,57.856
2245,21.7027,14.0,197.376,45.608,11.5073,0.0,0.65,0.308667,0.0,0.0,0.0,-2.886,17.916,57.4613
2300,21.5827,14.0,196.971,45.464,11.426,0.0,0.65,0.586667,0.0,0.0,0.0,-2.886,17.7573,55.5413
2315,21.496,14.0,197.749,44.7627,11.7033,0.0,0.65,0.332,0.0,0.0,0.0,-2.964,17.548,53.048
2330,21.396,14.0,196.917,44.2187,11.524,0.0,0.65,0.168,0.0,0.0,0.0,-3.042,17.3587,51.3813
2345,21.26,13.2,195.989,44.064,11.8827,0.0,0.65,0.142667,0.0,0.0,0.0,-2.886,17.1233,52.888
0,21.1413,13.0,195.893,43.92,11.328,0.0,0.65,0.709333,0.0,0.0,0.0,-2.964,16.94,52.3813
15,21.024,12.2667,195.861,43.8507,11.524,0.0,0.65,0.127333,0.0,0.0,0.0,-2.964,16.7467,51.904
30,20.9013,12.0,195.925,43.6293,11.524,0.0,0.65,0.756667,0.0,0.0,0.0,-2.886,16.528,52.0267
45,20.7867,12.0,195.477,43.4613,11.67,0.0,0.65,0.653333,0.0,0.0,0.0,-2.574,16.2587,52.8427
100,20.688,12.0,194.507,43.32,11.524,0.0,0.65,0.845333,0.0,0.0,0.0,-2.73,16.0847,52.704
115,20.564,12.0,194.837,43.1733,11.7033,0.0,0.65,1.016,0.0,0.0,0.0,-2.964,15.9527,52.5787
130,20.452,12.0,194.539,43.0933,11.524,0.0,0.65,0.557333,0.0,0.0,0.0,-2.73,15.8093,52.8187
145,20.322,11.0667,194.699,43.0213,11.7033,0.0,0.65,0.648,0.0,0.0,0.0,-2.808,15.6967,52.8267
200,20.1927,11.0,194.517,42.9973,11.524,0.0,0.65,0.375333,0.0,0.0,0.0,-2.73,15.5813,52.872
215,20.0893,11.0,194.027,42.9867,11.6867,0.0,0.65,0.734,0.0,0.0,0.0,-2.652,15.4293,53.3493
230,19.984,11.0,194.005,42.9707,11.6053,0.0,0.65,0.775333,0.0,0.0,0.0,-2.886,15.254,53.3947
245,19.87,11.0,193.856,42.9947,11.7033,0.0,0.694,0.052,0.0,0.0,0.0,-2.73,15.0273,54.44
300,19.746,11.0,193.973,43.032,11.524,0.0,0.65,0.0,0.0,0.0,0.0,-2.73,14.7847,55.6133
315,19.6167,11.0,194.699,43.1253,11.524,0.0,0.65,0.331333,0.0,0.0,0.0,-2.73,14.5227,56.2267
330,19.5133,11.0,194.069,43.104,11.7847,0.0,0.65,0.160667,0.0,0.0,0.0,-2.574,14.3327,56.12
345,19.3733,10.4667,194.197,43.096,11.622,0.0,0.606667,0.0,0.0,0.0,0.0,-2.73,14.1733,57.1787
400,19.2713,10.0,194.773,43.184,11.5073,0.0,0.65,0.0,0.0,0.0,0.0,-2.886,14.0027,57.3067
415,19.1473,10.0,194.4,43.1573,11.7847,0.0,0.65,0.186,0.0,0.0,0.0,-2.808,13.94,56.7173
430,19.0227,10.0,194.709,43.1093,11.8827,0.0,1.31,0.0,0.0,0.0,0.0,-2.79533,13.812,57.3813
445,18.9147,10.0,194.176,43.1573,11.426,0.0,19.3173,0.0,0.0,0.0,0.0,-2.808,13.6267,58.1227
500,18.8153,10.0,194.325,43.1707,11.9473,0.0,358.459,0.0,0.0,0.0,0.0,-1.936,13.534,57.4773
515,18.706,10.0,195.296,43.1013,12.808,0.0,612.48,0.0,580.608,4092.59,516.096,4.24133,13.4433,57.3147
530,18.5933,10.0,194.848,43.1227,21.3273,0.0,613.504,0.036,5849.09,34254.8,5125.12,29.3427,13.3773,57.5467
545,18.53,9.06667,193.589,43.0827,21.0847,0.0,615.061,0.0,8214.53,48013.3,7261.18,63.6427,13.358,57.5493
600,18.442,9.0,194.848,43.0453,21.1653,0.0,616.384,0.0,9683.97,57390.4,8479.74,104.763,13.3813,57.8507
615,18.3733,9.0,194.848,43.0747,21.67,0.0,617.195,0.0386667,10842.5,64460.1,9454.59,153.291,13.4673,57.5253
630,18.3467,9.73333,194.443,43.0827,21.2293,0.0,618.304,0.202,11480.4,69042.2,10257.1,204.373,13.6553,56.456
645,18.3193,10.7333,194.667,43.1093,21.508,0.0,618.901,0.189333,11774.6,73408.5,11300.9,255.147,13.9173,55.2
700,18.302,11.6667,194.112,43.224,21.49,0.0,619.456,0.542,11797.2,77635.6,13172.1,306.773,14.1907,54.264
715,18.3127,13.0,194.293,43.312,30.0033,0.0,619.84,0.805333,11714.6,80764.9,15603.7,358.955,14.568,53.3893
730,18.3633,13.1333,194.848,43.368,31.2893,0.0,620.48,1.30733,11789.7,82537.1,19121.5,410.219,14.9913,52.4773
745,18.4246,14.0,194.166,43.3815,41.3877,0.0,620.825,1.13615,11757.9,83627.7,23531.5,459.52,15.4631,51.9231
800,18.5367,14.3333,194.08,43.3547,41.4173,0.0,621.504,1.06533,11819.7,84481.4,28725.2,510.549,16.054,51.4427
815,18.64,14.8,194.443,43.2507,48.964,0.0,622.187,1.226,11861.3,85153.1,34156.5,558.699,16.66,50.696
830,18.784,15.0,194.667,43.0987,51.8027,0.0,622.485,0.911333,11929.6,85611.9,39381.7,606.784,17.326,49.576
845,18.9547,15.7333,194.037,42.928,51.5707,0.0,623.424,0.358,11922.8,88828.6,43186.9,650.155,17.99,48.6213
900,19.1607,16.0,194.848,42.648,63.3973,0.0,623.381,0.992,11767.8,87228.4,46492.3,693.376,18.7433,46.6987
915,19.41,16.2,195.008,42.4373,81.4827,0.0,623.211,0.808,11509.8,85330.6,49094.7,733.952,19.3573,45.6213
930,19.6533,17.1333,195.36,42.2933,81.7413,0.0,623.509,0.785333,10935.3,79719.1,51090.8,772.053,19.8793,44.8347
945,19.92,17.8667,196.032,42.104,81.7413,0.0,624.107,0.829333,10585.4,73143.6,52385.1,803.157,20.4087,44.584
1000,20.186,18.0,196.011,42.0053,81.824,0.0,623.339,1.57267,9999.36,63228.6,53357.2,836.907,20.9493,43.656
1015,20.4453,18.6667,196.821,42.744,81.76,0.0,622.571,2.472,10063.9,50438.1,54007.1,868.608,21.512,42.6507
1030,20.692,19.0,196.331,42.792,81.744,0.0,621.845,2.89067,9296.9,38940.7,54282.9,892.629,21.9467,41.9347
1045,20.952,19.8,196.693,42.8053,81.5813,0.0,621.76,2.664,8974.34,29802.5,53908.8,912.341,22.412,41.764
1100,21.1827,20.0,196.16,43.2027,81.7413,0.0,621.675,3.02467,8852.48,22444.7,53133.3,927.445,22.8053,40.8
1115,21.444,20.0,196.864,43.2533,81.9013,0.0,621.12,3.35067,8802.3,17609.4,52226.7,943.573,23.2093,38.392
1130,21.7067,20.0,196.405,42.9867,81.744,0.0,621.12,2.65733,8888.32,15315.6,50877.8,950.485,23.7987,35.968
1145,21.9453,20.0,197.333,42.784,81.2613,0.0,621.12,2.91,9848.83,13630.1,49703.6,966.272,24.1093,35.0613
1200,22.1853,20.0,197.536,42.6693,81.584,0.0,621.163,2.62,10979.3,11023.0,47540.9,960.256,24.5227,33.5973
1215,22.3893,20.0,197.227,42.76,81.3227,0.0,621.12,2.85667,12784.3,10013.7,45140.7,953.173,24.6427,33.388
1230,22.5813,20.0,197.728,42.9787,81.424,0.0,621.163,2.91,16964.3,9583.62,43409.4,956.587,24.7827,33.596
1245,22.7707,21.4667,197.269,43.2693,81.424,0.0,620.949,3.32933,23879.0,8615.94,41443.3,953.472,24.8907,34.0293
1300,22.9627,21.3333,197.344,43.2453,81.2613,0.0,620.565,3.094,34011.8,8035.33,39329.8,948.011,25.0133,33.94
1315,23.144,21.0,197.728,43.3547,81.3227,0.0,620.48,3.37333,42741.8,7633.92,36312.4,926.891,25.1307,33.9387
1330,23.2973,20.8667,197.856,43.3653,81.1627,0.0,620.48,3.164,52538.0,7562.24,33497.1,905.899,25.2347,33.6027
1345,23.424,20.0,197.824,43.3173,81.4213,0.0,620.352,3.222,64727.7,7748.61,30945.3,883.712,25.6547,32.432
1400,23.5853,20.1333,197.76,43.2693,81.2427,0.0,620.224,2.93533,74620.9,7934.98,28392.1,848.811,25.7747,33.4467
1415,23.72,20.7333,197.888,43.1253,68.6373,0.0,619.84,2.94133,75112.4,7884.8,24954.2,761.045,26.1107,33.28
1430,23.844,20.3333,197.792,42.4827,70.312,0.0,619.755,3.108,79312.2,9117.7,24911.9,743.36,26.0653,32.2973
1445,23.9573,20.0,198.24,41.7053,65.0933,0.0,619.371,3.02933,83517.4,9440.26,22887.1,712.171,25.4573,33.856
1500,24.068,20.0,198.144,41.3467,56.808,0.0,619.328,2.93333,83954.3,9626.62,22230.4,689.109,25.3773,35.1453
1515,24.164,20.0,197.28,40.1933,51.144,0.0,618.901,2.87533,80816.8,9920.51,20139.3,639.232,24.3587,37.652
1530,24.2213,20.0,197.12,40.648,51.1733,0.0,618.773,3.13333,85336.1,10020.9,18633.4,635.755,23.4787,40.904
1545,24.284,19.2667,196.896,40.0987,44.6,0.0,618.56,2.056,82482.5,9282.56,15781.2,583.488,22.82,42.8347
1600,24.3,19.0,196.949,40.3107,34.1813,0.0,618.56,2.71733,85655.6,8838.14,13510.0,545.771,22.2413,43.8133
1615,24.28,19.0,195.925,40.036,20.904,0.0,618.133,3.046,83258.0,8157.18,11366.4,486.997,21.6253,43.392
1630,24.2493,19.0,195.307,39.7507,20.986,0.0,617.92,2.584,80598.4,8064.0,10936.3,435.755,21.1933,44.68
1645,24.1893,19.0,194.805,39.6947,21.002,0.0,617.92,2.288,77753.0,8114.18,11264.7,379.84,20.8707,45.6373
1700,24.124,18.6667,194.293,39.88,20.8233,0.0,617.451,2.00533,74984.1,8451.07,11309.7,326.24,20.6347,47.2107
1715,24.0733,18.0,194.923,40.2027,20.986,0.0,617.024,2.06067,34231.3,6816.77,6794.58,176.573,20.466,48.3733
1730,24.0133,18.0,194.763,40.6333,20.6607,0.0,615.915,2.19333,3978.24,4200.45,3118.08,49.776,20.25,49.1547
1745,23.9427,18.0,194.283,40.808,20.8227,0.0,615.36,2.12133,3949.57,3605.5,3254.27,47.9627,20.0073,49.8613
1800,23.8507,18.0,194.027,41.176,21.246,0.0,615.296,2.28067,3684.35,3247.1,2680.83,45.8907,19.8227,50.7467
1815,23.764,18.0,193.877,41.4507,20.6607,0.0,614.784,2.25267,2408.45,2243.58,1763.33,28.7293,19.566,51.8827
1830,23.6587,17.6667,194.944,41.8347,20.9047,0.0,614.4,1.764,1584.13,1283.07,1197.06,16.26,19.342,53.952
1845,23.568,17.1333,194.485,42.224,15.2307,0.0,614.4,1.15533,996.352,222.208,215.04,7.56133,19.18,55.3573
1900,23.476,17.8667,194.176,42.6053,11.426,0.0,610.027,0.694,0.0,0.0,0.0,-1.10467,19.052,56.224
1915,23.384,17.0,194.987,42.9173,11.3927,0.0,157.256,1.02067,0.0,0.0,0.0,-3.09467,18.824,57.4107
1930,23.296,17.0,194.699,43.232,11.5407,0.0,6.97867,0.596,0.0,0.0,0.0,-3.12,18.6347,58.6213
1945,23.2053,17.0,195.179,43.5387,11.4093,0.0,1.002,0.584667,0.0,0.0,0.0,-3.18533,18.3687,59.8613
2000,23.0947,16.4667,195.819,43.7893,11.6867,0.0,0.65,0.594,0.0,0.0,0.0,-3.10733,18.23,59.5173
2015,22.98,16.0,195.456,43.9813,11.1653,0.0,0.738,0.321333,0.0,0.0,0.0,-3.10733,18.1647,60.192
2030,22.8893,16.0,196.459,44.0293,11.426,0.0,0.782,0.766,0.0,0.0,0.0,-3.18533,17.9653,60.8827
2045,22.7773,16.0,196.619,44.1947,11.4093,0.0,0.65,0.796,0.0,0.0,0.0,-2.886,17.8667,61.4373
2100,22.664,16.0,195.691,43.9787,11.3927,0.0,0.65,1.60733,0.0,0.0,0.0,-2.886,17.724,61.5493
2115,22.5493,16.0,196.384,44.0827,11.3447,0.0,0.738,1.542,0.0,0.0,0.0,-2.964,17.5813,61.5333
2130,22.4253,16.0,197.099,44.2587,11.622,0.0,0.65,0.656667,0.0,0.0,0.0,-2.964,17.412,62.304
2145,22.3187,16.0,196.288,44.0187,11.4093,0.0,0.694,1.09133,0.0,0.0,0.0,-3.12,17.2107,63.2987
2200,22.18,15.6667,196.885,43.76,11.6867,0.0,0.694,1.13933,0.0,0.0,0.0,-3.042,17.054,63.0187
2215,22.068,15.0,197.131,43.6427,11.28,0.0,0.65,1.29533,0.0,0.0,0.0,-2.886,16.8673,63.7173
2230,21.968,15.0,197.152,43.7093,11.6867,0.0,0.65,0.716667,0.0,0.0,0.0,-2.808,16.7207,63.9653
2245,21.84,15.0,197.163,43.4053,11.524,0.0,0.694,1.418,0.0,0.0,0.0,-2.886,16.64,63.1947
2300,21.7173,15.0,197.184,43.4907,11.6053,0.0,0.65,1.07667,0.0,0.0,0.0,-2.886,16.57,62.7547
2315,21.6053,15.0,195.989,43.2293,11.6867,0.0,0.694,1.748,0.0,0.0,0.0,-2.886,16.5267,61.7573
2330,21.4933,15.0,196.181,42.9227,11.622,0.0,0.65,1.512,0.0,0.0,0.0,-2.808,16.4313,61.768
2345,21.3827,14.3333,195.616,42.96,11.6053,0.0,0.65,1.622,0.0,0.0,0.0,-2.886,16.3627,61.408
0,21.2653,13.4667,195.211,43.1787,11.5073,0.0,0.65,0.934,0.0,0.0,0.0,-2.886,16.268,62.232
15,21.1569,13.0,195.188,43.2954,11.6623,0.0,0.65,0.413846,0.0,0.0,0.0,-3.03,16.1515,62.0308
30,21.0653,13.0,194.848,43.064,11.6053,0.0,0.65,1.07267,0.0,0.0,0.0,-3.042,16.0767,61.728
45,20.9413,13.0,194.763,43.128,11.622,0.0,0.65,0.758667,0.0,0.0,0.0,-2.886,15.9727,62.0293
100,20.8587,13.0,194.805,42.9253,11.5887,0.0,0.65,0.404667,0.0,0.0,0.0,-2.964,15.8993,62.04
115,20.756,13.0,194.912,42.8987,11.6867,0.0,0.65,0.402667,0.0,0.0,0.0,-2.886,15.8147,62.064
130,20.6707,13.0,194.368,42.992,11.524,0.0,0.65,0.036,0.0,0.0,0.0,-2.886,15.7167,62.2133
145,20.5707,12.4,195.029,43.08,11.6053,0.0,0.65,0.0,0.0,0.0,0.0,-2.808,15.5573,62.456
200,20.4847,11.8667,195.328,43.1307,11.6053,0.0,0.65,0.0,0.0,0.0,0.0,-2.574,15.312,62.5973
215,20.3867,11.0,195.413,43.0747,11.426,0.0,0.65,0.0,0.0,0.0,0.0,-3.042,15.102,62.896
230,20.2887,11.0,197.173,42.7147,11.6053,0.0,0.65,0.639333,0.0,0.0,0.0,-2.808,15.0433,62.72
245,20.1646,11.0,197.723,42.6277,11.7008,0.0,0.65,0.553846,0.0,0.0,0.0,-2.85,14.8946,62.9969
315,20.06,11.0,197.824,42.676,11.695,0.0,0.65,0.686,0.0,0.0,0.0,-2.769,14.758,63.236
330,19.8627,11.0,197.92,42.688,11.7033,0.0,0.65,0.861333,0.0,0.0,0.0,-2.73,14.5433,63.3653
345,19.7693,11.0,198.144,42.8053,11.6867,0.0,0.65,0.59,0.0,0.0,0.0,-2.808,14.4213,62.9707
400,19.6653,11.0,199.147,42.84,11.768,0.0,0.65,0.586,0.0,0.0,0.0,-2.496,14.3233,62.6
415,19.5613,11.0,199.285,42.736,11.7033,0.0,0.65,0.774667,0.0,0.0,0.0,-2.73,14.2127,62.7413
430,19.4413,11.0,199.36,42.6907,11.524,0.0,2.498,0.633333,0.0,0.0,0.0,-2.652,14.1,62.7787
500,19.2877,11.0,200.228,42.6831,11.6442,0.0,242.631,1.08308,0.0,0.0,0.0,-2.05462,13.8977,63.5369
515,19.1253,11.0,200.405,42.7787,12.4847,0.0,612.523,0.664667,322.56,2917.03,415.744,5.856,13.6847,63.232
530,19.016,11.0,200.885,42.8213,21.084,0.0,613.163,0.196667,3713.02,18452.8,3505.15,26.0607,13.644,62.4133
545,18.9467,11.0,200.928,42.7893,21.0207,0.0,614.229,0.13,7038.98,35670.7,6458.37,63.608,13.7027,61.8933
600,18.8833,11.0,200.288,42.7387,21.1473,0.0,615.872,0.497333,10392.2,52183.0,9769.64,123.936,13.874,61.2187
615,18.84,11.0,199.776,42.856,21.0033,0.0,617.067,0.22,10949.6,61197.0,11152.0,177.973,14.198,60.0853
630,18.8,11.0,199.424,43.016,21.85,0.0,617.067,0.295333,6636.54,35671.4,7454.38,124.496,14.4833,58.992
645,18.7713,11.7333,199.2,43.192,21.1653,0.0,618.133,0.174,11818.3,71188.5,12526.9,256.597,14.754,58.6213
700,18.786,12.0,199.435,43.3947,21.264,0.0,619.285,0.246,10836.3,69498.2,12597.9,281.568,15.202,57.696
715,18.8133,12.5333,200.107,43.344,28.1647,0.0,620.139,0.181333,11722.1,79102.0,15796.9,354.645,15.726,56.8613
730,18.86,13.0,200.149,43.6667,31.1107,0.0,621.248,0.34,11819.7,81240.1,19035.5,404.992,16.2693,55.8907
